﻿client_code,name,product,status,city,date,category,amount,currency
1,Айгерим,Карта для путешествий,зп,Алматы,2025-06-01 09:10:36,Такси,6424.48,KZT
1,Айгерим,Карта для путешествий,зп,Алматы,2025-06-01 09:15:49,Такси,2643.9,KZT
1,Айгерим,Карта для путешествий,зп,Алматы,2025-06-01 13:10:49,Смотрим дома,4716.59,KZT
1,Айгерим,Карта для путешествий,зп,Алматы,2025-06-01 15:40:10,Такси,3669.43,KZT
1,Айгерим,Карта для путешествий,зп,Алматы,2025-06-01 17:40:30,Играем дома,5095.03,KZT
1,Айгерим,Карта для путешествий,зп,Алматы,2025-06-02 08:30:08,Смотрим дома,4043.14,KZT
1,Айгерим,Карта для путешествий,зп,Алматы,2025-06-02 08:40:51,Играем дома,5377.36,KZT
1,Айгерим,Карта для путешествий,зп,Алматы,2025-06-02 12:10:21,Продукты питания,18848.85,KZT
1,Айгерим,Карта для путешествий,зп,Алматы,2025-06-04 11:50:37,Такси,5541.49,KZT
1,Айгерим,Карта для путешествий,зп,Алматы,2025-06-04 12:10:35,Продукты питания,12139.34,KZT
1,Айгерим,Карта для путешествий,зп,Алматы,2025-06-04 17:00:10,Едим дома,4610.16,KZT
1,Айгерим,Карта для путешествий,зп,Алматы,2025-06-04 17:00:58,Кафе и рестораны,5635.01,KZT
1,Айгерим,Карта для путешествий,зп,Алматы,2025-06-04 17:40:05,Кафе и рестораны,5029.07,KZT
1,Айгерим,Карта для путешествий,зп,Алматы,2025-06-04 19:00:08,Кафе и рестораны,15408.79,KZT
1,Айгерим,Карта для путешествий,зп,Алматы,2025-06-05 19:00:39,Кафе и рестораны,5780.32,KZT
1,Айгерим,Карта для путешествий,зп,Алматы,2025-06-07 08:20:04,Такси,3914.26,KZT
1,Айгерим,Карта для путешествий,зп,Алматы,2025-06-07 12:10:37,Продукты питания,8455.81,KZT
1,Айгерим,Карта для путешествий,зп,Алматы,2025-06-08 11:00:21,Играем дома,6371.07,KZT
1,Айгерим,Карта для путешествий,зп,Алматы,2025-06-08 12:10:04,Продукты питания,18377.32,KZT
1,Айгерим,Карта для путешествий,зп,Алматы,2025-06-09 09:15:57,Такси,2804.57,KZT
1,Айгерим,Карта для путешествий,зп,Алматы,2025-06-09 09:40:39,Смотрим дома,3120.13,KZT
1,Айгерим,Карта для путешествий,зп,Алматы,2025-06-09 11:50:51,Смотрим дома,4709.72,KZT
1,Айгерим,Карта для путешествий,зп,Алматы,2025-06-09 12:10:42,Продукты питания,16376.04,KZT
1,Айгерим,Карта для путешествий,зп,Алматы,2025-06-09 18:30:36,АЗС,11038.0,KZT
1,Айгерим,Карта для путешествий,зп,Алматы,2025-06-09 19:00:43,Кафе и рестораны,11841.11,KZT
1,Айгерим,Карта для путешествий,зп,Алматы,2025-06-10 09:15:01,Такси,4622.35,KZT
1,Айгерим,Карта для путешествий,зп,Алматы,2025-06-10 09:50:20,Кино,5475.53,KZT
1,Айгерим,Карта для путешествий,зп,Алматы,2025-06-10 11:30:08,Играем дома,3421.35,KZT
1,Айгерим,Карта для путешествий,зп,Алматы,2025-06-10 16:30:09,Кино,3663.96,KZT
1,Айгерим,Карта для путешествий,зп,Алматы,2025-06-10 17:20:07,Смотрим дома,4658.13,KZT
1,Айгерим,Карта для путешествий,зп,Алматы,2025-06-10 18:10:47,Такси,6021.04,KZT
1,Айгерим,Карта для путешествий,зп,Алматы,2025-06-10 19:40:03,Едим дома,5473.4,KZT
1,Айгерим,Карта для путешествий,зп,Алматы,2025-06-11 19:00:49,Кафе и рестораны,4871.81,KZT
1,Айгерим,Карта для путешествий,зп,Алматы,2025-06-12 09:15:23,Такси,5978.97,KZT
1,Айгерим,Карта для путешествий,зп,Алматы,2025-06-12 11:30:02,Кафе и рестораны,7584.76,KZT
1,Айгерим,Карта для путешествий,зп,Алматы,2025-06-12 13:10:51,Смотрим дома,2749.59,KZT
1,Айгерим,Карта для путешествий,зп,Алматы,2025-06-12 15:40:21,Кафе и рестораны,8826.48,KZT
1,Айгерим,Карта для путешествий,зп,Алматы,2025-06-12 15:40:36,Кино,3952.33,KZT
1,Айгерим,Карта для путешествий,зп,Алматы,2025-06-12 16:50:55,Играем дома,5907.11,KZT
1,Айгерим,Карта для путешествий,зп,Алматы,2025-06-12 17:30:34,Играем дома,4640.8,KZT
1,Айгерим,Карта для путешествий,зп,Алматы,2025-06-12 21:40:57,Смотрим дома,4246.22,KZT
1,Айгерим,Карта для путешествий,зп,Алматы,2025-06-14 08:30:08,Кино,4782.15,KZT
1,Айгерим,Карта для путешествий,зп,Алматы,2025-06-14 12:10:04,Продукты питания,16646.3,KZT
1,Айгерим,Карта для путешествий,зп,Алматы,2025-06-14 13:50:43,Смотрим дома,4223.9,KZT
1,Айгерим,Карта для путешествий,зп,Алматы,2025-06-14 17:00:14,Кино,4520.94,KZT
1,Айгерим,Карта для путешествий,зп,Алматы,2025-06-14 18:30:32,АЗС,21431.43,KZT
1,Айгерим,Карта для путешествий,зп,Алматы,2025-06-15 09:00:01,Кино,9591.56,KZT
1,Айгерим,Карта для путешествий,зп,Алматы,2025-06-15 09:50:32,Играем дома,4675.19,KZT
1,Айгерим,Карта для путешествий,зп,Алматы,2025-06-15 10:30:00,Путешествия,39623.64,KZT
1,Айгерим,Карта для путешествий,зп,Алматы,2025-06-15 12:10:12,Продукты питания,14803.48,KZT
1,Айгерим,Карта для путешествий,зп,Алматы,2025-06-15 15:50:24,Кино,4286.91,KZT
1,Айгерим,Карта для путешествий,зп,Алматы,2025-06-15 19:00:40,Кафе и рестораны,5725.94,KZT
1,Айгерим,Карта для путешествий,зп,Алматы,2025-06-16 12:10:58,Продукты питания,16157.1,KZT
1,Айгерим,Карта для путешествий,зп,Алматы,2025-06-16 16:50:01,Едим дома,4244.07,KZT
1,Айгерим,Карта для путешествий,зп,Алматы,2025-06-16 19:00:47,Кафе и рестораны,10877.42,KZT
1,Айгерим,Карта для путешествий,зп,Алматы,2025-06-16 20:30:38,Кино,8183.56,KZT
1,Айгерим,Карта для путешествий,зп,Алматы,2025-06-18 10:10:19,Играем дома,6379.4,KZT
1,Айгерим,Карта для путешествий,зп,Алматы,2025-06-18 12:10:45,Продукты питания,14858.45,KZT
1,Айгерим,Карта для путешествий,зп,Алматы,2025-06-18 15:50:07,Кафе и рестораны,5458.05,KZT
1,Айгерим,Карта для путешествий,зп,Алматы,2025-06-18 17:20:02,Кино,6678.0,KZT
1,Айгерим,Карта для путешествий,зп,Алматы,2025-06-18 19:10:33,Играем дома,5416.35,KZT
1,Айгерим,Карта для путешествий,зп,Алматы,2025-06-18 21:00:54,Кафе и рестораны,7686.93,KZT
1,Айгерим,Карта для путешествий,зп,Алматы,2025-06-18 21:40:44,Кино,6625.9,KZT
1,Айгерим,Карта для путешествий,зп,Алматы,2025-06-20 19:00:16,Кафе и рестораны,7548.57,KZT
1,Айгерим,Карта для путешествий,зп,Алматы,2025-06-21 12:10:45,Продукты питания,15885.65,KZT
1,Айгерим,Карта для путешествий,зп,Алматы,2025-06-21 13:20:19,Играем дома,4399.72,KZT
1,Айгерим,Карта для путешествий,зп,Алматы,2025-06-21 17:30:11,Кино,6341.25,KZT
1,Айгерим,Карта для путешествий,зп,Алматы,2025-06-21 19:40:41,Такси,7780.44,KZT
1,Айгерим,Карта для путешествий,зп,Алматы,2025-06-22 17:10:29,Кафе и рестораны,4178.18,KZT
1,Айгерим,Карта для путешествий,зп,Алматы,2025-06-22 19:00:52,Кафе и рестораны,6584.84,KZT
1,Айгерим,Карта для путешествий,зп,Алматы,2025-06-23 08:10:39,Такси,6050.63,KZT
1,Айгерим,Карта для путешествий,зп,Алматы,2025-06-23 12:10:19,Продукты питания,9627.08,KZT
1,Айгерим,Карта для путешествий,зп,Алматы,2025-06-23 16:30:48,Такси,3817.36,KZT
1,Айгерим,Карта для путешествий,зп,Алматы,2025-06-23 21:50:56,Играем дома,3309.81,KZT
1,Айгерим,Карта для путешествий,зп,Алматы,2025-06-24 12:10:26,Продукты питания,17239.49,KZT
1,Айгерим,Карта для путешествий,зп,Алматы,2025-06-24 19:00:26,Кафе и рестораны,3153.41,KZT
1,Айгерим,Карта для путешествий,зп,Алматы,2025-06-24 20:50:56,Смотрим дома,3574.59,KZT
1,Айгерим,Карта для путешествий,зп,Алматы,2025-06-25 08:30:33,Такси,5026.79,KZT
1,Айгерим,Карта для путешествий,зп,Алматы,2025-06-25 12:10:48,Продукты питания,22660.33,KZT
1,Айгерим,Карта для путешествий,зп,Алматы,2025-06-25 12:30:16,Едим дома,6525.71,KZT
1,Айгерим,Карта для путешествий,зп,Алматы,2025-06-25 13:30:03,Едим дома,7368.92,KZT
1,Айгерим,Карта для путешествий,зп,Алматы,2025-06-25 20:10:05,Играем дома,5699.58,KZT
1,Айгерим,Карта для путешествий,зп,Алматы,2025-06-27 09:15:40,Такси,3959.31,KZT
1,Айгерим,Карта для путешествий,зп,Алматы,2025-06-27 12:10:13,Продукты питания,16151.74,KZT
1,Айгерим,Карта для путешествий,зп,Алматы,2025-06-27 12:40:44,Кино,2935.11,KZT
1,Айгерим,Карта для путешествий,зп,Алматы,2025-06-27 13:00:38,Такси,8939.55,KZT
1,Айгерим,Карта для путешествий,зп,Алматы,2025-06-27 16:40:17,Едим дома,6754.99,KZT
1,Айгерим,Карта для путешествий,зп,Алматы,2025-06-28 12:10:40,Продукты питания,8221.22,KZT
1,Айгерим,Карта для путешествий,зп,Алматы,2025-06-28 14:30:35,Едим дома,3353.44,KZT
1,Айгерим,Карта для путешествий,зп,Алматы,2025-06-28 14:30:37,Кафе и рестораны,5387.6,KZT
1,Айгерим,Карта для путешествий,зп,Алматы,2025-06-28 19:00:34,Кафе и рестораны,9348.91,KZT
1,Айгерим,Карта для путешествий,зп,Алматы,2025-06-29 09:20:14,Едим дома,4901.95,KZT
1,Айгерим,Карта для путешествий,зп,Алматы,2025-06-29 10:10:58,Такси,3541.45,KZT
1,Айгерим,Карта для путешествий,зп,Алматы,2025-06-29 12:10:14,Продукты питания,21961.69,KZT
1,Айгерим,Карта для путешествий,зп,Алматы,2025-06-29 18:10:35,Играем дома,3534.68,KZT
1,Айгерим,Карта для путешествий,зп,Алматы,2025-06-29 19:00:20,Кафе и рестораны,8814.28,KZT
1,Айгерим,Карта для путешествий,зп,Алматы,2025-06-29 19:30:04,Едим дома,6940.88,KZT
1,Айгерим,Карта для путешествий,зп,Алматы,2025-06-30 09:15:39,Такси,2137.27,KZT
1,Айгерим,Карта для путешествий,зп,Алматы,2025-06-30 17:50:29,Кафе и рестораны,3203.46,KZT
1,Айгерим,Карта для путешествий,зп,Алматы,2025-06-30 18:20:10,Смотрим дома,6813.12,KZT
1,Айгерим,Карта для путешествий,зп,Алматы,2025-07-01 10:10:26,Смотрим дома,5018.62,KZT
1,Айгерим,Карта для путешествий,зп,Алматы,2025-07-01 12:10:56,Продукты питания,17391.09,KZT
1,Айгерим,Карта для путешествий,зп,Алматы,2025-07-01 15:30:10,Играем дома,4066.0,KZT
1,Айгерим,Карта для путешествий,зп,Алматы,2025-07-01 18:30:56,Играем дома,3820.19,KZT
1,Айгерим,Карта для путешествий,зп,Алматы,2025-07-01 19:00:37,Кафе и рестораны,11659.3,KZT
1,Айгерим,Карта для путешествий,зп,Алматы,2025-07-02 15:50:57,Кино,6873.2,KZT
1,Айгерим,Карта для путешествий,зп,Алматы,2025-07-02 16:40:45,Едим дома,4657.84,KZT
1,Айгерим,Карта для путешествий,зп,Алматы,2025-07-02 19:00:50,Кафе и рестораны,9388.82,KZT
1,Айгерим,Карта для путешествий,зп,Алматы,2025-07-02 20:20:59,Кино,3883.55,KZT
1,Айгерим,Карта для путешествий,зп,Алматы,2025-07-03 10:40:47,Такси,7019.52,KZT
1,Айгерим,Карта для путешествий,зп,Алматы,2025-07-03 18:30:06,Едим дома,5184.8,KZT
1,Айгерим,Карта для путешествий,зп,Алматы,2025-07-03 19:00:46,Кафе и рестораны,9283.14,KZT
1,Айгерим,Карта для путешествий,зп,Алматы,2025-07-04 12:10:11,Продукты питания,6927.04,KZT
1,Айгерим,Карта для путешествий,зп,Алматы,2025-07-04 13:30:39,Кино,6554.82,KZT
1,Айгерим,Карта для путешествий,зп,Алматы,2025-07-05 10:20:50,Едим дома,4583.72,KZT
1,Айгерим,Карта для путешествий,зп,Алматы,2025-07-05 12:10:20,Продукты питания,9387.69,KZT
1,Айгерим,Карта для путешествий,зп,Алматы,2025-07-05 13:10:59,Едим дома,4734.35,KZT
1,Айгерим,Карта для путешествий,зп,Алматы,2025-07-05 13:50:06,Играем дома,5857.22,KZT
1,Айгерим,Карта для путешествий,зп,Алматы,2025-07-06 12:10:25,Продукты питания,17842.63,KZT
1,Айгерим,Карта для путешествий,зп,Алматы,2025-07-06 14:40:08,Едим дома,4702.44,KZT
1,Айгерим,Карта для путешествий,зп,Алматы,2025-07-06 19:00:44,Кафе и рестораны,3858.98,KZT
1,Айгерим,Карта для путешествий,зп,Алматы,2025-07-07 09:15:13,Такси,3000.71,KZT
1,Айгерим,Карта для путешествий,зп,Алматы,2025-07-07 13:50:24,Смотрим дома,5414.69,KZT
1,Айгерим,Карта для путешествий,зп,Алматы,2025-07-07 16:30:50,Кафе и рестораны,6389.65,KZT
1,Айгерим,Карта для путешествий,зп,Алматы,2025-07-07 18:40:55,Играем дома,4591.02,KZT
1,Айгерим,Карта для путешествий,зп,Алматы,2025-07-07 21:50:15,Играем дома,4740.69,KZT
1,Айгерим,Карта для путешествий,зп,Алматы,2025-07-08 15:10:00,Кафе и рестораны,8784.71,KZT
1,Айгерим,Карта для путешествий,зп,Алматы,2025-07-08 15:50:11,Смотрим дома,8476.21,KZT
1,Айгерим,Карта для путешествий,зп,Алматы,2025-07-08 19:00:21,Кафе и рестораны,12658.34,KZT
1,Айгерим,Карта для путешествий,зп,Алматы,2025-07-08 19:30:34,Кафе и рестораны,5755.38,KZT
1,Айгерим,Карта для путешествий,зп,Алматы,2025-07-09 08:10:09,Едим дома,2717.16,KZT
1,Айгерим,Карта для путешествий,зп,Алматы,2025-07-09 09:40:56,Кино,6103.59,KZT
1,Айгерим,Карта для путешествий,зп,Алматы,2025-07-09 12:10:17,Продукты питания,13841.12,KZT
1,Айгерим,Карта для путешествий,зп,Алматы,2025-07-09 17:40:32,Едим дома,5772.21,KZT
1,Айгерим,Карта для путешествий,зп,Алматы,2025-07-09 17:50:54,Такси,7217.36,KZT
1,Айгерим,Карта для путешествий,зп,Алматы,2025-07-09 21:10:49,Кино,2939.67,KZT
1,Айгерим,Карта для путешествий,зп,Алматы,2025-07-11 10:40:36,Такси,8042.65,KZT
1,Айгерим,Карта для путешествий,зп,Алматы,2025-07-11 14:20:28,Кино,6299.68,KZT
1,Айгерим,Карта для путешествий,зп,Алматы,2025-07-11 19:00:22,Кафе и рестораны,4242.36,KZT
1,Айгерим,Карта для путешествий,зп,Алматы,2025-07-12 10:10:31,Кафе и рестораны,6243.77,KZT
1,Айгерим,Карта для путешествий,зп,Алматы,2025-07-12 11:10:50,Кафе и рестораны,6522.12,KZT
1,Айгерим,Карта для путешествий,зп,Алматы,2025-07-12 12:10:49,Продукты питания,11889.36,KZT
1,Айгерим,Карта для путешествий,зп,Алматы,2025-07-13 12:10:22,Продукты питания,13000.6,KZT
1,Айгерим,Карта для путешествий,зп,Алматы,2025-07-13 13:50:51,Кафе и рестораны,3559.38,KZT
1,Айгерим,Карта для путешествий,зп,Алматы,2025-07-16 08:50:24,Смотрим дома,5874.77,KZT
1,Айгерим,Карта для путешествий,зп,Алматы,2025-07-16 19:00:15,Кафе и рестораны,9694.45,KZT
1,Айгерим,Карта для путешествий,зп,Алматы,2025-07-17 12:10:14,Продукты питания,27487.75,KZT
1,Айгерим,Карта для путешествий,зп,Алматы,2025-07-18 12:10:43,Продукты питания,5753.03,KZT
1,Айгерим,Карта для путешествий,зп,Алматы,2025-07-18 18:00:51,Играем дома,6771.59,KZT
1,Айгерим,Карта для путешествий,зп,Алматы,2025-07-18 19:00:11,Кафе и рестораны,10633.24,KZT
1,Айгерим,Карта для путешествий,зп,Алматы,2025-07-18 21:50:49,Кафе и рестораны,6883.78,KZT
1,Айгерим,Карта для путешествий,зп,Алматы,2025-07-19 06:30:27,Такси,8417.68,KZT
1,Айгерим,Карта для путешествий,зп,Алматы,2025-07-19 09:00:34,Путешествия,85858.72,KZT
1,Айгерим,Карта для путешествий,зп,Алматы,2025-07-19 09:05:35,Кафе и рестораны,7888.45,KZT
1,Айгерим,Карта для путешествий,зп,Алматы,2025-07-19 10:20:58,Такси,5949.7,KZT
1,Айгерим,Карта для путешествий,зп,Алматы,2025-07-19 12:00:12,Такси,2936.76,KZT
1,Айгерим,Карта для путешествий,зп,Алматы,2025-07-19 13:40:53,Такси,7060.83,KZT
1,Айгерим,Карта для путешествий,зп,Алматы,2025-07-19 14:10:55,Кино,9954.98,KZT
1,Айгерим,Карта для путешествий,зп,Алматы,2025-07-19 15:10:48,Едим дома,5286.32,KZT
1,Айгерим,Карта для путешествий,зп,Алматы,2025-07-19 19:40:15,Кафе и рестораны,9189.74,KZT
1,Айгерим,Карта для путешествий,зп,Алматы,2025-07-19 22:30:23,Отели,33638.92,KZT
1,Айгерим,Карта для путешествий,зп,Алматы,2025-07-20 09:05:12,Кафе и рестораны,22000.0,KZT
1,Айгерим,Карта для путешествий,зп,Алматы,2025-07-20 09:40:52,Кафе и рестораны,3031.5,KZT
1,Айгерим,Карта для путешествий,зп,Алматы,2025-07-20 10:20:13,Такси,5664.3,KZT
1,Айгерим,Карта для путешествий,зп,Алматы,2025-07-20 15:30:00,Развлечения,8854.05,KZT
1,Айгерим,Карта для путешествий,зп,Алматы,2025-07-20 18:50:39,Такси,4183.13,KZT
1,Айгерим,Карта для путешествий,зп,Алматы,2025-07-20 19:40:56,Кафе и рестораны,11331.04,KZT
1,Айгерим,Карта для путешествий,зп,Алматы,2025-07-20 22:30:54,Отели,43386.66,KZT
1,Айгерим,Карта для путешествий,зп,Алматы,2025-07-21 10:20:41,Такси,4560.39,KZT
1,Айгерим,Карта для путешествий,зп,Алматы,2025-07-21 14:10:13,Кино,3934.63,KZT
1,Айгерим,Карта для путешествий,зп,Алматы,2025-07-21 16:00:33,Такси,4059.96,KZT
1,Айгерим,Карта для путешествий,зп,Алматы,2025-07-21 19:00:46,Путешествия,149951.36,KZT
1,Айгерим,Карта для путешествий,зп,Алматы,2025-07-21 19:40:48,Кафе и рестораны,5955.46,KZT
1,Айгерим,Карта для путешествий,зп,Алматы,2025-07-21 21:20:12,Такси,4113.17,KZT
1,Айгерим,Карта для путешествий,зп,Алматы,2025-07-21 22:30:43,Отели,57061.49,KZT
1,Айгерим,Карта для путешествий,зп,Алматы,2025-07-22 13:30:16,Смотрим дома,3138.56,KZT
1,Айгерим,Карта для путешествий,зп,Алматы,2025-07-22 18:30:00,АЗС,17590.93,KZT
1,Айгерим,Карта для путешествий,зп,Алматы,2025-07-22 19:00:38,Кафе и рестораны,13469.88,KZT
1,Айгерим,Карта для путешествий,зп,Алматы,2025-07-22 19:10:59,Такси,6424.59,KZT
1,Айгерим,Карта для путешествий,зп,Алматы,2025-07-22 20:00:35,Едим дома,7381.43,KZT
1,Айгерим,Карта для путешествий,зп,Алматы,2025-07-23 13:30:54,Смотрим дома,2757.24,KZT
1,Айгерим,Карта для путешествий,зп,Алматы,2025-07-23 18:30:41,АЗС,18264.34,KZT
1,Айгерим,Карта для путешествий,зп,Алматы,2025-07-23 19:00:43,Кафе и рестораны,14739.9,KZT
1,Айгерим,Карта для путешествий,зп,Алматы,2025-07-23 20:50:07,Кафе и рестораны,3848.32,KZT
1,Айгерим,Карта для путешествий,зп,Алматы,2025-07-24 09:30:20,Смотрим дома,7847.26,KZT
1,Айгерим,Карта для путешествий,зп,Алматы,2025-07-24 19:00:30,Кино,4020.5,KZT
1,Айгерим,Карта для путешествий,зп,Алматы,2025-07-24 19:00:40,Кафе и рестораны,20709.53,KZT
1,Айгерим,Карта для путешествий,зп,Алматы,2025-07-25 19:00:46,Кафе и рестораны,5012.33,KZT
1,Айгерим,Карта для путешествий,зп,Алматы,2025-07-26 18:30:31,АЗС,14825.41,KZT
1,Айгерим,Карта для путешествий,зп,Алматы,2025-07-26 19:40:09,Смотрим дома,4943.25,KZT
1,Айгерим,Карта для путешествий,зп,Алматы,2025-07-27 12:10:17,Продукты питания,29279.4,KZT
1,Айгерим,Карта для путешествий,зп,Алматы,2025-07-27 19:00:22,Кафе и рестораны,4446.5,KZT
1,Айгерим,Карта для путешествий,зп,Алматы,2025-07-28 09:15:25,Такси,5065.71,KZT
1,Айгерим,Карта для путешествий,зп,Алматы,2025-07-30 09:15:44,Такси,3427.55,KZT
1,Айгерим,Карта для путешествий,зп,Алматы,2025-07-30 09:20:51,Кино,5720.62,KZT
1,Айгерим,Карта для путешествий,зп,Алматы,2025-07-30 12:10:21,Продукты питания,10979.62,KZT
1,Айгерим,Карта для путешествий,зп,Алматы,2025-07-30 20:00:57,Кафе и рестораны,4152.31,KZT
1,Айгерим,Карта для путешествий,зп,Алматы,2025-07-31 09:15:28,Такси,7171.67,KZT
1,Айгерим,Карта для путешествий,зп,Алматы,2025-07-31 18:20:07,Играем дома,5985.19,KZT
1,Айгерим,Карта для путешествий,зп,Алматы,2025-07-31 19:00:23,Кафе и рестораны,9388.87,KZT
1,Айгерим,Карта для путешествий,зп,Алматы,2025-08-01 08:30:34,Кино,6191.77,KZT
1,Айгерим,Карта для путешествий,зп,Алматы,2025-08-01 09:15:47,Такси,2674.04,KZT
1,Айгерим,Карта для путешествий,зп,Алматы,2025-08-01 12:10:11,Продукты питания,7477.78,KZT
1,Айгерим,Карта для путешествий,зп,Алматы,2025-08-02 12:10:02,Продукты питания,7966.13,KZT
1,Айгерим,Карта для путешествий,зп,Алматы,2025-08-02 17:40:35,Смотрим дома,7652.76,KZT
1,Айгерим,Карта для путешествий,зп,Алматы,2025-08-02 19:50:31,Едим дома,5173.27,KZT
1,Айгерим,Карта для путешествий,зп,Алматы,2025-08-03 08:00:00,Едим дома,5408.22,KZT
1,Айгерим,Карта для путешествий,зп,Алматы,2025-08-03 09:20:27,Едим дома,6924.6,KZT
1,Айгерим,Карта для путешествий,зп,Алматы,2025-08-03 19:00:37,Кафе и рестораны,5748.94,KZT
1,Айгерим,Карта для путешествий,зп,Алматы,2025-08-03 19:20:34,Кафе и рестораны,4910.57,KZT
1,Айгерим,Карта для путешествий,зп,Алматы,2025-08-03 20:30:56,Играем дома,5163.3,KZT
1,Айгерим,Карта для путешествий,зп,Алматы,2025-08-04 12:10:26,Продукты питания,9048.42,KZT
1,Айгерим,Карта для путешествий,зп,Алматы,2025-08-04 12:20:56,Кафе и рестораны,5288.98,KZT
1,Айгерим,Карта для путешествий,зп,Алматы,2025-08-04 16:50:38,Смотрим дома,5411.11,KZT
1,Айгерим,Карта для путешествий,зп,Алматы,2025-08-04 16:50:43,Едим дома,5605.05,KZT
1,Айгерим,Карта для путешествий,зп,Алматы,2025-08-05 08:00:18,Едим дома,4304.63,KZT
1,Айгерим,Карта для путешествий,зп,Алматы,2025-08-05 09:15:56,Такси,3108.7,KZT
1,Айгерим,Карта для путешествий,зп,Алматы,2025-08-05 10:10:31,Кафе и рестораны,5928.82,KZT
1,Айгерим,Карта для путешествий,зп,Алматы,2025-08-05 12:10:28,Продукты питания,28988.69,KZT
1,Айгерим,Карта для путешествий,зп,Алматы,2025-08-05 16:30:20,Играем дома,4035.84,KZT
1,Айгерим,Карта для путешествий,зп,Алматы,2025-08-05 17:30:59,Играем дома,5386.3,KZT
1,Айгерим,Карта для путешествий,зп,Алматы,2025-08-05 19:40:51,Едим дома,4728.47,KZT
1,Айгерим,Карта для путешествий,зп,Алматы,2025-08-06 12:10:48,Продукты питания,9722.88,KZT
1,Айгерим,Карта для путешествий,зп,Алматы,2025-08-06 13:50:46,Смотрим дома,3283.64,KZT
1,Айгерим,Карта для путешествий,зп,Алматы,2025-08-06 21:20:04,Кафе и рестораны,5049.84,KZT
1,Айгерим,Карта для путешествий,зп,Алматы,2025-08-07 18:30:10,АЗС,23029.23,KZT
1,Айгерим,Карта для путешествий,зп,Алматы,2025-08-07 19:00:39,Кафе и рестораны,6376.68,KZT
1,Айгерим,Карта для путешествий,зп,Алматы,2025-08-08 12:10:33,Продукты питания,18311.45,KZT
1,Айгерим,Карта для путешествий,зп,Алматы,2025-08-08 14:50:36,Играем дома,6043.99,KZT
1,Айгерим,Карта для путешествий,зп,Алматы,2025-08-08 17:10:54,Играем дома,9151.85,KZT
1,Айгерим,Карта для путешествий,зп,Алматы,2025-08-09 12:00:20,Такси,2720.79,KZT
1,Айгерим,Карта для путешествий,зп,Алматы,2025-08-09 16:10:39,Кино,10211.91,KZT
1,Айгерим,Карта для путешествий,зп,Алматы,2025-08-09 18:30:19,АЗС,20530.53,KZT
1,Айгерим,Карта для путешествий,зп,Алматы,2025-08-10 09:15:22,Такси,3920.96,KZT
1,Айгерим,Карта для путешествий,зп,Алматы,2025-08-10 12:10:23,Продукты питания,15495.15,KZT
1,Айгерим,Карта для путешествий,зп,Алматы,2025-08-10 12:20:54,Едим дома,3628.02,KZT
1,Айгерим,Карта для путешествий,зп,Алматы,2025-08-10 13:50:01,Едим дома,6069.05,KZT
1,Айгерим,Карта для путешествий,зп,Алматы,2025-08-10 17:10:59,Кино,4835.47,KZT
1,Айгерим,Карта для путешествий,зп,Алматы,2025-08-10 19:50:53,Едим дома,4022.49,KZT
1,Айгерим,Карта для путешествий,зп,Алматы,2025-08-14 09:15:29,Такси,2972.05,KZT
1,Айгерим,Карта для путешествий,зп,Алматы,2025-08-14 12:10:03,Продукты питания,4205.68,KZT
1,Айгерим,Карта для путешествий,зп,Алматы,2025-08-14 19:00:32,Кафе и рестораны,6002.31,KZT
1,Айгерим,Карта для путешествий,зп,Алматы,2025-08-14 19:50:36,Смотрим дома,5752.1,KZT
1,Айгерим,Карта для путешествий,зп,Алматы,2025-08-14 20:20:50,Смотрим дома,5175.33,KZT
1,Айгерим,Карта для путешествий,зп,Алматы,2025-08-15 12:10:44,Продукты питания,7109.6,KZT
1,Айгерим,Карта для путешествий,зп,Алматы,2025-08-15 16:10:15,Такси,2985.73,KZT
1,Айгерим,Карта для путешествий,зп,Алматы,2025-08-15 19:30:46,Кафе и рестораны,5536.93,KZT
1,Айгерим,Карта для путешествий,зп,Алматы,2025-08-16 09:15:26,Такси,2196.87,KZT
1,Айгерим,Карта для путешествий,зп,Алматы,2025-08-16 10:10:36,Такси,6425.32,KZT
1,Айгерим,Карта для путешествий,зп,Алматы,2025-08-16 10:20:36,Такси,5145.72,KZT
1,Айгерим,Карта для путешествий,зп,Алматы,2025-08-16 10:30:01,Едим дома,4158.11,KZT
1,Айгерим,Карта для путешествий,зп,Алматы,2025-08-16 11:00:20,Едим дома,5436.97,KZT
1,Айгерим,Карта для путешествий,зп,Алматы,2025-08-16 12:10:28,Продукты питания,20745.75,KZT
1,Айгерим,Карта для путешествий,зп,Алматы,2025-08-16 14:40:03,Смотрим дома,4976.86,KZT
1,Айгерим,Карта для путешествий,зп,Алматы,2025-08-16 16:00:13,Кино,6054.05,KZT
1,Айгерим,Карта для путешествий,зп,Алматы,2025-08-16 16:20:11,Смотрим дома,5991.6,KZT
1,Айгерим,Карта для путешествий,зп,Алматы,2025-08-17 12:10:12,Продукты питания,14825.74,KZT
1,Айгерим,Карта для путешествий,зп,Алматы,2025-08-17 18:50:20,Играем дома,5484.75,KZT
1,Айгерим,Карта для путешествий,зп,Алматы,2025-08-18 09:15:56,Такси,6480.64,KZT
1,Айгерим,Карта для путешествий,зп,Алматы,2025-08-18 11:30:59,Играем дома,5401.8,KZT
1,Айгерим,Карта для путешествий,зп,Алматы,2025-08-18 13:40:08,Смотрим дома,5324.26,KZT
1,Айгерим,Карта для путешествий,зп,Алматы,2025-08-18 14:20:22,Едим дома,6237.99,KZT
1,Айгерим,Карта для путешествий,зп,Алматы,2025-08-22 08:20:23,Кафе и рестораны,5074.81,KZT
1,Айгерим,Карта для путешествий,зп,Алматы,2025-08-22 09:15:22,Такси,3261.56,KZT
1,Айгерим,Карта для путешествий,зп,Алматы,2025-08-22 11:50:02,Смотрим дома,3843.09,KZT
1,Айгерим,Карта для путешествий,зп,Алматы,2025-08-22 12:10:25,Продукты питания,12208.12,KZT
1,Айгерим,Карта для путешествий,зп,Алматы,2025-08-22 14:30:46,Кино,6504.92,KZT
1,Айгерим,Карта для путешествий,зп,Алматы,2025-08-23 19:00:16,Кафе и рестораны,14253.69,KZT
1,Айгерим,Карта для путешествий,зп,Алматы,2025-08-23 19:30:46,Едим дома,5501.27,KZT
1,Айгерим,Карта для путешествий,зп,Алматы,2025-08-23 19:40:01,Кафе и рестораны,5337.76,KZT
1,Айгерим,Карта для путешествий,зп,Алматы,2025-08-24 19:00:30,Кафе и рестораны,11143.31,KZT
1,Айгерим,Карта для путешествий,зп,Алматы,2025-08-25 09:00:39,Кафе и рестораны,3896.02,KZT
1,Айгерим,Карта для путешествий,зп,Алматы,2025-08-25 12:10:20,Продукты питания,15028.57,KZT
1,Айгерим,Карта для путешествий,зп,Алматы,2025-08-25 12:50:49,Едим дома,4547.61,KZT
1,Айгерим,Карта для путешествий,зп,Алматы,2025-08-25 13:00:04,Смотрим дома,5013.11,KZT
1,Айгерим,Карта для путешествий,зп,Алматы,2025-08-25 14:30:45,Такси,4711.58,KZT
1,Айгерим,Карта для путешествий,зп,Алматы,2025-08-25 18:30:10,АЗС,26523.47,KZT
1,Айгерим,Карта для путешествий,зп,Алматы,2025-08-25 19:00:55,Кафе и рестораны,7134.99,KZT
1,Айгерим,Карта для путешествий,зп,Алматы,2025-08-25 19:20:19,Кино,5033.56,KZT
1,Айгерим,Карта для путешествий,зп,Алматы,2025-08-27 08:30:33,Смотрим дома,7908.76,KZT
1,Айгерим,Карта для путешествий,зп,Алматы,2025-08-27 09:15:38,Такси,3735.77,KZT
1,Айгерим,Карта для путешествий,зп,Алматы,2025-08-27 11:20:02,Кафе и рестораны,6989.46,KZT
1,Айгерим,Карта для путешествий,зп,Алматы,2025-08-27 12:10:43,Продукты питания,11397.82,KZT
1,Айгерим,Карта для путешествий,зп,Алматы,2025-08-27 19:00:00,Кафе и рестораны,12776.29,KZT
1,Айгерим,Карта для путешествий,зп,Алматы,2025-08-27 20:50:59,Кино,3360.53,KZT
1,Айгерим,Карта для путешествий,зп,Алматы,2025-08-28 11:20:14,Играем дома,6363.05,KZT
1,Айгерим,Карта для путешествий,зп,Алматы,2025-08-28 11:40:52,Кино,5942.05,KZT
1,Айгерим,Карта для путешествий,зп,Алматы,2025-08-28 11:50:53,Кафе и рестораны,4174.66,KZT
1,Айгерим,Карта для путешествий,зп,Алматы,2025-08-28 12:10:40,Продукты питания,10086.11,KZT
1,Айгерим,Карта для путешествий,зп,Алматы,2025-08-29 09:15:09,Такси,4991.41,KZT
1,Айгерим,Карта для путешествий,зп,Алматы,2025-08-29 11:30:23,Смотрим дома,5222.45,KZT
1,Айгерим,Карта для путешествий,зп,Алматы,2025-08-29 15:30:53,Кино,3928.76,KZT
1,Айгерим,Карта для путешествий,зп,Алматы,2025-08-30 12:10:29,Продукты питания,27775.7,KZT
1,Айгерим,Карта для путешествий,зп,Алматы,2025-08-30 14:10:55,Кафе и рестораны,5398.17,KZT
1,Айгерим,Карта для путешествий,зп,Алматы,2025-08-30 17:50:42,Играем дома,3425.57,KZT
1,Айгерим,Карта для путешествий,зп,Алматы,2025-08-30 19:00:31,Кафе и рестораны,4069.17,KZT
1,Айгерим,Карта для путешествий,зп,Алматы,2025-08-30 19:30:37,Смотрим дома,3553.64,KZT
1,Айгерим,Карта для путешествий,зп,Алматы,2025-08-31 12:10:48,Продукты питания,12684.25,KZT
1,Айгерим,Карта для путешествий,зп,Алматы,2025-08-31 12:20:37,Играем дома,2786.61,KZT
1,Айгерим,Карта для путешествий,зп,Алматы,2025-08-31 20:30:15,Едим дома,7699.48,KZT
