﻿client_code,name,product,status,city,date,type,direction,amount,currency
11,Бауржан,Премиальная карта,вип,Павлодар,2025-06-01 11:58:35,p2p_out,out,31979.86,KZT
11,Бауржан,Премиальная карта,вип,Павлодар,2025-06-01 20:51:14,card_out,out,45510.09,KZT
11,Бауржан,Премиальная карта,вип,Павлодар,2025-06-01 20:58:26,p2p_out,out,12421.24,KZT
11,Бауржан,Премиальная карта,вип,Павлодар,2025-06-01 20:59:37,p2p_out,out,11677.17,KZT
11,Бауржан,Премиальная карта,вип,Павлодар,2025-06-02 13:00:42,card_out,out,40729.02,KZT
11,Бауржан,Премиальная карта,вип,Павлодар,2025-06-02 14:54:59,utilities_out,out,24563.14,KZT
11,Бауржан,Премиальная карта,вип,Павлодар,2025-06-02 15:40:31,card_out,out,24367.12,KZT
11,Бауржан,Премиальная карта,вип,Павлодар,2025-06-02 16:52:47,card_out,out,23532.7,KZT
11,Бауржан,Премиальная карта,вип,Павлодар,2025-06-02 19:38:33,p2p_out,out,36216.51,KZT
11,Бауржан,Премиальная карта,вип,Павлодар,2025-06-03 14:26:55,card_out,out,23765.92,KZT
11,Бауржан,Премиальная карта,вип,Павлодар,2025-06-03 15:00:49,card_out,out,40274.25,KZT
11,Бауржан,Премиальная карта,вип,Павлодар,2025-06-03 21:04:04,p2p_out,out,26902.04,KZT
11,Бауржан,Премиальная карта,вип,Павлодар,2025-06-04 13:35:17,cashback_in,in,14836.99,KZT
11,Бауржан,Премиальная карта,вип,Павлодар,2025-06-05 11:37:08,card_out,out,19810.4,KZT
11,Бауржан,Премиальная карта,вип,Павлодар,2025-06-05 17:20:18,card_out,out,30155.66,KZT
11,Бауржан,Премиальная карта,вип,Павлодар,2025-06-05 20:41:11,p2p_out,out,16744.48,KZT
11,Бауржан,Премиальная карта,вип,Павлодар,2025-06-06 09:55:56,card_out,out,34778.94,KZT
11,Бауржан,Премиальная карта,вип,Павлодар,2025-06-06 12:27:06,card_out,out,22678.52,KZT
11,Бауржан,Премиальная карта,вип,Павлодар,2025-06-07 15:47:35,card_out,out,37972.16,KZT
11,Бауржан,Премиальная карта,вип,Павлодар,2025-06-07 19:41:44,card_out,out,10853.93,KZT
11,Бауржан,Премиальная карта,вип,Павлодар,2025-06-08 09:13:48,card_out,out,35629.31,KZT
11,Бауржан,Премиальная карта,вип,Павлодар,2025-06-08 13:38:33,card_out,out,12250.18,KZT
11,Бауржан,Премиальная карта,вип,Павлодар,2025-06-08 14:25:59,card_in,in,13113.21,KZT
11,Бауржан,Премиальная карта,вип,Павлодар,2025-06-08 18:28:07,p2p_out,out,10197.76,KZT
11,Бауржан,Премиальная карта,вип,Павлодар,2025-06-08 20:55:23,utilities_out,out,7208.59,KZT
11,Бауржан,Премиальная карта,вип,Павлодар,2025-06-09 16:43:28,atm_withdrawal,out,21088.92,KZT
11,Бауржан,Премиальная карта,вип,Павлодар,2025-06-09 19:54:13,card_out,out,27811.42,KZT
11,Бауржан,Премиальная карта,вип,Павлодар,2025-06-09 20:35:24,atm_withdrawal,out,29542.55,KZT
11,Бауржан,Премиальная карта,вип,Павлодар,2025-06-10 08:32:28,p2p_out,out,16925.59,KZT
11,Бауржан,Премиальная карта,вип,Павлодар,2025-06-10 15:00:05,card_out,out,36869.72,KZT
11,Бауржан,Премиальная карта,вип,Павлодар,2025-06-10 15:34:59,atm_withdrawal,out,27613.99,KZT
11,Бауржан,Премиальная карта,вип,Павлодар,2025-06-10 16:52:28,card_out,out,43378.35,KZT
11,Бауржан,Премиальная карта,вип,Павлодар,2025-06-10 17:37:46,utilities_out,out,43730.18,KZT
11,Бауржан,Премиальная карта,вип,Павлодар,2025-06-11 08:24:24,card_out,out,25192.26,KZT
11,Бауржан,Премиальная карта,вип,Павлодар,2025-06-11 18:51:57,p2p_out,out,15362.54,KZT
11,Бауржан,Премиальная карта,вип,Павлодар,2025-06-11 21:36:12,card_out,out,47659.93,KZT
11,Бауржан,Премиальная карта,вип,Павлодар,2025-06-12 17:39:51,loan_payment_out,out,75475.27,KZT
11,Бауржан,Премиальная карта,вип,Павлодар,2025-06-12 21:06:12,card_out,out,14212.77,KZT
11,Бауржан,Премиальная карта,вип,Павлодар,2025-06-13 09:26:28,card_out,out,13664.27,KZT
11,Бауржан,Премиальная карта,вип,Павлодар,2025-06-14 09:37:41,utilities_out,out,28428.55,KZT
11,Бауржан,Премиальная карта,вип,Павлодар,2025-06-14 15:56:05,card_out,out,40473.41,KZT
11,Бауржан,Премиальная карта,вип,Павлодар,2025-06-14 16:20:20,atm_withdrawal,out,40101.06,KZT
11,Бауржан,Премиальная карта,вип,Павлодар,2025-06-14 19:31:58,p2p_out,out,26449.33,KZT
11,Бауржан,Премиальная карта,вип,Павлодар,2025-06-14 20:38:21,card_out,out,43632.06,KZT
11,Бауржан,Премиальная карта,вип,Павлодар,2025-06-15 17:58:41,atm_withdrawal,out,19367.44,KZT
11,Бауржан,Премиальная карта,вип,Павлодар,2025-06-15 20:56:52,card_out,out,24294.75,KZT
11,Бауржан,Премиальная карта,вип,Павлодар,2025-06-16 13:43:12,card_out,out,32459.55,KZT
11,Бауржан,Премиальная карта,вип,Павлодар,2025-06-16 15:30:23,p2p_out,out,47874.53,KZT
11,Бауржан,Премиальная карта,вип,Павлодар,2025-06-16 19:44:58,atm_withdrawal,out,9507.24,KZT
11,Бауржан,Премиальная карта,вип,Павлодар,2025-06-16 20:32:19,p2p_out,out,34655.52,KZT
11,Бауржан,Премиальная карта,вип,Павлодар,2025-06-17 09:40:27,card_out,out,7539.21,KZT
11,Бауржан,Премиальная карта,вип,Павлодар,2025-06-17 13:53:32,card_out,out,15830.28,KZT
11,Бауржан,Премиальная карта,вип,Павлодар,2025-06-17 14:03:09,card_out,out,19513.85,KZT
11,Бауржан,Премиальная карта,вип,Павлодар,2025-06-17 18:31:15,card_out,out,45091.94,KZT
11,Бауржан,Премиальная карта,вип,Павлодар,2025-06-17 20:30:55,utilities_out,out,22382.52,KZT
11,Бауржан,Премиальная карта,вип,Павлодар,2025-06-18 11:36:13,atm_withdrawal,out,40864.42,KZT
11,Бауржан,Премиальная карта,вип,Павлодар,2025-06-18 13:41:03,loan_payment_out,out,60318.8,KZT
11,Бауржан,Премиальная карта,вип,Павлодар,2025-06-18 14:47:10,card_out,out,11778.69,KZT
11,Бауржан,Премиальная карта,вип,Павлодар,2025-06-18 19:07:46,loan_payment_out,out,45275.26,KZT
11,Бауржан,Премиальная карта,вип,Павлодар,2025-06-18 19:40:54,atm_withdrawal,out,18540.71,KZT
11,Бауржан,Премиальная карта,вип,Павлодар,2025-06-18 21:34:29,card_out,out,16988.98,KZT
11,Бауржан,Премиальная карта,вип,Павлодар,2025-06-18 21:38:28,loan_payment_out,out,63799.07,KZT
11,Бауржан,Премиальная карта,вип,Павлодар,2025-06-19 13:32:47,card_out,out,26065.97,KZT
11,Бауржан,Премиальная карта,вип,Павлодар,2025-06-19 18:57:26,card_out,out,29167.08,KZT
11,Бауржан,Премиальная карта,вип,Павлодар,2025-06-20 10:59:41,card_out,out,44284.41,KZT
11,Бауржан,Премиальная карта,вип,Павлодар,2025-06-20 12:21:35,p2p_out,out,28496.15,KZT
11,Бауржан,Премиальная карта,вип,Павлодар,2025-06-20 13:46:31,refund_in,in,15677.66,KZT
11,Бауржан,Премиальная карта,вип,Павлодар,2025-06-20 18:58:59,card_out,out,47499.86,KZT
11,Бауржан,Премиальная карта,вип,Павлодар,2025-06-20 20:40:25,card_in,in,7539.37,KZT
11,Бауржан,Премиальная карта,вип,Павлодар,2025-06-21 09:41:41,salary_in,in,401159.96,KZT
11,Бауржан,Премиальная карта,вип,Павлодар,2025-06-21 12:51:14,refund_in,in,34172.17,KZT
11,Бауржан,Премиальная карта,вип,Павлодар,2025-06-21 17:38:47,card_out,out,5828.92,KZT
11,Бауржан,Премиальная карта,вип,Павлодар,2025-06-22 09:35:10,card_out,out,42851.32,KZT
11,Бауржан,Премиальная карта,вип,Павлодар,2025-06-22 15:43:42,card_out,out,12601.92,KZT
11,Бауржан,Премиальная карта,вип,Павлодар,2025-06-22 16:24:11,card_out,out,21571.69,KZT
11,Бауржан,Премиальная карта,вип,Павлодар,2025-06-23 08:35:33,p2p_out,out,19318.81,KZT
11,Бауржан,Премиальная карта,вип,Павлодар,2025-06-23 09:20:00,card_out,out,16972.58,KZT
11,Бауржан,Премиальная карта,вип,Павлодар,2025-06-23 17:24:44,cashback_in,in,41834.55,KZT
11,Бауржан,Премиальная карта,вип,Павлодар,2025-06-23 20:21:01,utilities_out,out,30331.45,KZT
11,Бауржан,Премиальная карта,вип,Павлодар,2025-06-23 21:11:15,card_in,in,23977.62,KZT
11,Бауржан,Премиальная карта,вип,Павлодар,2025-06-24 13:45:17,card_out,out,27090.47,KZT
11,Бауржан,Премиальная карта,вип,Павлодар,2025-06-24 15:31:19,card_in,in,17861.95,KZT
11,Бауржан,Премиальная карта,вип,Павлодар,2025-06-25 08:33:53,card_out,out,29210.52,KZT
11,Бауржан,Премиальная карта,вип,Павлодар,2025-06-25 13:46:02,p2p_out,out,25988.87,KZT
11,Бауржан,Премиальная карта,вип,Павлодар,2025-06-25 21:48:18,p2p_out,out,56767.15,KZT
11,Бауржан,Премиальная карта,вип,Павлодар,2025-06-25 21:52:03,p2p_out,out,9904.62,KZT
11,Бауржан,Премиальная карта,вип,Павлодар,2025-06-26 14:46:41,atm_withdrawal,out,26260.02,KZT
11,Бауржан,Премиальная карта,вип,Павлодар,2025-06-26 21:40:37,card_out,out,49011.51,KZT
11,Бауржан,Премиальная карта,вип,Павлодар,2025-06-27 10:05:00,atm_withdrawal,out,19858.0,KZT
11,Бауржан,Премиальная карта,вип,Павлодар,2025-06-28 08:32:20,cashback_in,in,25460.26,KZT
11,Бауржан,Премиальная карта,вип,Павлодар,2025-06-28 11:50:48,card_out,out,35492.13,KZT
11,Бауржан,Премиальная карта,вип,Павлодар,2025-06-28 16:12:33,p2p_out,out,15440.95,KZT
11,Бауржан,Премиальная карта,вип,Павлодар,2025-06-28 19:44:12,card_in,in,46527.81,KZT
11,Бауржан,Премиальная карта,вип,Павлодар,2025-06-29 09:11:23,p2p_out,out,20686.62,KZT
11,Бауржан,Премиальная карта,вип,Павлодар,2025-06-29 16:51:49,p2p_out,out,18286.33,KZT
11,Бауржан,Премиальная карта,вип,Павлодар,2025-06-29 18:18:57,card_out,out,17627.13,KZT
11,Бауржан,Премиальная карта,вип,Павлодар,2025-06-30 08:01:18,card_out,out,22063.57,KZT
11,Бауржан,Премиальная карта,вип,Павлодар,2025-06-30 12:55:21,loan_payment_out,out,78389.08,KZT
11,Бауржан,Премиальная карта,вип,Павлодар,2025-06-30 19:33:28,card_out,out,37406.33,KZT
11,Бауржан,Премиальная карта,вип,Павлодар,2025-06-30 21:56:16,card_out,out,55119.29,KZT
11,Бауржан,Премиальная карта,вип,Павлодар,2025-07-01 09:00:39,p2p_out,out,45911.77,KZT
11,Бауржан,Премиальная карта,вип,Павлодар,2025-07-01 09:36:14,card_out,out,20195.08,KZT
11,Бауржан,Премиальная карта,вип,Павлодар,2025-07-01 19:53:52,cashback_in,in,49654.72,KZT
11,Бауржан,Премиальная карта,вип,Павлодар,2025-07-01 20:58:48,card_out,out,26858.03,KZT
11,Бауржан,Премиальная карта,вип,Павлодар,2025-07-01 21:14:21,p2p_out,out,14412.35,KZT
11,Бауржан,Премиальная карта,вип,Павлодар,2025-07-02 10:04:45,cashback_in,in,18853.48,KZT
11,Бауржан,Премиальная карта,вип,Павлодар,2025-07-03 11:22:34,refund_in,in,12865.17,KZT
11,Бауржан,Премиальная карта,вип,Павлодар,2025-07-03 11:32:15,card_out,out,82614.14,KZT
11,Бауржан,Премиальная карта,вип,Павлодар,2025-07-03 12:09:17,atm_withdrawal,out,40237.9,KZT
11,Бауржан,Премиальная карта,вип,Павлодар,2025-07-03 16:03:56,atm_withdrawal,out,56600.28,KZT
11,Бауржан,Премиальная карта,вип,Павлодар,2025-07-04 14:06:22,card_out,out,27351.35,KZT
11,Бауржан,Премиальная карта,вип,Павлодар,2025-07-04 21:16:34,utilities_out,out,36601.69,KZT
11,Бауржан,Премиальная карта,вип,Павлодар,2025-07-06 11:01:10,p2p_out,out,23080.74,KZT
11,Бауржан,Премиальная карта,вип,Павлодар,2025-07-06 13:33:14,utilities_out,out,10537.19,KZT
11,Бауржан,Премиальная карта,вип,Павлодар,2025-07-06 14:14:45,card_out,out,34624.4,KZT
11,Бауржан,Премиальная карта,вип,Павлодар,2025-07-06 14:52:45,card_out,out,21617.17,KZT
11,Бауржан,Премиальная карта,вип,Павлодар,2025-07-06 21:21:49,card_out,out,16860.16,KZT
11,Бауржан,Премиальная карта,вип,Павлодар,2025-07-07 17:22:32,p2p_out,out,47568.4,KZT
11,Бауржан,Премиальная карта,вип,Павлодар,2025-07-07 18:53:03,card_out,out,42987.5,KZT
11,Бауржан,Премиальная карта,вип,Павлодар,2025-07-08 12:41:56,loan_payment_out,out,71116.5,KZT
11,Бауржан,Премиальная карта,вип,Павлодар,2025-07-08 15:15:14,card_out,out,16727.84,KZT
11,Бауржан,Премиальная карта,вип,Павлодар,2025-07-08 16:27:45,atm_withdrawal,out,22614.54,KZT
11,Бауржан,Премиальная карта,вип,Павлодар,2025-07-08 19:56:37,card_out,out,39394.15,KZT
11,Бауржан,Премиальная карта,вип,Павлодар,2025-07-08 20:09:46,p2p_out,out,40481.81,KZT
11,Бауржан,Премиальная карта,вип,Павлодар,2025-07-09 10:03:52,p2p_out,out,27238.17,KZT
11,Бауржан,Премиальная карта,вип,Павлодар,2025-07-09 15:18:31,card_out,out,11656.91,KZT
11,Бауржан,Премиальная карта,вип,Павлодар,2025-07-09 19:07:13,atm_withdrawal,out,51165.58,KZT
11,Бауржан,Премиальная карта,вип,Павлодар,2025-07-10 14:07:26,card_out,out,11641.92,KZT
11,Бауржан,Премиальная карта,вип,Павлодар,2025-07-10 20:18:48,card_out,out,17623.03,KZT
11,Бауржан,Премиальная карта,вип,Павлодар,2025-07-11 10:08:19,card_out,out,14557.8,KZT
11,Бауржан,Премиальная карта,вип,Павлодар,2025-07-11 11:18:28,card_out,out,13004.19,KZT
11,Бауржан,Премиальная карта,вип,Павлодар,2025-07-11 12:05:36,card_out,out,9701.19,KZT
11,Бауржан,Премиальная карта,вип,Павлодар,2025-07-11 12:25:40,p2p_out,out,12914.66,KZT
11,Бауржан,Премиальная карта,вип,Павлодар,2025-07-11 14:56:47,atm_withdrawal,out,18564.74,KZT
11,Бауржан,Премиальная карта,вип,Павлодар,2025-07-11 19:07:34,atm_withdrawal,out,54058.69,KZT
11,Бауржан,Премиальная карта,вип,Павлодар,2025-07-12 10:20:22,card_out,out,36558.92,KZT
11,Бауржан,Премиальная карта,вип,Павлодар,2025-07-12 11:06:09,card_out,out,19826.54,KZT
11,Бауржан,Премиальная карта,вип,Павлодар,2025-07-12 14:42:33,p2p_out,out,13189.49,KZT
11,Бауржан,Премиальная карта,вип,Павлодар,2025-07-12 18:05:33,card_out,out,32409.8,KZT
11,Бауржан,Премиальная карта,вип,Павлодар,2025-07-13 11:14:40,card_out,out,9182.73,KZT
11,Бауржан,Премиальная карта,вип,Павлодар,2025-07-13 12:07:38,card_out,out,90768.17,KZT
11,Бауржан,Премиальная карта,вип,Павлодар,2025-07-13 13:33:42,card_in,in,21655.31,KZT
11,Бауржан,Премиальная карта,вип,Павлодар,2025-07-13 13:38:23,card_out,out,27372.94,KZT
11,Бауржан,Премиальная карта,вип,Павлодар,2025-07-13 15:07:41,card_out,out,27352.66,KZT
11,Бауржан,Премиальная карта,вип,Павлодар,2025-07-13 15:30:37,card_out,out,39164.25,KZT
11,Бауржан,Премиальная карта,вип,Павлодар,2025-07-14 08:00:08,p2p_out,out,28022.84,KZT
11,Бауржан,Премиальная карта,вип,Павлодар,2025-07-14 08:14:46,salary_in,in,521613.59,KZT
11,Бауржан,Премиальная карта,вип,Павлодар,2025-07-14 11:35:58,atm_withdrawal,out,25719.4,KZT
11,Бауржан,Премиальная карта,вип,Павлодар,2025-07-14 12:59:15,p2p_out,out,24328.22,KZT
11,Бауржан,Премиальная карта,вип,Павлодар,2025-07-14 18:49:18,utilities_out,out,33015.27,KZT
11,Бауржан,Премиальная карта,вип,Павлодар,2025-07-15 12:59:27,p2p_out,out,39774.02,KZT
11,Бауржан,Премиальная карта,вип,Павлодар,2025-07-15 20:13:20,p2p_out,out,20386.21,KZT
11,Бауржан,Премиальная карта,вип,Павлодар,2025-07-16 11:33:10,card_out,out,36216.53,KZT
11,Бауржан,Премиальная карта,вип,Павлодар,2025-07-16 13:58:59,card_in,in,15072.86,KZT
11,Бауржан,Премиальная карта,вип,Павлодар,2025-07-16 14:55:51,loan_payment_out,out,53562.9,KZT
11,Бауржан,Премиальная карта,вип,Павлодар,2025-07-16 15:16:57,card_out,out,20613.2,KZT
11,Бауржан,Премиальная карта,вип,Павлодар,2025-07-16 15:45:37,card_out,out,13678.49,KZT
11,Бауржан,Премиальная карта,вип,Павлодар,2025-07-16 17:30:21,card_out,out,24759.75,KZT
11,Бауржан,Премиальная карта,вип,Павлодар,2025-07-16 18:49:46,p2p_out,out,12354.35,KZT
11,Бауржан,Премиальная карта,вип,Павлодар,2025-07-17 09:24:56,card_in,in,20772.68,KZT
11,Бауржан,Премиальная карта,вип,Павлодар,2025-07-17 11:15:19,utilities_out,out,41611.56,KZT
11,Бауржан,Премиальная карта,вип,Павлодар,2025-07-17 14:21:50,card_in,in,8310.72,KZT
11,Бауржан,Премиальная карта,вип,Павлодар,2025-07-17 18:27:45,atm_withdrawal,out,29141.96,KZT
11,Бауржан,Премиальная карта,вип,Павлодар,2025-07-18 15:27:48,card_out,out,17181.35,KZT
11,Бауржан,Премиальная карта,вип,Павлодар,2025-07-18 17:32:12,card_out,out,21452.81,KZT
11,Бауржан,Премиальная карта,вип,Павлодар,2025-07-19 16:41:07,loan_payment_out,out,68030.12,KZT
11,Бауржан,Премиальная карта,вип,Павлодар,2025-07-20 13:20:14,card_out,out,29323.26,KZT
11,Бауржан,Премиальная карта,вип,Павлодар,2025-07-20 16:49:22,refund_in,in,6328.89,KZT
11,Бауржан,Премиальная карта,вип,Павлодар,2025-07-21 10:30:42,card_out,out,8254.51,KZT
11,Бауржан,Премиальная карта,вип,Павлодар,2025-07-21 11:48:33,cashback_in,in,59065.15,KZT
11,Бауржан,Премиальная карта,вип,Павлодар,2025-07-21 18:13:22,loan_payment_out,out,48131.82,KZT
11,Бауржан,Премиальная карта,вип,Павлодар,2025-07-21 20:20:18,p2p_out,out,44828.48,KZT
11,Бауржан,Премиальная карта,вип,Павлодар,2025-07-22 09:25:46,card_out,out,11245.51,KZT
11,Бауржан,Премиальная карта,вип,Павлодар,2025-07-22 14:26:42,card_out,out,26644.86,KZT
11,Бауржан,Премиальная карта,вип,Павлодар,2025-07-22 15:40:22,card_out,out,72931.13,KZT
11,Бауржан,Премиальная карта,вип,Павлодар,2025-07-22 17:30:54,p2p_out,out,30372.7,KZT
11,Бауржан,Премиальная карта,вип,Павлодар,2025-07-22 17:32:02,atm_withdrawal,out,37855.06,KZT
11,Бауржан,Премиальная карта,вип,Павлодар,2025-07-22 21:12:28,card_out,out,27992.26,KZT
11,Бауржан,Премиальная карта,вип,Павлодар,2025-07-23 10:36:32,card_out,out,11124.75,KZT
11,Бауржан,Премиальная карта,вип,Павлодар,2025-07-23 12:12:35,p2p_out,out,13777.49,KZT
11,Бауржан,Премиальная карта,вип,Павлодар,2025-07-23 19:36:16,card_out,out,26636.56,KZT
11,Бауржан,Премиальная карта,вип,Павлодар,2025-07-25 10:27:04,utilities_out,out,26389.28,KZT
11,Бауржан,Премиальная карта,вип,Павлодар,2025-07-25 12:12:50,card_out,out,42115.04,KZT
11,Бауржан,Премиальная карта,вип,Павлодар,2025-07-25 18:16:01,atm_withdrawal,out,31793.8,KZT
11,Бауржан,Премиальная карта,вип,Павлодар,2025-07-25 18:33:22,utilities_out,out,9156.57,KZT
11,Бауржан,Премиальная карта,вип,Павлодар,2025-07-27 14:41:48,card_in,in,13573.68,KZT
11,Бауржан,Премиальная карта,вип,Павлодар,2025-07-27 19:38:33,card_out,out,17402.4,KZT
11,Бауржан,Премиальная карта,вип,Павлодар,2025-07-28 09:05:36,card_out,out,4902.57,KZT
11,Бауржан,Премиальная карта,вип,Павлодар,2025-07-28 10:14:45,card_out,out,21076.74,KZT
11,Бауржан,Премиальная карта,вип,Павлодар,2025-07-28 11:48:25,p2p_out,out,9400.26,KZT
11,Бауржан,Премиальная карта,вип,Павлодар,2025-07-28 12:45:07,card_out,out,12815.98,KZT
11,Бауржан,Премиальная карта,вип,Павлодар,2025-07-29 15:29:57,loan_payment_out,out,51567.77,KZT
11,Бауржан,Премиальная карта,вип,Павлодар,2025-07-29 17:46:11,card_out,out,12583.56,KZT
11,Бауржан,Премиальная карта,вип,Павлодар,2025-07-29 18:43:43,p2p_out,out,25472.7,KZT
11,Бауржан,Премиальная карта,вип,Павлодар,2025-07-30 11:00:21,p2p_out,out,19451.09,KZT
11,Бауржан,Премиальная карта,вип,Павлодар,2025-07-30 17:21:56,p2p_out,out,59353.0,KZT
11,Бауржан,Премиальная карта,вип,Павлодар,2025-07-30 21:54:03,card_out,out,42817.15,KZT
11,Бауржан,Премиальная карта,вип,Павлодар,2025-07-31 19:01:01,card_out,out,37629.06,KZT
11,Бауржан,Премиальная карта,вип,Павлодар,2025-07-31 20:38:11,card_out,out,18903.7,KZT
11,Бауржан,Премиальная карта,вип,Павлодар,2025-07-31 21:48:36,card_out,out,40542.6,KZT
11,Бауржан,Премиальная карта,вип,Павлодар,2025-08-01 11:17:31,p2p_out,out,26504.06,KZT
11,Бауржан,Премиальная карта,вип,Павлодар,2025-08-01 14:33:36,p2p_out,out,15926.01,KZT
11,Бауржан,Премиальная карта,вип,Павлодар,2025-08-01 15:56:30,card_out,out,72780.46,KZT
11,Бауржан,Премиальная карта,вип,Павлодар,2025-08-02 09:08:37,card_out,out,28843.34,KZT
11,Бауржан,Премиальная карта,вип,Павлодар,2025-08-02 14:08:54,p2p_out,out,27790.2,KZT
11,Бауржан,Премиальная карта,вип,Павлодар,2025-08-03 12:42:57,atm_withdrawal,out,30757.99,KZT
11,Бауржан,Премиальная карта,вип,Павлодар,2025-08-03 14:07:17,utilities_out,out,36646.11,KZT
11,Бауржан,Премиальная карта,вип,Павлодар,2025-08-03 16:31:57,utilities_out,out,17514.37,KZT
11,Бауржан,Премиальная карта,вип,Павлодар,2025-08-03 19:23:30,card_out,out,21292.22,KZT
11,Бауржан,Премиальная карта,вип,Павлодар,2025-08-03 20:06:19,p2p_out,out,19423.57,KZT
11,Бауржан,Премиальная карта,вип,Павлодар,2025-08-03 20:28:17,card_out,out,27328.92,KZT
11,Бауржан,Премиальная карта,вип,Павлодар,2025-08-04 09:10:19,p2p_out,out,24040.31,KZT
11,Бауржан,Премиальная карта,вип,Павлодар,2025-08-04 10:56:55,utilities_out,out,20618.39,KZT
11,Бауржан,Премиальная карта,вип,Павлодар,2025-08-04 11:38:12,card_out,out,15692.88,KZT
11,Бауржан,Премиальная карта,вип,Павлодар,2025-08-04 18:31:19,p2p_out,out,26217.53,KZT
11,Бауржан,Премиальная карта,вип,Павлодар,2025-08-04 20:06:24,card_out,out,20441.48,KZT
11,Бауржан,Премиальная карта,вип,Павлодар,2025-08-05 20:33:35,card_out,out,32097.5,KZT
11,Бауржан,Премиальная карта,вип,Павлодар,2025-08-06 16:45:04,p2p_out,out,14931.81,KZT
11,Бауржан,Премиальная карта,вип,Павлодар,2025-08-07 13:11:15,card_in,in,24175.88,KZT
11,Бауржан,Премиальная карта,вип,Павлодар,2025-08-07 20:01:49,card_out,out,22121.78,KZT
11,Бауржан,Премиальная карта,вип,Павлодар,2025-08-09 09:49:42,card_out,out,51553.05,KZT
11,Бауржан,Премиальная карта,вип,Павлодар,2025-08-09 19:46:54,card_out,out,13137.66,KZT
11,Бауржан,Премиальная карта,вип,Павлодар,2025-08-09 19:56:18,card_out,out,28078.75,KZT
11,Бауржан,Премиальная карта,вип,Павлодар,2025-08-10 09:48:15,p2p_out,out,47383.62,KZT
11,Бауржан,Премиальная карта,вип,Павлодар,2025-08-10 09:49:46,card_out,out,37114.15,KZT
11,Бауржан,Премиальная карта,вип,Павлодар,2025-08-10 10:43:25,cashback_in,in,28867.71,KZT
11,Бауржан,Премиальная карта,вип,Павлодар,2025-08-10 12:14:48,loan_payment_out,out,46173.22,KZT
11,Бауржан,Премиальная карта,вип,Павлодар,2025-08-10 13:16:19,card_out,out,34734.81,KZT
11,Бауржан,Премиальная карта,вип,Павлодар,2025-08-10 18:01:50,card_out,out,53620.21,KZT
11,Бауржан,Премиальная карта,вип,Павлодар,2025-08-11 14:18:14,refund_in,in,49052.82,KZT
11,Бауржан,Премиальная карта,вип,Павлодар,2025-08-11 15:10:33,p2p_out,out,13422.33,KZT
11,Бауржан,Премиальная карта,вип,Павлодар,2025-08-11 19:43:36,card_out,out,17960.6,KZT
11,Бауржан,Премиальная карта,вип,Павлодар,2025-08-12 15:42:23,utilities_out,out,32217.1,KZT
11,Бауржан,Премиальная карта,вип,Павлодар,2025-08-12 17:53:33,card_in,in,43816.1,KZT
11,Бауржан,Премиальная карта,вип,Павлодар,2025-08-12 21:45:43,p2p_out,out,16795.73,KZT
11,Бауржан,Премиальная карта,вип,Павлодар,2025-08-13 09:41:32,card_out,out,62714.8,KZT
11,Бауржан,Премиальная карта,вип,Павлодар,2025-08-13 18:50:13,card_out,out,17183.03,KZT
11,Бауржан,Премиальная карта,вип,Павлодар,2025-08-14 17:15:07,card_out,out,48950.65,KZT
11,Бауржан,Премиальная карта,вип,Павлодар,2025-08-14 20:36:48,p2p_out,out,29674.31,KZT
11,Бауржан,Премиальная карта,вип,Павлодар,2025-08-15 10:09:50,p2p_out,out,16228.57,KZT
11,Бауржан,Премиальная карта,вип,Павлодар,2025-08-15 16:52:08,refund_in,in,7490.31,KZT
11,Бауржан,Премиальная карта,вип,Павлодар,2025-08-15 17:09:33,card_out,out,51547.36,KZT
11,Бауржан,Премиальная карта,вип,Павлодар,2025-08-15 20:26:24,card_out,out,18040.09,KZT
11,Бауржан,Премиальная карта,вип,Павлодар,2025-08-16 13:50:12,card_out,out,31606.11,KZT
11,Бауржан,Премиальная карта,вип,Павлодар,2025-08-16 19:17:46,utilities_out,out,50618.51,KZT
11,Бауржан,Премиальная карта,вип,Павлодар,2025-08-16 20:50:31,atm_withdrawal,out,27881.0,KZT
11,Бауржан,Премиальная карта,вип,Павлодар,2025-08-17 12:19:41,atm_withdrawal,out,26474.88,KZT
11,Бауржан,Премиальная карта,вип,Павлодар,2025-08-17 13:47:31,utilities_out,out,29405.01,KZT
11,Бауржан,Премиальная карта,вип,Павлодар,2025-08-17 14:17:50,cashback_in,in,9360.48,KZT
11,Бауржан,Премиальная карта,вип,Павлодар,2025-08-17 14:39:28,card_out,out,9746.75,KZT
11,Бауржан,Премиальная карта,вип,Павлодар,2025-08-18 13:01:20,atm_withdrawal,out,31925.86,KZT
11,Бауржан,Премиальная карта,вип,Павлодар,2025-08-18 13:47:15,card_out,out,15048.33,KZT
11,Бауржан,Премиальная карта,вип,Павлодар,2025-08-18 15:35:07,card_out,out,10235.94,KZT
11,Бауржан,Премиальная карта,вип,Павлодар,2025-08-18 16:00:13,card_out,out,19967.76,KZT
11,Бауржан,Премиальная карта,вип,Павлодар,2025-08-19 11:13:02,atm_withdrawal,out,35592.76,KZT
11,Бауржан,Премиальная карта,вип,Павлодар,2025-08-20 08:44:38,card_out,out,31036.0,KZT
11,Бауржан,Премиальная карта,вип,Павлодар,2025-08-20 10:41:30,atm_withdrawal,out,80286.04,KZT
11,Бауржан,Премиальная карта,вип,Павлодар,2025-08-20 14:45:22,p2p_out,out,22818.5,KZT
11,Бауржан,Премиальная карта,вип,Павлодар,2025-08-20 17:31:34,card_out,out,16806.77,KZT
11,Бауржан,Премиальная карта,вип,Павлодар,2025-08-21 15:46:10,loan_payment_out,out,27328.79,KZT
11,Бауржан,Премиальная карта,вип,Павлодар,2025-08-21 19:33:52,card_out,out,48443.17,KZT
11,Бауржан,Премиальная карта,вип,Павлодар,2025-08-22 19:25:11,card_out,out,19669.89,KZT
11,Бауржан,Премиальная карта,вип,Павлодар,2025-08-22 20:20:34,p2p_out,out,7568.29,KZT
11,Бауржан,Премиальная карта,вип,Павлодар,2025-08-23 13:14:08,card_out,out,54997.38,KZT
11,Бауржан,Премиальная карта,вип,Павлодар,2025-08-23 13:49:45,card_out,out,9232.1,KZT
11,Бауржан,Премиальная карта,вип,Павлодар,2025-08-23 21:11:59,loan_payment_out,out,58592.5,KZT
11,Бауржан,Премиальная карта,вип,Павлодар,2025-08-23 21:12:55,card_out,out,35385.67,KZT
11,Бауржан,Премиальная карта,вип,Павлодар,2025-08-24 08:27:22,card_out,out,28988.3,KZT
11,Бауржан,Премиальная карта,вип,Павлодар,2025-08-24 08:46:22,atm_withdrawal,out,40511.38,KZT
11,Бауржан,Премиальная карта,вип,Павлодар,2025-08-24 13:26:01,card_out,out,21126.69,KZT
11,Бауржан,Премиальная карта,вип,Павлодар,2025-08-24 15:48:35,atm_withdrawal,out,16360.4,KZT
11,Бауржан,Премиальная карта,вип,Павлодар,2025-08-24 16:37:28,card_out,out,24092.67,KZT
11,Бауржан,Премиальная карта,вип,Павлодар,2025-08-24 20:06:25,atm_withdrawal,out,44892.69,KZT
11,Бауржан,Премиальная карта,вип,Павлодар,2025-08-24 21:08:34,card_out,out,74314.24,KZT
11,Бауржан,Премиальная карта,вип,Павлодар,2025-08-25 12:17:39,p2p_out,out,72047.47,KZT
11,Бауржан,Премиальная карта,вип,Павлодар,2025-08-25 15:04:56,p2p_out,out,14859.73,KZT
11,Бауржан,Премиальная карта,вип,Павлодар,2025-08-25 18:14:30,card_out,out,79964.22,KZT
11,Бауржан,Премиальная карта,вип,Павлодар,2025-08-25 19:46:05,loan_payment_out,out,15676.65,KZT
11,Бауржан,Премиальная карта,вип,Павлодар,2025-08-25 20:38:25,card_out,out,29765.06,KZT
11,Бауржан,Премиальная карта,вип,Павлодар,2025-08-26 08:01:02,card_in,in,16811.19,KZT
11,Бауржан,Премиальная карта,вип,Павлодар,2025-08-26 08:03:03,loan_payment_out,out,89759.46,KZT
11,Бауржан,Премиальная карта,вип,Павлодар,2025-08-26 10:33:24,card_out,out,17455.46,KZT
11,Бауржан,Премиальная карта,вип,Павлодар,2025-08-26 18:15:08,card_out,out,22169.11,KZT
11,Бауржан,Премиальная карта,вип,Павлодар,2025-08-27 15:57:58,card_out,out,32001.86,KZT
11,Бауржан,Премиальная карта,вип,Павлодар,2025-08-27 20:13:10,p2p_out,out,18589.5,KZT
11,Бауржан,Премиальная карта,вип,Павлодар,2025-08-28 13:39:42,card_out,out,25733.28,KZT
11,Бауржан,Премиальная карта,вип,Павлодар,2025-08-29 12:33:43,card_out,out,59137.62,KZT
11,Бауржан,Премиальная карта,вип,Павлодар,2025-08-29 12:53:48,p2p_out,out,12000.46,KZT
11,Бауржан,Премиальная карта,вип,Павлодар,2025-08-29 14:09:59,card_out,out,27250.64,KZT
11,Бауржан,Премиальная карта,вип,Павлодар,2025-08-30 09:22:27,salary_in,in,391517.01,KZT
11,Бауржан,Премиальная карта,вип,Павлодар,2025-08-30 10:34:10,card_out,out,8057.57,KZT
11,Бауржан,Премиальная карта,вип,Павлодар,2025-08-30 11:24:13,card_in,in,31059.54,KZT
11,Бауржан,Премиальная карта,вип,Павлодар,2025-08-30 17:01:32,card_out,out,13743.65,KZT
11,Бауржан,Премиальная карта,вип,Павлодар,2025-08-31 08:00:37,card_in,in,10982.52,KZT
11,Бауржан,Премиальная карта,вип,Павлодар,2025-08-31 08:36:03,card_out,out,10856.59,KZT
11,Бауржан,Премиальная карта,вип,Павлодар,2025-08-31 08:51:13,p2p_out,out,12042.7,KZT
11,Бауржан,Премиальная карта,вип,Павлодар,2025-08-31 09:45:38,atm_withdrawal,out,26249.67,KZT
11,Бауржан,Премиальная карта,вип,Павлодар,2025-08-31 10:08:56,p2p_out,out,26395.51,KZT
11,Бауржан,Премиальная карта,вип,Павлодар,2025-08-31 11:31:35,card_out,out,39394.29,KZT
11,Бауржан,Премиальная карта,вип,Павлодар,2025-08-31 15:12:34,cashback_in,in,15186.67,KZT
