﻿client_code,name,product,status,city,date,category,amount,currency
21,Павел,Обмен валют,вип,Алматы,2025-06-01 12:10:38,Продукты питания,14612.65,KZT
21,Павел,Обмен валют,вип,Алматы,2025-06-01 14:40:58,Кафе и рестораны,6119.26,KZT
21,Павел,Обмен валют,вип,Алматы,2025-06-01 19:00:47,Кафе и рестораны,10212.28,KZT
21,Павел,Обмен валют,вип,Алматы,2025-06-01 19:50:27,Смотрим дома,4889.87,KZT
21,Павел,Обмен валют,вип,Алматы,2025-06-02 08:30:48,Смотрим дома,3852.67,KZT
21,Павел,Обмен валют,вип,Алматы,2025-06-02 17:10:58,Смотрим дома,4411.61,KZT
21,Павел,Обмен валют,вип,Алматы,2025-06-02 19:00:32,Кафе и рестораны,16245.94,KZT
21,Павел,Обмен валют,вип,Алматы,2025-06-03 10:40:17,Кино,4137.42,KZT
21,Павел,Обмен валют,вип,Алматы,2025-06-03 12:10:50,Продукты питания,9024.14,KZT
21,Павел,Обмен валют,вип,Алматы,2025-06-03 16:20:22,Едим дома,5807.07,KZT
21,Павел,Обмен валют,вип,Алматы,2025-06-03 19:00:09,Кафе и рестораны,11720.91,KZT
21,Павел,Обмен валют,вип,Алматы,2025-06-03 19:30:26,Кино,4678.25,KZT
21,Павел,Обмен валют,вип,Алматы,2025-06-05 09:15:56,Такси,5433.59,KZT
21,Павел,Обмен валют,вип,Алматы,2025-06-05 12:10:18,Продукты питания,17028.85,KZT
21,Павел,Обмен валют,вип,Алматы,2025-06-05 19:00:00,Кафе и рестораны,8662.4,KZT
21,Павел,Обмен валют,вип,Алматы,2025-06-06 09:15:36,Такси,4441.78,KZT
21,Павел,Обмен валют,вип,Алматы,2025-06-06 12:10:29,Продукты питания,28079.69,KZT
21,Павел,Обмен валют,вип,Алматы,2025-06-06 19:30:41,Кафе и рестораны,6305.27,KZT
21,Павел,Обмен валют,вип,Алматы,2025-06-07 09:15:54,Такси,7755.57,KZT
21,Павел,Обмен валют,вип,Алматы,2025-06-07 12:10:03,Продукты питания,15967.94,KZT
21,Павел,Обмен валют,вип,Алматы,2025-06-07 12:20:31,Смотрим дома,3180.65,KZT
21,Павел,Обмен валют,вип,Алматы,2025-06-07 14:30:55,Смотрим дома,5310.41,KZT
21,Павел,Обмен валют,вип,Алматы,2025-06-07 18:30:34,Кино,2303.98,KZT
21,Павел,Обмен валют,вип,Алматы,2025-06-08 09:15:30,Такси,5326.17,KZT
21,Павел,Обмен валют,вип,Алматы,2025-06-08 10:50:18,Играем дома,5182.28,KZT
21,Павел,Обмен валют,вип,Алматы,2025-06-08 15:50:38,Кафе и рестораны,8768.0,KZT
21,Павел,Обмен валют,вип,Алматы,2025-06-08 18:40:34,Кино,5016.9,KZT
21,Павел,Обмен валют,вип,Алматы,2025-06-08 21:50:30,Играем дома,5209.0,KZT
21,Павел,Обмен валют,вип,Алматы,2025-06-09 12:10:30,Продукты питания,10549.68,KZT
21,Павел,Обмен валют,вип,Алматы,2025-06-09 12:50:37,Смотрим дома,3693.98,KZT
21,Павел,Обмен валют,вип,Алматы,2025-06-09 14:50:28,Такси,4481.59,KZT
21,Павел,Обмен валют,вип,Алматы,2025-06-11 12:10:42,Продукты питания,15183.3,KZT
21,Павел,Обмен валют,вип,Алматы,2025-06-11 14:00:12,Смотрим дома,4200.7,KZT
21,Павел,Обмен валют,вип,Алматы,2025-06-11 17:20:36,Такси,4319.98,KZT
21,Павел,Обмен валют,вип,Алматы,2025-06-11 18:00:00,Такси,3582.58,KZT
21,Павел,Обмен валют,вип,Алматы,2025-06-13 12:10:30,Продукты питания,18139.15,KZT
21,Павел,Обмен валют,вип,Алматы,2025-06-13 14:30:42,Кафе и рестораны,5059.08,KZT
21,Павел,Обмен валют,вип,Алматы,2025-06-15 09:15:08,Такси,3886.79,KZT
21,Павел,Обмен валют,вип,Алматы,2025-06-15 11:40:54,Такси,5009.42,KZT
21,Павел,Обмен валют,вип,Алматы,2025-06-15 12:10:26,Продукты питания,7083.83,KZT
21,Павел,Обмен валют,вип,Алматы,2025-06-15 19:00:00,Кафе и рестораны,8037.59,KZT
21,Павел,Обмен валют,вип,Алматы,2025-06-15 20:10:44,Кино,6297.59,KZT
21,Павел,Обмен валют,вип,Алматы,2025-06-16 08:10:16,Кафе и рестораны,4868.72,KZT
21,Павел,Обмен валют,вип,Алматы,2025-06-16 12:10:05,Играем дома,3422.08,KZT
21,Павел,Обмен валют,вип,Алматы,2025-06-16 12:10:24,Продукты питания,23369.36,KZT
21,Павел,Обмен валют,вип,Алматы,2025-06-16 13:40:10,Смотрим дома,5697.93,KZT
21,Павел,Обмен валют,вип,Алматы,2025-06-16 14:00:13,Кафе и рестораны,6221.05,KZT
21,Павел,Обмен валют,вип,Алматы,2025-06-16 19:00:02,Кафе и рестораны,11811.72,KZT
21,Павел,Обмен валют,вип,Алматы,2025-06-16 21:40:06,Смотрим дома,12000.0,KZT
21,Павел,Обмен валют,вип,Алматы,2025-06-17 12:10:04,Продукты питания,13770.31,KZT
21,Павел,Обмен валют,вип,Алматы,2025-06-17 18:30:41,АЗС,21669.19,KZT
21,Павел,Обмен валют,вип,Алматы,2025-06-17 18:50:48,Смотрим дома,5504.18,KZT
21,Павел,Обмен валют,вип,Алматы,2025-06-17 19:00:26,Кино,4182.69,KZT
21,Павел,Обмен валют,вип,Алматы,2025-06-17 19:00:28,Кафе и рестораны,6707.98,KZT
21,Павел,Обмен валют,вип,Алматы,2025-06-17 21:50:20,Кино,6569.73,KZT
21,Павел,Обмен валют,вип,Алматы,2025-06-18 18:30:40,АЗС,29463.81,KZT
21,Павел,Обмен валют,вип,Алматы,2025-06-18 18:30:59,Играем дома,4495.0,KZT
21,Павел,Обмен валют,вип,Алматы,2025-06-19 09:50:11,Играем дома,4637.81,KZT
21,Павел,Обмен валют,вип,Алматы,2025-06-19 11:00:44,Смотрим дома,5383.8,KZT
21,Павел,Обмен валют,вип,Алматы,2025-06-19 12:10:18,Продукты питания,8605.91,KZT
21,Павел,Обмен валют,вип,Алматы,2025-06-19 15:50:07,Играем дома,5232.73,KZT
21,Павел,Обмен валют,вип,Алматы,2025-06-20 08:50:40,Смотрим дома,4987.97,KZT
21,Павел,Обмен валют,вип,Алматы,2025-06-20 09:15:14,Такси,3138.7,KZT
21,Павел,Обмен валют,вип,Алматы,2025-06-20 12:10:13,Продукты питания,15208.52,KZT
21,Павел,Обмен валют,вип,Алматы,2025-06-21 09:00:35,Смотрим дома,5422.4,KZT
21,Павел,Обмен валют,вип,Алматы,2025-06-21 15:20:02,Такси,2365.71,KZT
21,Павел,Обмен валют,вип,Алматы,2025-06-21 18:00:39,Едим дома,4995.05,KZT
21,Павел,Обмен валют,вип,Алматы,2025-06-21 18:20:31,Смотрим дома,7992.47,KZT
21,Павел,Обмен валют,вип,Алматы,2025-06-21 19:00:25,Кафе и рестораны,9071.81,KZT
21,Павел,Обмен валют,вип,Алматы,2025-06-22 12:10:23,Продукты питания,20928.2,KZT
21,Павел,Обмен валют,вип,Алматы,2025-06-22 16:30:06,Кино,5930.77,KZT
21,Павел,Обмен валют,вип,Алматы,2025-06-22 19:00:47,Кафе и рестораны,6064.6,KZT
21,Павел,Обмен валют,вип,Алматы,2025-06-22 20:30:27,Кафе и рестораны,4676.47,KZT
21,Павел,Обмен валют,вип,Алматы,2025-06-23 12:10:09,Продукты питания,17495.4,KZT
21,Павел,Обмен валют,вип,Алматы,2025-06-23 16:10:33,Кафе и рестораны,5174.57,KZT
21,Павел,Обмен валют,вип,Алматы,2025-06-23 18:30:15,АЗС,10674.86,KZT
21,Павел,Обмен валют,вип,Алматы,2025-06-23 19:00:23,Кафе и рестораны,12405.17,KZT
21,Павел,Обмен валют,вип,Алматы,2025-06-24 09:00:46,Кафе и рестораны,5744.13,KZT
21,Павел,Обмен валют,вип,Алматы,2025-06-24 10:50:50,Играем дома,3933.28,KZT
21,Павел,Обмен валют,вип,Алматы,2025-06-24 13:20:56,Едим дома,5498.85,KZT
21,Павел,Обмен валют,вип,Алматы,2025-06-24 19:00:28,Такси,6196.92,KZT
21,Павел,Обмен валют,вип,Алматы,2025-06-24 19:00:58,Кафе и рестораны,3421.48,KZT
21,Павел,Обмен валют,вип,Алматы,2025-06-24 20:20:36,Кино,3081.91,KZT
21,Павел,Обмен валют,вип,Алматы,2025-06-24 21:50:46,Смотрим дома,5688.72,KZT
21,Павел,Обмен валют,вип,Алматы,2025-06-28 09:15:43,Такси,4109.42,KZT
21,Павел,Обмен валют,вип,Алматы,2025-06-28 10:50:48,Кино,5313.08,KZT
21,Павел,Обмен валют,вип,Алматы,2025-06-28 12:40:05,Такси,5886.12,KZT
21,Павел,Обмен валют,вип,Алматы,2025-06-28 15:00:30,Смотрим дома,4527.55,KZT
21,Павел,Обмен валют,вип,Алматы,2025-06-28 16:10:55,Кино,4300.56,KZT
21,Павел,Обмен валют,вип,Алматы,2025-06-29 11:40:36,Кино,6461.76,KZT
21,Павел,Обмен валют,вип,Алматы,2025-06-29 13:10:59,Кафе и рестораны,7079.28,KZT
21,Павел,Обмен валют,вип,Алматы,2025-06-29 16:00:55,Кино,4109.14,KZT
21,Павел,Обмен валют,вип,Алматы,2025-06-29 19:00:39,Кафе и рестораны,2322.9,KZT
21,Павел,Обмен валют,вип,Алматы,2025-06-30 09:00:42,Такси,4758.46,KZT
21,Павел,Обмен валют,вип,Алматы,2025-06-30 11:10:45,Кафе и рестораны,4800.01,KZT
21,Павел,Обмен валют,вип,Алматы,2025-06-30 12:10:55,Продукты питания,5272.37,KZT
21,Павел,Обмен валют,вип,Алматы,2025-06-30 12:40:44,Кино,4015.81,KZT
21,Павел,Обмен валют,вип,Алматы,2025-06-30 17:50:03,Кино,3442.89,KZT
21,Павел,Обмен валют,вип,Алматы,2025-06-30 19:00:02,Кафе и рестораны,5898.1,KZT
21,Павел,Обмен валют,вип,Алматы,2025-06-30 21:20:25,Такси,4195.1,KZT
21,Павел,Обмен валют,вип,Алматы,2025-07-01 12:10:47,Продукты питания,10897.43,KZT
21,Павел,Обмен валют,вип,Алматы,2025-07-01 17:20:04,Такси,5348.99,KZT
21,Павел,Обмен валют,вип,Алматы,2025-07-02 11:10:31,Смотрим дома,5867.9,KZT
21,Павел,Обмен валют,вип,Алматы,2025-07-02 11:40:12,Кино,3511.85,KZT
21,Павел,Обмен валют,вип,Алматы,2025-07-02 12:10:37,Продукты питания,12338.1,KZT
21,Павел,Обмен валют,вип,Алматы,2025-07-02 15:10:36,Едим дома,5195.71,KZT
21,Павел,Обмен валют,вип,Алматы,2025-07-03 08:30:21,Едим дома,3114.13,KZT
21,Павел,Обмен валют,вип,Алматы,2025-07-03 12:10:17,Продукты питания,18420.11,KZT
21,Павел,Обмен валют,вип,Алматы,2025-07-03 14:40:17,Играем дома,4722.72,KZT
21,Павел,Обмен валют,вип,Алматы,2025-07-03 20:40:53,Смотрим дома,4888.08,KZT
21,Павел,Обмен валют,вип,Алматы,2025-07-06 08:40:39,Играем дома,4404.07,KZT
21,Павел,Обмен валют,вип,Алматы,2025-07-06 12:10:55,Продукты питания,13781.79,KZT
21,Павел,Обмен валют,вип,Алматы,2025-07-06 15:20:34,Играем дома,4370.55,KZT
21,Павел,Обмен валют,вип,Алматы,2025-07-06 18:40:47,Кафе и рестораны,5910.95,KZT
21,Павел,Обмен валют,вип,Алматы,2025-07-07 11:20:23,Кино,5266.67,KZT
21,Павел,Обмен валют,вип,Алматы,2025-07-07 18:50:14,Едим дома,5275.04,KZT
21,Павел,Обмен валют,вип,Алматы,2025-07-07 19:00:56,Кафе и рестораны,8732.22,KZT
21,Павел,Обмен валют,вип,Алматы,2025-07-08 12:10:52,Продукты питания,12802.41,KZT
21,Павел,Обмен валют,вип,Алматы,2025-07-08 14:10:59,Кино,3413.27,KZT
21,Павел,Обмен валют,вип,Алматы,2025-07-08 21:40:29,Кафе и рестораны,5593.36,KZT
21,Павел,Обмен валют,вип,Алматы,2025-07-10 09:15:59,Такси,2889.13,KZT
21,Павел,Обмен валют,вип,Алматы,2025-07-10 11:50:45,Такси,4297.81,KZT
21,Павел,Обмен валют,вип,Алматы,2025-07-10 12:10:51,Продукты питания,16088.68,KZT
21,Павел,Обмен валют,вип,Алматы,2025-07-10 14:20:36,Едим дома,4014.72,KZT
21,Павел,Обмен валют,вип,Алматы,2025-07-10 19:00:24,Кафе и рестораны,8607.61,KZT
21,Павел,Обмен валют,вип,Алматы,2025-07-10 21:50:33,Едим дома,5774.11,KZT
21,Павел,Обмен валют,вип,Алматы,2025-07-11 15:30:03,Кино,4754.5,KZT
21,Павел,Обмен валют,вип,Алматы,2025-07-11 18:30:19,АЗС,13921.09,KZT
21,Павел,Обмен валют,вип,Алматы,2025-07-13 09:50:24,Кафе и рестораны,4645.71,KZT
21,Павел,Обмен валют,вип,Алматы,2025-07-13 11:30:30,Смотрим дома,2925.96,KZT
21,Павел,Обмен валют,вип,Алматы,2025-07-13 12:10:55,Продукты питания,9479.46,KZT
21,Павел,Обмен валют,вип,Алматы,2025-07-14 11:10:13,Играем дома,3937.62,KZT
21,Павел,Обмен валют,вип,Алматы,2025-07-14 12:10:10,Продукты питания,21382.56,KZT
21,Павел,Обмен валют,вип,Алматы,2025-07-14 14:50:34,Играем дома,4175.31,KZT
21,Павел,Обмен валют,вип,Алматы,2025-07-14 17:20:43,Кафе и рестораны,4345.99,KZT
21,Павел,Обмен валют,вип,Алматы,2025-07-14 19:00:56,Кафе и рестораны,7994.59,KZT
21,Павел,Обмен валют,вип,Алматы,2025-07-15 09:15:35,Такси,4136.73,KZT
21,Павел,Обмен валют,вип,Алматы,2025-07-15 12:10:47,Продукты питания,25669.42,KZT
21,Павел,Обмен валют,вип,Алматы,2025-07-15 19:00:39,Кафе и рестораны,5887.53,KZT
21,Павел,Обмен валют,вип,Алматы,2025-07-15 20:20:46,Кино,6648.57,KZT
21,Павел,Обмен валют,вип,Алматы,2025-07-15 21:30:02,Кафе и рестораны,5673.8,KZT
21,Павел,Обмен валют,вип,Алматы,2025-07-16 08:20:40,Смотрим дома,5033.87,KZT
21,Павел,Обмен валют,вип,Алматы,2025-07-16 12:10:52,Продукты питания,10517.1,KZT
21,Павел,Обмен валют,вип,Алматы,2025-07-17 09:00:37,Кино,5396.12,KZT
21,Павел,Обмен валют,вип,Алматы,2025-07-17 12:10:32,Продукты питания,10679.61,KZT
21,Павел,Обмен валют,вип,Алматы,2025-07-17 17:30:32,Смотрим дома,2635.15,KZT
21,Павел,Обмен валют,вип,Алматы,2025-07-17 18:40:37,Играем дома,5615.61,KZT
21,Павел,Обмен валют,вип,Алматы,2025-07-17 19:00:02,Кафе и рестораны,9671.48,KZT
21,Павел,Обмен валют,вип,Алматы,2025-07-18 09:40:30,Кафе и рестораны,5047.58,KZT
21,Павел,Обмен валют,вип,Алматы,2025-07-18 12:10:09,Продукты питания,9893.54,KZT
21,Павел,Обмен валют,вип,Алматы,2025-07-18 18:50:46,Кафе и рестораны,5441.99,KZT
21,Павел,Обмен валют,вип,Алматы,2025-07-18 19:00:19,Кафе и рестораны,7185.25,KZT
21,Павел,Обмен валют,вип,Алматы,2025-07-18 19:10:14,Кафе и рестораны,4756.46,KZT
21,Павел,Обмен валют,вип,Алматы,2025-07-18 19:20:53,Играем дома,7426.83,KZT
21,Павел,Обмен валют,вип,Алматы,2025-07-19 12:10:53,Продукты питания,9862.28,KZT
21,Павел,Обмен валют,вип,Алматы,2025-07-19 13:40:29,Смотрим дома,4771.82,KZT
21,Павел,Обмен валют,вип,Алматы,2025-07-22 08:40:13,Кафе и рестораны,4130.86,KZT
21,Павел,Обмен валют,вип,Алматы,2025-07-22 09:15:48,Такси,7409.97,KZT
21,Павел,Обмен валют,вип,Алматы,2025-07-22 10:00:52,Кафе и рестораны,3763.34,KZT
21,Павел,Обмен валют,вип,Алматы,2025-07-23 12:10:42,Продукты питания,15504.25,KZT
21,Павел,Обмен валют,вип,Алматы,2025-07-23 15:20:08,Такси,7087.82,KZT
21,Павел,Обмен валют,вип,Алматы,2025-07-23 16:20:53,Играем дома,3828.54,KZT
21,Павел,Обмен валют,вип,Алматы,2025-07-23 16:50:56,Такси,4439.46,KZT
21,Павел,Обмен валют,вип,Алматы,2025-07-24 12:10:43,Продукты питания,14912.4,KZT
21,Павел,Обмен валют,вип,Алматы,2025-07-25 10:50:19,Кафе и рестораны,5493.32,KZT
21,Павел,Обмен валют,вип,Алматы,2025-07-25 12:10:12,Продукты питания,7959.35,KZT
21,Павел,Обмен валют,вип,Алматы,2025-07-25 12:20:24,Такси,4419.24,KZT
21,Павел,Обмен валют,вип,Алматы,2025-07-25 18:50:23,Едим дома,8170.62,KZT
21,Павел,Обмен валют,вип,Алматы,2025-07-25 21:30:56,Едим дома,2567.58,KZT
21,Павел,Обмен валют,вип,Алматы,2025-07-26 09:15:39,Такси,3658.62,KZT
21,Павел,Обмен валют,вип,Алматы,2025-07-26 13:20:11,Такси,5062.42,KZT
21,Павел,Обмен валют,вип,Алматы,2025-07-26 19:00:45,Кафе и рестораны,9640.67,KZT
21,Павел,Обмен валют,вип,Алматы,2025-07-27 12:10:02,Продукты питания,10870.18,KZT
21,Павел,Обмен валют,вип,Алматы,2025-07-27 13:20:34,Играем дома,7710.57,KZT
21,Павел,Обмен валют,вип,Алматы,2025-07-27 15:20:02,Кино,8456.81,KZT
21,Павел,Обмен валют,вип,Алматы,2025-07-27 18:50:56,Кино,7295.14,KZT
21,Павел,Обмен валют,вип,Алматы,2025-07-28 09:15:27,Такси,4397.45,KZT
21,Павел,Обмен валют,вип,Алматы,2025-07-28 11:00:52,Смотрим дома,6161.73,KZT
21,Павел,Обмен валют,вип,Алматы,2025-07-28 13:10:07,Смотрим дома,5174.81,KZT
21,Павел,Обмен валют,вип,Алматы,2025-07-28 13:30:25,Играем дома,3838.78,KZT
21,Павел,Обмен валют,вип,Алматы,2025-07-28 13:40:40,Едим дома,3732.92,KZT
21,Павел,Обмен валют,вип,Алматы,2025-07-28 15:40:33,Играем дома,6614.43,KZT
21,Павел,Обмен валют,вип,Алматы,2025-07-28 17:10:17,Кафе и рестораны,3888.61,KZT
21,Павел,Обмен валют,вип,Алматы,2025-07-28 19:00:58,Кафе и рестораны,14129.81,KZT
21,Павел,Обмен валют,вип,Алматы,2025-07-29 09:15:40,Такси,2483.55,KZT
21,Павел,Обмен валют,вип,Алматы,2025-07-29 12:10:14,Продукты питания,11875.78,KZT
21,Павел,Обмен валют,вип,Алматы,2025-07-29 15:40:51,Такси,5163.62,KZT
21,Павел,Обмен валют,вип,Алматы,2025-07-29 19:00:30,Кафе и рестораны,9639.95,KZT
21,Павел,Обмен валют,вип,Алматы,2025-07-29 20:50:21,Кино,5140.66,KZT
21,Павел,Обмен валют,вип,Алматы,2025-07-30 08:20:23,Такси,6331.27,KZT
21,Павел,Обмен валют,вип,Алматы,2025-07-30 09:15:33,Такси,4447.13,KZT
21,Павел,Обмен валют,вип,Алматы,2025-07-30 12:00:39,Едим дома,3402.7,KZT
21,Павел,Обмен валют,вип,Алматы,2025-07-30 12:10:22,Продукты питания,11776.37,KZT
21,Павел,Обмен валют,вип,Алматы,2025-07-30 14:30:57,Такси,5385.63,KZT
21,Павел,Обмен валют,вип,Алматы,2025-07-30 15:10:00,Едим дома,8582.32,KZT
21,Павел,Обмен валют,вип,Алматы,2025-07-30 19:00:57,Кафе и рестораны,6171.21,KZT
21,Павел,Обмен валют,вип,Алматы,2025-07-31 12:10:42,Продукты питания,9816.99,KZT
21,Павел,Обмен валют,вип,Алматы,2025-07-31 12:50:26,Едим дома,6567.55,KZT
21,Павел,Обмен валют,вип,Алматы,2025-07-31 16:20:05,Кафе и рестораны,3976.13,KZT
21,Павел,Обмен валют,вип,Алматы,2025-07-31 19:00:02,Кафе и рестораны,3386.71,KZT
21,Павел,Обмен валют,вип,Алматы,2025-08-02 10:00:35,Такси,3974.66,KZT
21,Павел,Обмен валют,вип,Алматы,2025-08-02 12:10:53,Продукты питания,20188.41,KZT
21,Павел,Обмен валют,вип,Алматы,2025-08-02 18:30:21,АЗС,17651.29,KZT
21,Павел,Обмен валют,вип,Алматы,2025-08-03 10:50:00,Кино,4544.69,KZT
21,Павел,Обмен валют,вип,Алматы,2025-08-03 12:30:17,Едим дома,4129.22,KZT
21,Павел,Обмен валют,вип,Алматы,2025-08-03 12:50:08,Кино,3619.66,KZT
21,Павел,Обмен валют,вип,Алматы,2025-08-03 16:30:15,Кафе и рестораны,5150.22,KZT
21,Павел,Обмен валют,вип,Алматы,2025-08-03 16:40:00,Едим дома,3728.15,KZT
21,Павел,Обмен валют,вип,Алматы,2025-08-03 17:10:35,Такси,7689.83,KZT
21,Павел,Обмен валют,вип,Алматы,2025-08-03 19:00:28,Кафе и рестораны,12397.37,KZT
21,Павел,Обмен валют,вип,Алматы,2025-08-04 09:30:25,Смотрим дома,4047.54,KZT
21,Павел,Обмен валют,вип,Алматы,2025-08-04 12:10:03,Продукты питания,17986.77,KZT
21,Павел,Обмен валют,вип,Алматы,2025-08-04 21:00:25,Смотрим дома,7754.76,KZT
21,Павел,Обмен валют,вип,Алматы,2025-08-05 12:10:47,Продукты питания,11389.42,KZT
21,Павел,Обмен валют,вип,Алматы,2025-08-05 19:00:16,Играем дома,5956.92,KZT
21,Павел,Обмен валют,вип,Алматы,2025-08-05 19:00:46,Кафе и рестораны,16140.17,KZT
21,Павел,Обмен валют,вип,Алматы,2025-08-07 09:15:20,Такси,7876.82,KZT
21,Павел,Обмен валют,вип,Алматы,2025-08-07 11:10:59,Кафе и рестораны,3523.52,KZT
21,Павел,Обмен валют,вип,Алматы,2025-08-07 11:50:16,Смотрим дома,6136.81,KZT
21,Павел,Обмен валют,вип,Алматы,2025-08-07 12:10:50,Продукты питания,15120.44,KZT
21,Павел,Обмен валют,вип,Алматы,2025-08-07 12:30:54,Смотрим дома,5305.16,KZT
21,Павел,Обмен валют,вип,Алматы,2025-08-07 14:50:14,Кино,4001.08,KZT
21,Павел,Обмен валют,вип,Алматы,2025-08-07 19:00:49,Кафе и рестораны,14776.08,KZT
21,Павел,Обмен валют,вип,Алматы,2025-08-08 09:15:09,Такси,3673.3,KZT
21,Павел,Обмен валют,вип,Алматы,2025-08-08 10:20:30,Кафе и рестораны,5247.97,KZT
21,Павел,Обмен валют,вип,Алматы,2025-08-08 12:10:52,Продукты питания,18990.17,KZT
21,Павел,Обмен валют,вип,Алматы,2025-08-08 12:30:27,Такси,5441.96,KZT
21,Павел,Обмен валют,вип,Алматы,2025-08-08 16:00:28,Едим дома,3246.72,KZT
21,Павел,Обмен валют,вип,Алматы,2025-08-08 18:10:04,Кино,5797.15,KZT
21,Павел,Обмен валют,вип,Алматы,2025-08-08 18:10:51,Кафе и рестораны,6928.46,KZT
21,Павел,Обмен валют,вип,Алматы,2025-08-08 18:40:53,Играем дома,4842.05,KZT
21,Павел,Обмен валют,вип,Алматы,2025-08-08 19:00:43,Кафе и рестораны,7756.17,KZT
21,Павел,Обмен валют,вип,Алматы,2025-08-10 11:50:23,Кино,6308.31,KZT
21,Павел,Обмен валют,вип,Алматы,2025-08-10 12:10:34,Продукты питания,7342.2,KZT
21,Павел,Обмен валют,вип,Алматы,2025-08-10 15:00:58,Кафе и рестораны,7445.5,KZT
21,Павел,Обмен валют,вип,Алматы,2025-08-10 19:00:13,Кафе и рестораны,16082.62,KZT
21,Павел,Обмен валют,вип,Алматы,2025-08-10 20:00:38,Играем дома,5906.39,KZT
21,Павел,Обмен валют,вип,Алматы,2025-08-11 09:15:34,Такси,3582.58,KZT
21,Павел,Обмен валют,вип,Алматы,2025-08-11 12:10:04,Такси,3023.09,KZT
21,Павел,Обмен валют,вип,Алматы,2025-08-11 12:10:13,Продукты питания,8624.14,KZT
21,Павел,Обмен валют,вип,Алматы,2025-08-11 15:20:38,Едим дома,8349.46,KZT
21,Павел,Обмен валют,вип,Алматы,2025-08-11 19:40:28,Едим дома,5059.26,KZT
21,Павел,Обмен валют,вип,Алматы,2025-08-12 11:30:22,Едим дома,4394.8,KZT
21,Павел,Обмен валют,вип,Алматы,2025-08-12 12:10:27,Продукты питания,20997.19,KZT
21,Павел,Обмен валют,вип,Алматы,2025-08-12 15:00:40,Такси,6073.9,KZT
21,Павел,Обмен валют,вип,Алматы,2025-08-12 17:00:34,Кафе и рестораны,5071.99,KZT
21,Павел,Обмен валют,вип,Алматы,2025-08-13 09:15:01,Такси,3755.63,KZT
21,Павел,Обмен валют,вип,Алматы,2025-08-13 09:50:42,Такси,4549.57,KZT
21,Павел,Обмен валют,вип,Алматы,2025-08-13 12:10:48,Продукты питания,16444.42,KZT
21,Павел,Обмен валют,вип,Алматы,2025-08-13 17:40:34,Играем дома,7552.46,KZT
21,Павел,Обмен валют,вип,Алматы,2025-08-13 18:20:12,Такси,6873.15,KZT
21,Павел,Обмен валют,вип,Алматы,2025-08-13 19:00:38,Кафе и рестораны,11851.45,KZT
21,Павел,Обмен валют,вип,Алматы,2025-08-13 20:00:21,Едим дома,4368.89,KZT
21,Павел,Обмен валют,вип,Алматы,2025-08-14 18:10:02,Едим дома,3007.57,KZT
21,Павел,Обмен валют,вип,Алматы,2025-08-14 19:00:27,Кафе и рестораны,7451.52,KZT
21,Павел,Обмен валют,вип,Алматы,2025-08-16 09:15:45,Такси,2782.76,KZT
21,Павел,Обмен валют,вип,Алматы,2025-08-16 11:50:46,Едим дома,5752.19,KZT
21,Павел,Обмен валют,вип,Алматы,2025-08-16 12:20:33,Смотрим дома,7470.33,KZT
21,Павел,Обмен валют,вип,Алматы,2025-08-16 17:20:36,Такси,5018.77,KZT
21,Павел,Обмен валют,вип,Алматы,2025-08-16 19:50:49,Кино,5067.43,KZT
21,Павел,Обмен валют,вип,Алматы,2025-08-19 09:10:33,Кафе и рестораны,2771.74,KZT
21,Павел,Обмен валют,вип,Алматы,2025-08-19 09:15:24,Такси,1600.35,KZT
21,Павел,Обмен валют,вип,Алматы,2025-08-19 19:10:13,Такси,3122.12,KZT
21,Павел,Обмен валют,вип,Алматы,2025-08-19 19:50:00,Едим дома,5702.74,KZT
21,Павел,Обмен валют,вип,Алматы,2025-08-19 19:50:07,Кино,4800.8,KZT
21,Павел,Обмен валют,вип,Алматы,2025-08-20 12:10:04,Продукты питания,14106.13,KZT
21,Павел,Обмен валют,вип,Алматы,2025-08-20 14:30:03,Смотрим дома,6066.69,KZT
21,Павел,Обмен валют,вип,Алматы,2025-08-20 16:00:48,Такси,4727.76,KZT
21,Павел,Обмен валют,вип,Алматы,2025-08-20 18:50:22,Смотрим дома,6235.78,KZT
21,Павел,Обмен валют,вип,Алматы,2025-08-20 19:00:24,Смотрим дома,5617.2,KZT
21,Павел,Обмен валют,вип,Алматы,2025-08-20 20:00:42,Играем дома,11464.2,KZT
21,Павел,Обмен валют,вип,Алматы,2025-08-20 21:10:33,Кафе и рестораны,5419.96,KZT
21,Павел,Обмен валют,вип,Алматы,2025-08-23 09:30:26,Смотрим дома,8403.0,KZT
21,Павел,Обмен валют,вип,Алматы,2025-08-23 11:20:59,Кино,5402.84,KZT
21,Павел,Обмен валют,вип,Алматы,2025-08-23 11:40:52,Кино,6193.94,KZT
21,Павел,Обмен валют,вип,Алматы,2025-08-23 19:00:36,Кафе и рестораны,18977.5,KZT
21,Павел,Обмен валют,вип,Алматы,2025-08-23 19:20:52,Такси,3114.32,KZT
21,Павел,Обмен валют,вип,Алматы,2025-08-23 20:30:14,Такси,6442.59,KZT
21,Павел,Обмен валют,вип,Алматы,2025-08-23 21:10:51,Смотрим дома,5630.21,KZT
21,Павел,Обмен валют,вип,Алматы,2025-08-24 08:10:38,Играем дома,3339.28,KZT
21,Павел,Обмен валют,вип,Алматы,2025-08-24 08:50:19,Едим дома,5543.08,KZT
21,Павел,Обмен валют,вип,Алматы,2025-08-24 19:00:12,Кафе и рестораны,22000.0,KZT
21,Павел,Обмен валют,вип,Алматы,2025-08-25 09:20:54,Такси,4843.8,KZT
21,Павел,Обмен валют,вип,Алматы,2025-08-25 12:00:16,Едим дома,5028.09,KZT
21,Павел,Обмен валют,вип,Алматы,2025-08-25 12:10:44,Продукты питания,12632.84,KZT
21,Павел,Обмен валют,вип,Алматы,2025-08-25 12:20:03,Кино,4531.93,KZT
21,Павел,Обмен валют,вип,Алматы,2025-08-25 17:50:17,Кафе и рестораны,7009.86,KZT
21,Павел,Обмен валют,вип,Алматы,2025-08-26 08:30:46,Играем дома,5808.85,KZT
21,Павел,Обмен валют,вип,Алматы,2025-08-26 10:10:29,Едим дома,8083.74,KZT
21,Павел,Обмен валют,вип,Алматы,2025-08-26 10:50:15,Такси,3506.85,KZT
21,Павел,Обмен валют,вип,Алматы,2025-08-26 12:10:10,Продукты питания,17279.05,KZT
21,Павел,Обмен валют,вип,Алматы,2025-08-26 12:30:26,Играем дома,6948.06,KZT
21,Павел,Обмен валют,вип,Алматы,2025-08-26 13:30:39,Кино,5291.62,KZT
21,Павел,Обмен валют,вип,Алматы,2025-08-26 14:30:36,Едим дома,4380.9,KZT
21,Павел,Обмен валют,вип,Алматы,2025-08-26 16:20:15,Такси,4885.42,KZT
21,Павел,Обмен валют,вип,Алматы,2025-08-26 17:20:30,Кафе и рестораны,4803.99,KZT
21,Павел,Обмен валют,вип,Алматы,2025-08-26 18:10:23,Едим дома,7458.53,KZT
21,Павел,Обмен валют,вип,Алматы,2025-08-26 19:00:09,Кафе и рестораны,9711.34,KZT
21,Павел,Обмен валют,вип,Алматы,2025-08-27 18:00:46,Кафе и рестораны,5729.65,KZT
21,Павел,Обмен валют,вип,Алматы,2025-08-27 19:00:12,Кафе и рестораны,8275.65,KZT
