﻿client_code,name,product,status,city,date,type,direction,amount,currency
53,Расул,Инвестиции,Зарплатный клиент,Караганда,2025-06-01 18:00:35,p2p_out,out,16592.14,KZT
53,Расул,Инвестиции,Зарплатный клиент,Караганда,2025-06-01 20:40:07,card_out,out,37608.75,KZT
53,Расул,Инвестиции,Зарплатный клиент,Караганда,2025-06-02 09:32:23,card_out,out,19839.07,KZT
53,Расул,Инвестиции,Зарплатный клиент,Караганда,2025-06-02 10:13:35,refund_in,in,21650.37,KZT
53,Расул,Инвестиции,Зарплатный клиент,Караганда,2025-06-02 13:37:55,card_out,out,35709.27,KZT
53,Расул,Инвестиции,Зарплатный клиент,Караганда,2025-06-02 16:20:16,card_out,out,22807.74,KZT
53,Расул,Инвестиции,Зарплатный клиент,Караганда,2025-06-02 17:03:51,utilities_out,out,25456.27,KZT
53,Расул,Инвестиции,Зарплатный клиент,Караганда,2025-06-02 19:46:54,utilities_out,out,10264.33,KZT
53,Расул,Инвестиции,Зарплатный клиент,Караганда,2025-06-03 08:35:08,card_out,out,15860.32,KZT
53,Расул,Инвестиции,Зарплатный клиент,Караганда,2025-06-03 12:49:51,p2p_out,out,23301.58,KZT
53,Расул,Инвестиции,Зарплатный клиент,Караганда,2025-06-03 14:24:27,utilities_out,out,18600.31,KZT
53,Расул,Инвестиции,Зарплатный клиент,Караганда,2025-06-03 15:46:41,p2p_out,out,16035.89,KZT
53,Расул,Инвестиции,Зарплатный клиент,Караганда,2025-06-03 16:40:31,loan_payment_out,out,47773.02,KZT
53,Расул,Инвестиции,Зарплатный клиент,Караганда,2025-06-03 19:08:47,invest_out,out,91034.13,KZT
53,Расул,Инвестиции,Зарплатный клиент,Караганда,2025-06-04 16:06:32,card_out,out,16969.11,KZT
53,Расул,Инвестиции,Зарплатный клиент,Караганда,2025-06-04 19:50:31,card_out,out,9863.4,KZT
53,Расул,Инвестиции,Зарплатный клиент,Караганда,2025-06-05 15:02:17,card_out,out,14629.6,KZT
53,Расул,Инвестиции,Зарплатный клиент,Караганда,2025-06-05 16:56:06,invest_out,out,178878.4,KZT
53,Расул,Инвестиции,Зарплатный клиент,Караганда,2025-06-05 18:33:30,card_out,out,16742.96,KZT
53,Расул,Инвестиции,Зарплатный клиент,Караганда,2025-06-05 18:37:37,card_out,out,20186.46,KZT
53,Расул,Инвестиции,Зарплатный клиент,Караганда,2025-06-06 08:48:09,invest_out,out,74768.73,KZT
53,Расул,Инвестиции,Зарплатный клиент,Караганда,2025-06-06 10:45:51,card_out,out,18232.46,KZT
53,Расул,Инвестиции,Зарплатный клиент,Караганда,2025-06-07 18:52:45,p2p_out,out,15084.11,KZT
53,Расул,Инвестиции,Зарплатный клиент,Караганда,2025-06-08 10:24:39,card_in,in,39937.4,KZT
53,Расул,Инвестиции,Зарплатный клиент,Караганда,2025-06-08 11:48:31,invest_in,in,149144.78,KZT
53,Расул,Инвестиции,Зарплатный клиент,Караганда,2025-06-08 11:58:23,cashback_in,in,7173.61,KZT
53,Расул,Инвестиции,Зарплатный клиент,Караганда,2025-06-08 14:55:54,atm_withdrawal,out,47782.96,KZT
53,Расул,Инвестиции,Зарплатный клиент,Караганда,2025-06-08 14:59:47,p2p_out,out,13040.45,KZT
53,Расул,Инвестиции,Зарплатный клиент,Караганда,2025-06-08 17:14:49,card_out,out,7259.52,KZT
53,Расул,Инвестиции,Зарплатный клиент,Караганда,2025-06-08 18:41:36,card_out,out,29273.06,KZT
53,Расул,Инвестиции,Зарплатный клиент,Караганда,2025-06-09 08:22:13,cashback_in,in,4942.72,KZT
53,Расул,Инвестиции,Зарплатный клиент,Караганда,2025-06-09 10:49:34,cashback_in,in,15839.82,KZT
53,Расул,Инвестиции,Зарплатный клиент,Караганда,2025-06-10 08:21:25,p2p_out,out,27445.91,KZT
53,Расул,Инвестиции,Зарплатный клиент,Караганда,2025-06-10 08:38:08,card_out,out,12660.94,KZT
53,Расул,Инвестиции,Зарплатный клиент,Караганда,2025-06-10 15:56:52,card_out,out,9314.86,KZT
53,Расул,Инвестиции,Зарплатный клиент,Караганда,2025-06-11 16:37:19,p2p_out,out,37694.85,KZT
53,Расул,Инвестиции,Зарплатный клиент,Караганда,2025-06-11 19:49:46,card_in,in,19596.64,KZT
53,Расул,Инвестиции,Зарплатный клиент,Караганда,2025-06-12 10:01:54,invest_out,out,101238.96,KZT
53,Расул,Инвестиции,Зарплатный клиент,Караганда,2025-06-12 13:56:40,card_out,out,6667.52,KZT
53,Расул,Инвестиции,Зарплатный клиент,Караганда,2025-06-12 15:06:44,card_out,out,35479.46,KZT
53,Расул,Инвестиции,Зарплатный клиент,Караганда,2025-06-13 11:16:39,card_in,in,17659.19,KZT
53,Расул,Инвестиции,Зарплатный клиент,Караганда,2025-06-13 14:10:07,utilities_out,out,29452.52,KZT
53,Расул,Инвестиции,Зарплатный клиент,Караганда,2025-06-13 14:44:18,p2p_out,out,31823.51,KZT
53,Расул,Инвестиции,Зарплатный клиент,Караганда,2025-06-13 20:41:51,p2p_out,out,15294.18,KZT
53,Расул,Инвестиции,Зарплатный клиент,Караганда,2025-06-15 11:00:16,card_out,out,16604.62,KZT
53,Расул,Инвестиции,Зарплатный клиент,Караганда,2025-06-15 15:04:38,p2p_out,out,13191.44,KZT
53,Расул,Инвестиции,Зарплатный клиент,Караганда,2025-06-15 18:16:24,atm_withdrawal,out,15490.34,KZT
53,Расул,Инвестиции,Зарплатный клиент,Караганда,2025-06-16 08:20:19,loan_payment_out,out,43329.72,KZT
53,Расул,Инвестиции,Зарплатный клиент,Караганда,2025-06-16 15:04:52,atm_withdrawal,out,32322.33,KZT
53,Расул,Инвестиции,Зарплатный клиент,Караганда,2025-06-16 17:05:47,card_out,out,11877.94,KZT
53,Расул,Инвестиции,Зарплатный клиент,Караганда,2025-06-17 11:41:14,p2p_out,out,24987.76,KZT
53,Расул,Инвестиции,Зарплатный клиент,Караганда,2025-06-17 14:59:07,p2p_out,out,10495.67,KZT
53,Расул,Инвестиции,Зарплатный клиент,Караганда,2025-06-17 16:10:45,card_out,out,10010.79,KZT
53,Расул,Инвестиции,Зарплатный клиент,Караганда,2025-06-17 16:15:43,loan_payment_out,out,38940.37,KZT
53,Расул,Инвестиции,Зарплатный клиент,Караганда,2025-06-17 20:34:38,atm_withdrawal,out,36745.14,KZT
53,Расул,Инвестиции,Зарплатный клиент,Караганда,2025-06-18 08:20:22,card_out,out,11262.08,KZT
53,Расул,Инвестиции,Зарплатный клиент,Караганда,2025-06-18 09:51:42,p2p_out,out,29371.36,KZT
53,Расул,Инвестиции,Зарплатный клиент,Караганда,2025-06-18 19:00:35,invest_out,out,80065.38,KZT
53,Расул,Инвестиции,Зарплатный клиент,Караганда,2025-06-19 09:20:13,card_in,in,9725.02,KZT
53,Расул,Инвестиции,Зарплатный клиент,Караганда,2025-06-20 11:37:28,card_out,out,34496.68,KZT
53,Расул,Инвестиции,Зарплатный клиент,Караганда,2025-06-20 12:07:05,utilities_out,out,18850.15,KZT
53,Расул,Инвестиции,Зарплатный клиент,Караганда,2025-06-20 15:02:24,p2p_out,out,3533.7,KZT
53,Расул,Инвестиции,Зарплатный клиент,Караганда,2025-06-21 08:01:55,atm_withdrawal,out,49509.47,KZT
53,Расул,Инвестиции,Зарплатный клиент,Караганда,2025-06-21 09:16:02,card_out,out,17713.29,KZT
53,Расул,Инвестиции,Зарплатный клиент,Караганда,2025-06-21 14:13:51,card_in,in,22478.11,KZT
53,Расул,Инвестиции,Зарплатный клиент,Караганда,2025-06-21 21:39:35,invest_out,out,195994.46,KZT
53,Расул,Инвестиции,Зарплатный клиент,Караганда,2025-06-22 10:53:53,card_out,out,21261.54,KZT
53,Расул,Инвестиции,Зарплатный клиент,Караганда,2025-06-22 12:00:04,card_out,out,25265.24,KZT
53,Расул,Инвестиции,Зарплатный клиент,Караганда,2025-06-22 21:30:00,card_out,out,14419.7,KZT
53,Расул,Инвестиции,Зарплатный клиент,Караганда,2025-06-23 17:42:47,card_out,out,9401.21,KZT
53,Расул,Инвестиции,Зарплатный клиент,Караганда,2025-06-23 20:16:07,p2p_out,out,19334.22,KZT
53,Расул,Инвестиции,Зарплатный клиент,Караганда,2025-06-23 20:49:10,invest_out,out,127194.53,KZT
53,Расул,Инвестиции,Зарплатный клиент,Караганда,2025-06-23 21:40:45,card_out,out,10587.71,KZT
53,Расул,Инвестиции,Зарплатный клиент,Караганда,2025-06-24 08:35:50,card_out,out,34704.9,KZT
53,Расул,Инвестиции,Зарплатный клиент,Караганда,2025-06-24 08:38:17,p2p_out,out,9268.9,KZT
53,Расул,Инвестиции,Зарплатный клиент,Караганда,2025-06-24 13:26:14,card_out,out,31058.13,KZT
53,Расул,Инвестиции,Зарплатный клиент,Караганда,2025-06-24 13:55:47,card_out,out,7249.32,KZT
53,Расул,Инвестиции,Зарплатный клиент,Караганда,2025-06-24 15:48:23,salary_in,in,303585.92,KZT
53,Расул,Инвестиции,Зарплатный клиент,Караганда,2025-06-24 20:22:05,atm_withdrawal,out,20545.65,KZT
53,Расул,Инвестиции,Зарплатный клиент,Караганда,2025-06-25 11:37:21,refund_in,in,30370.32,KZT
53,Расул,Инвестиции,Зарплатный клиент,Караганда,2025-06-25 19:53:51,invest_out,out,203029.9,KZT
53,Расул,Инвестиции,Зарплатный клиент,Караганда,2025-06-26 08:35:25,p2p_out,out,23873.39,KZT
53,Расул,Инвестиции,Зарплатный клиент,Караганда,2025-06-26 09:35:41,card_out,out,12579.68,KZT
53,Расул,Инвестиции,Зарплатный клиент,Караганда,2025-06-26 15:01:35,card_out,out,14886.47,KZT
53,Расул,Инвестиции,Зарплатный клиент,Караганда,2025-06-26 20:35:14,card_out,out,5874.47,KZT
53,Расул,Инвестиции,Зарплатный клиент,Караганда,2025-06-26 21:04:07,card_out,out,15682.3,KZT
53,Расул,Инвестиции,Зарплатный клиент,Караганда,2025-06-27 08:54:32,card_out,out,26685.11,KZT
53,Расул,Инвестиции,Зарплатный клиент,Караганда,2025-06-27 09:56:20,p2p_out,out,34675.74,KZT
53,Расул,Инвестиции,Зарплатный клиент,Караганда,2025-06-27 13:16:04,card_out,out,5497.42,KZT
53,Расул,Инвестиции,Зарплатный клиент,Караганда,2025-06-27 15:44:48,card_out,out,11249.7,KZT
53,Расул,Инвестиции,Зарплатный клиент,Караганда,2025-06-27 16:55:44,card_out,out,19037.6,KZT
53,Расул,Инвестиции,Зарплатный клиент,Караганда,2025-06-28 11:17:51,card_out,out,13033.77,KZT
53,Расул,Инвестиции,Зарплатный клиент,Караганда,2025-06-28 12:07:31,p2p_out,out,37521.16,KZT
53,Расул,Инвестиции,Зарплатный клиент,Караганда,2025-06-28 13:38:14,p2p_out,out,27653.9,KZT
53,Расул,Инвестиции,Зарплатный клиент,Караганда,2025-06-28 15:28:09,card_out,out,6384.69,KZT
53,Расул,Инвестиции,Зарплатный клиент,Караганда,2025-06-28 18:18:48,invest_in,in,49966.94,KZT
53,Расул,Инвестиции,Зарплатный клиент,Караганда,2025-06-29 12:46:59,card_out,out,11197.23,KZT
53,Расул,Инвестиции,Зарплатный клиент,Караганда,2025-06-29 19:07:04,card_out,out,19635.78,KZT
53,Расул,Инвестиции,Зарплатный клиент,Караганда,2025-06-30 13:28:32,card_out,out,11378.26,KZT
53,Расул,Инвестиции,Зарплатный клиент,Караганда,2025-06-30 16:51:17,card_out,out,28992.85,KZT
53,Расул,Инвестиции,Зарплатный клиент,Караганда,2025-07-01 12:58:27,card_out,out,20039.57,KZT
53,Расул,Инвестиции,Зарплатный клиент,Караганда,2025-07-01 13:47:13,card_out,out,7553.16,KZT
53,Расул,Инвестиции,Зарплатный клиент,Караганда,2025-07-01 13:57:33,card_out,out,51336.93,KZT
53,Расул,Инвестиции,Зарплатный клиент,Караганда,2025-07-01 16:41:07,invest_out,out,151457.61,KZT
53,Расул,Инвестиции,Зарплатный клиент,Караганда,2025-07-01 21:39:08,card_out,out,36309.63,KZT
53,Расул,Инвестиции,Зарплатный клиент,Караганда,2025-07-02 12:45:00,p2p_out,out,17911.74,KZT
53,Расул,Инвестиции,Зарплатный клиент,Караганда,2025-07-03 09:15:43,utilities_out,out,36815.65,KZT
53,Расул,Инвестиции,Зарплатный клиент,Караганда,2025-07-03 09:26:42,loan_payment_out,out,67743.7,KZT
53,Расул,Инвестиции,Зарплатный клиент,Караганда,2025-07-03 11:18:04,card_out,out,20170.34,KZT
53,Расул,Инвестиции,Зарплатный клиент,Караганда,2025-07-03 17:01:08,card_out,out,40513.2,KZT
53,Расул,Инвестиции,Зарплатный клиент,Караганда,2025-07-03 20:13:02,p2p_out,out,39807.49,KZT
53,Расул,Инвестиции,Зарплатный клиент,Караганда,2025-07-04 11:55:49,card_out,out,8850.07,KZT
53,Расул,Инвестиции,Зарплатный клиент,Караганда,2025-07-04 13:02:53,atm_withdrawal,out,35732.52,KZT
53,Расул,Инвестиции,Зарплатный клиент,Караганда,2025-07-04 13:22:25,invest_out,out,75201.41,KZT
53,Расул,Инвестиции,Зарплатный клиент,Караганда,2025-07-04 17:28:34,utilities_out,out,56963.18,KZT
53,Расул,Инвестиции,Зарплатный клиент,Караганда,2025-07-05 10:41:00,card_out,out,44800.53,KZT
53,Расул,Инвестиции,Зарплатный клиент,Караганда,2025-07-05 13:12:21,card_in,in,8777.51,KZT
53,Расул,Инвестиции,Зарплатный клиент,Караганда,2025-07-05 13:46:30,card_out,out,14095.79,KZT
53,Расул,Инвестиции,Зарплатный клиент,Караганда,2025-07-05 13:51:08,atm_withdrawal,out,45366.3,KZT
53,Расул,Инвестиции,Зарплатный клиент,Караганда,2025-07-06 15:17:43,card_out,out,17787.58,KZT
53,Расул,Инвестиции,Зарплатный клиент,Караганда,2025-07-07 11:41:39,card_out,out,17419.71,KZT
53,Расул,Инвестиции,Зарплатный клиент,Караганда,2025-07-07 11:55:31,p2p_out,out,21066.79,KZT
53,Расул,Инвестиции,Зарплатный клиент,Караганда,2025-07-07 20:28:19,card_out,out,36820.58,KZT
53,Расул,Инвестиции,Зарплатный клиент,Караганда,2025-07-08 10:53:09,p2p_out,out,63373.16,KZT
53,Расул,Инвестиции,Зарплатный клиент,Караганда,2025-07-08 12:57:12,card_out,out,20858.71,KZT
53,Расул,Инвестиции,Зарплатный клиент,Караганда,2025-07-09 17:20:41,p2p_out,out,18578.15,KZT
53,Расул,Инвестиции,Зарплатный клиент,Караганда,2025-07-09 18:26:09,p2p_out,out,22423.11,KZT
53,Расул,Инвестиции,Зарплатный клиент,Караганда,2025-07-10 10:33:07,refund_in,in,3074.47,KZT
53,Расул,Инвестиции,Зарплатный клиент,Караганда,2025-07-10 14:21:17,p2p_out,out,37357.35,KZT
53,Расул,Инвестиции,Зарплатный клиент,Караганда,2025-07-11 16:01:34,card_out,out,24638.5,KZT
53,Расул,Инвестиции,Зарплатный клиент,Караганда,2025-07-11 19:17:40,card_in,in,9795.13,KZT
53,Расул,Инвестиции,Зарплатный клиент,Караганда,2025-07-11 19:46:13,utilities_out,out,29146.82,KZT
53,Расул,Инвестиции,Зарплатный клиент,Караганда,2025-07-11 21:06:15,p2p_out,out,13524.85,KZT
53,Расул,Инвестиции,Зарплатный клиент,Караганда,2025-07-12 19:52:36,refund_in,in,10448.38,KZT
53,Расул,Инвестиции,Зарплатный клиент,Караганда,2025-07-13 08:38:22,card_out,out,17770.47,KZT
53,Расул,Инвестиции,Зарплатный клиент,Караганда,2025-07-13 18:38:30,p2p_out,out,28264.25,KZT
53,Расул,Инвестиции,Зарплатный клиент,Караганда,2025-07-14 15:45:14,salary_in,in,377551.78,KZT
53,Расул,Инвестиции,Зарплатный клиент,Караганда,2025-07-15 13:24:16,card_out,out,18441.81,KZT
53,Расул,Инвестиции,Зарплатный клиент,Караганда,2025-07-15 16:29:27,p2p_out,out,9925.36,KZT
53,Расул,Инвестиции,Зарплатный клиент,Караганда,2025-07-15 19:42:15,p2p_out,out,5042.29,KZT
53,Расул,Инвестиции,Зарплатный клиент,Караганда,2025-07-16 08:11:51,card_out,out,8269.41,KZT
53,Расул,Инвестиции,Зарплатный клиент,Караганда,2025-07-16 11:01:27,card_out,out,23714.56,KZT
53,Расул,Инвестиции,Зарплатный клиент,Караганда,2025-07-16 12:19:07,card_out,out,16746.88,KZT
53,Расул,Инвестиции,Зарплатный клиент,Караганда,2025-07-16 13:26:08,invest_out,out,30181.54,KZT
53,Расул,Инвестиции,Зарплатный клиент,Караганда,2025-07-17 10:40:41,invest_out,out,53750.73,KZT
53,Расул,Инвестиции,Зарплатный клиент,Караганда,2025-07-17 12:23:28,cashback_in,in,5390.16,KZT
53,Расул,Инвестиции,Зарплатный клиент,Караганда,2025-07-17 12:36:59,card_out,out,35283.33,KZT
53,Расул,Инвестиции,Зарплатный клиент,Караганда,2025-07-17 18:16:26,card_out,out,38449.9,KZT
53,Расул,Инвестиции,Зарплатный клиент,Караганда,2025-07-18 10:23:17,card_out,out,24065.62,KZT
53,Расул,Инвестиции,Зарплатный клиент,Караганда,2025-07-18 16:20:08,card_out,out,24373.09,KZT
53,Расул,Инвестиции,Зарплатный клиент,Караганда,2025-07-19 10:38:12,card_out,out,21696.89,KZT
53,Расул,Инвестиции,Зарплатный клиент,Караганда,2025-07-20 14:00:56,invest_in,in,81556.25,KZT
53,Расул,Инвестиции,Зарплатный клиент,Караганда,2025-07-20 14:06:39,card_out,out,20085.5,KZT
53,Расул,Инвестиции,Зарплатный клиент,Караганда,2025-07-21 10:16:35,invest_out,out,59489.63,KZT
53,Расул,Инвестиции,Зарплатный клиент,Караганда,2025-07-21 10:46:13,card_out,out,12910.98,KZT
53,Расул,Инвестиции,Зарплатный клиент,Караганда,2025-07-21 20:25:09,card_out,out,14395.63,KZT
53,Расул,Инвестиции,Зарплатный клиент,Караганда,2025-07-22 19:08:31,card_out,out,49103.91,KZT
53,Расул,Инвестиции,Зарплатный клиент,Караганда,2025-07-22 20:41:40,card_out,out,35907.25,KZT
53,Расул,Инвестиции,Зарплатный клиент,Караганда,2025-07-23 10:12:02,loan_payment_out,out,51961.48,KZT
53,Расул,Инвестиции,Зарплатный клиент,Караганда,2025-07-23 12:03:59,card_out,out,21048.44,KZT
53,Расул,Инвестиции,Зарплатный клиент,Караганда,2025-07-23 15:24:11,atm_withdrawal,out,37600.24,KZT
53,Расул,Инвестиции,Зарплатный клиент,Караганда,2025-07-23 16:52:11,card_out,out,26392.74,KZT
53,Расул,Инвестиции,Зарплатный клиент,Караганда,2025-07-23 17:54:32,atm_withdrawal,out,24320.93,KZT
53,Расул,Инвестиции,Зарплатный клиент,Караганда,2025-07-23 18:55:07,p2p_out,out,20525.64,KZT
53,Расул,Инвестиции,Зарплатный клиент,Караганда,2025-07-23 21:36:45,invest_out,out,136582.29,KZT
53,Расул,Инвестиции,Зарплатный клиент,Караганда,2025-07-23 21:39:55,card_out,out,60806.06,KZT
53,Расул,Инвестиции,Зарплатный клиент,Караганда,2025-07-24 08:30:16,card_in,in,17783.47,KZT
53,Расул,Инвестиции,Зарплатный клиент,Караганда,2025-07-24 13:36:07,p2p_out,out,26863.58,KZT
53,Расул,Инвестиции,Зарплатный клиент,Караганда,2025-07-24 15:36:08,cashback_in,in,5406.06,KZT
53,Расул,Инвестиции,Зарплатный клиент,Караганда,2025-07-25 08:52:18,card_in,in,27333.12,KZT
53,Расул,Инвестиции,Зарплатный клиент,Караганда,2025-07-25 12:34:04,card_out,out,23212.91,KZT
53,Расул,Инвестиции,Зарплатный клиент,Караганда,2025-07-25 19:05:17,atm_withdrawal,out,24023.56,KZT
53,Расул,Инвестиции,Зарплатный клиент,Караганда,2025-07-25 21:17:07,p2p_out,out,9677.56,KZT
53,Расул,Инвестиции,Зарплатный клиент,Караганда,2025-07-26 09:26:13,card_out,out,5283.68,KZT
53,Расул,Инвестиции,Зарплатный клиент,Караганда,2025-07-26 17:46:26,card_out,out,28821.72,KZT
53,Расул,Инвестиции,Зарплатный клиент,Караганда,2025-07-27 11:25:01,p2p_out,out,17941.71,KZT
53,Расул,Инвестиции,Зарплатный клиент,Караганда,2025-07-27 11:57:39,invest_out,out,128548.18,KZT
53,Расул,Инвестиции,Зарплатный клиент,Караганда,2025-07-27 13:46:48,card_out,out,19338.03,KZT
53,Расул,Инвестиции,Зарплатный клиент,Караганда,2025-07-27 14:05:03,card_out,out,11804.4,KZT
53,Расул,Инвестиции,Зарплатный клиент,Караганда,2025-07-27 15:56:46,card_out,out,38352.75,KZT
53,Расул,Инвестиции,Зарплатный клиент,Караганда,2025-07-27 17:40:56,card_in,in,15756.97,KZT
53,Расул,Инвестиции,Зарплатный клиент,Караганда,2025-07-28 08:21:40,cashback_in,in,22286.24,KZT
53,Расул,Инвестиции,Зарплатный клиент,Караганда,2025-07-28 12:21:42,card_out,out,9411.27,KZT
53,Расул,Инвестиции,Зарплатный клиент,Караганда,2025-07-28 13:06:36,p2p_out,out,7327.56,KZT
53,Расул,Инвестиции,Зарплатный клиент,Караганда,2025-07-29 09:13:39,loan_payment_out,out,49130.85,KZT
53,Расул,Инвестиции,Зарплатный клиент,Караганда,2025-07-29 12:54:15,card_out,out,10818.51,KZT
53,Расул,Инвестиции,Зарплатный клиент,Караганда,2025-07-29 16:30:09,utilities_out,out,15275.05,KZT
53,Расул,Инвестиции,Зарплатный клиент,Караганда,2025-07-29 16:32:26,card_out,out,13737.41,KZT
53,Расул,Инвестиции,Зарплатный клиент,Караганда,2025-07-29 17:44:14,p2p_out,out,16496.98,KZT
53,Расул,Инвестиции,Зарплатный клиент,Караганда,2025-07-29 19:57:17,card_out,out,7826.2,KZT
53,Расул,Инвестиции,Зарплатный клиент,Караганда,2025-07-29 20:56:44,card_out,out,17096.85,KZT
53,Расул,Инвестиции,Зарплатный клиент,Караганда,2025-07-30 10:12:26,card_out,out,13929.83,KZT
53,Расул,Инвестиции,Зарплатный клиент,Караганда,2025-07-30 16:24:25,p2p_out,out,26681.15,KZT
53,Расул,Инвестиции,Зарплатный клиент,Караганда,2025-07-30 16:46:54,invest_out,out,139438.68,KZT
53,Расул,Инвестиции,Зарплатный клиент,Караганда,2025-07-31 15:33:49,p2p_out,out,42085.34,KZT
53,Расул,Инвестиции,Зарплатный клиент,Караганда,2025-07-31 16:08:10,atm_withdrawal,out,54443.37,KZT
53,Расул,Инвестиции,Зарплатный клиент,Караганда,2025-07-31 18:56:53,utilities_out,out,25619.13,KZT
53,Расул,Инвестиции,Зарплатный клиент,Караганда,2025-07-31 20:13:32,card_out,out,35004.54,KZT
53,Расул,Инвестиции,Зарплатный клиент,Караганда,2025-07-31 20:58:02,invest_in,in,98468.92,KZT
53,Расул,Инвестиции,Зарплатный клиент,Караганда,2025-07-31 21:32:20,p2p_out,out,25172.91,KZT
53,Расул,Инвестиции,Зарплатный клиент,Караганда,2025-08-01 09:00:05,card_out,out,89366.79,KZT
53,Расул,Инвестиции,Зарплатный клиент,Караганда,2025-08-01 09:28:39,card_out,out,19549.85,KZT
53,Расул,Инвестиции,Зарплатный клиент,Караганда,2025-08-01 11:46:47,card_out,out,31104.83,KZT
53,Расул,Инвестиции,Зарплатный клиент,Караганда,2025-08-01 21:11:21,p2p_out,out,11947.57,KZT
53,Расул,Инвестиции,Зарплатный клиент,Караганда,2025-08-02 08:38:53,p2p_out,out,10305.46,KZT
53,Расул,Инвестиции,Зарплатный клиент,Караганда,2025-08-02 08:57:50,card_out,out,14514.91,KZT
53,Расул,Инвестиции,Зарплатный клиент,Караганда,2025-08-02 14:07:28,card_out,out,14873.79,KZT
53,Расул,Инвестиции,Зарплатный клиент,Караганда,2025-08-02 16:33:21,p2p_out,out,28096.63,KZT
53,Расул,Инвестиции,Зарплатный клиент,Караганда,2025-08-03 10:12:20,utilities_out,out,36341.84,KZT
53,Расул,Инвестиции,Зарплатный клиент,Караганда,2025-08-03 19:52:15,card_out,out,11605.19,KZT
53,Расул,Инвестиции,Зарплатный клиент,Караганда,2025-08-03 20:24:08,invest_out,out,181607.38,KZT
53,Расул,Инвестиции,Зарплатный клиент,Караганда,2025-08-04 18:59:58,card_out,out,18724.98,KZT
53,Расул,Инвестиции,Зарплатный клиент,Караганда,2025-08-05 11:02:52,card_out,out,13547.41,KZT
53,Расул,Инвестиции,Зарплатный клиент,Караганда,2025-08-05 16:10:22,utilities_out,out,39360.59,KZT
53,Расул,Инвестиции,Зарплатный клиент,Караганда,2025-08-05 16:38:29,invest_out,out,124203.71,KZT
53,Расул,Инвестиции,Зарплатный клиент,Караганда,2025-08-05 19:48:27,p2p_out,out,10566.58,KZT
53,Расул,Инвестиции,Зарплатный клиент,Караганда,2025-08-05 20:23:13,card_out,out,19643.1,KZT
53,Расул,Инвестиции,Зарплатный клиент,Караганда,2025-08-06 09:24:14,card_out,out,73883.52,KZT
53,Расул,Инвестиции,Зарплатный клиент,Караганда,2025-08-06 09:27:35,p2p_out,out,10878.31,KZT
53,Расул,Инвестиции,Зарплатный клиент,Караганда,2025-08-06 14:10:19,cashback_in,in,11400.3,KZT
53,Расул,Инвестиции,Зарплатный клиент,Караганда,2025-08-06 15:40:49,card_out,out,27463.36,KZT
53,Расул,Инвестиции,Зарплатный клиент,Караганда,2025-08-07 12:57:49,card_out,out,30501.43,KZT
53,Расул,Инвестиции,Зарплатный клиент,Караганда,2025-08-07 13:09:47,card_out,out,24013.42,KZT
53,Расул,Инвестиции,Зарплатный клиент,Караганда,2025-08-07 15:36:32,card_in,in,6418.22,KZT
53,Расул,Инвестиции,Зарплатный клиент,Караганда,2025-08-08 08:22:59,p2p_out,out,16602.31,KZT
53,Расул,Инвестиции,Зарплатный клиент,Караганда,2025-08-08 13:35:48,atm_withdrawal,out,12628.54,KZT
53,Расул,Инвестиции,Зарплатный клиент,Караганда,2025-08-08 21:34:14,card_out,out,30237.37,KZT
53,Расул,Инвестиции,Зарплатный клиент,Караганда,2025-08-09 08:02:05,p2p_out,out,27017.76,KZT
53,Расул,Инвестиции,Зарплатный клиент,Караганда,2025-08-09 09:25:29,cashback_in,in,34974.29,KZT
53,Расул,Инвестиции,Зарплатный клиент,Караганда,2025-08-10 18:07:26,invest_out,out,70636.26,KZT
53,Расул,Инвестиции,Зарплатный клиент,Караганда,2025-08-10 20:50:43,refund_in,in,6346.47,KZT
53,Расул,Инвестиции,Зарплатный клиент,Караганда,2025-08-11 09:42:02,card_out,out,11220.41,KZT
53,Расул,Инвестиции,Зарплатный клиент,Караганда,2025-08-11 10:00:49,card_out,out,38867.22,KZT
53,Расул,Инвестиции,Зарплатный клиент,Караганда,2025-08-11 21:05:24,card_in,in,19578.79,KZT
53,Расул,Инвестиции,Зарплатный клиент,Караганда,2025-08-12 09:54:34,invest_in,in,246002.61,KZT
53,Расул,Инвестиции,Зарплатный клиент,Караганда,2025-08-12 12:27:18,card_out,out,7417.59,KZT
53,Расул,Инвестиции,Зарплатный клиент,Караганда,2025-08-12 13:51:22,p2p_out,out,6381.47,KZT
53,Расул,Инвестиции,Зарплатный клиент,Караганда,2025-08-12 16:21:37,card_out,out,7886.3,KZT
53,Расул,Инвестиции,Зарплатный клиент,Караганда,2025-08-12 18:44:10,card_in,in,29632.27,KZT
53,Расул,Инвестиции,Зарплатный клиент,Караганда,2025-08-13 12:28:04,invest_in,in,64464.86,KZT
53,Расул,Инвестиции,Зарплатный клиент,Караганда,2025-08-14 10:10:45,card_out,out,13823.69,KZT
53,Расул,Инвестиции,Зарплатный клиент,Караганда,2025-08-14 12:39:50,loan_payment_out,out,51347.75,KZT
53,Расул,Инвестиции,Зарплатный клиент,Караганда,2025-08-15 12:24:34,p2p_out,out,26423.38,KZT
53,Расул,Инвестиции,Зарплатный клиент,Караганда,2025-08-15 15:17:51,salary_in,in,283805.36,KZT
53,Расул,Инвестиции,Зарплатный клиент,Караганда,2025-08-16 08:42:09,card_out,out,33510.01,KZT
53,Расул,Инвестиции,Зарплатный клиент,Караганда,2025-08-16 11:03:39,utilities_out,out,38197.76,KZT
53,Расул,Инвестиции,Зарплатный клиент,Караганда,2025-08-16 12:09:50,utilities_out,out,29788.34,KZT
53,Расул,Инвестиции,Зарплатный клиент,Караганда,2025-08-16 17:51:57,invest_out,out,137728.77,KZT
53,Расул,Инвестиции,Зарплатный клиент,Караганда,2025-08-17 19:40:42,card_out,out,19915.11,KZT
53,Расул,Инвестиции,Зарплатный клиент,Караганда,2025-08-17 21:59:37,card_out,out,17261.54,KZT
53,Расул,Инвестиции,Зарплатный клиент,Караганда,2025-08-18 09:09:11,card_out,out,10152.07,KZT
53,Расул,Инвестиции,Зарплатный клиент,Караганда,2025-08-18 13:45:52,p2p_out,out,19019.23,KZT
53,Расул,Инвестиции,Зарплатный клиент,Караганда,2025-08-18 15:18:16,p2p_out,out,26363.94,KZT
53,Расул,Инвестиции,Зарплатный клиент,Караганда,2025-08-19 08:43:16,card_out,out,32490.31,KZT
53,Расул,Инвестиции,Зарплатный клиент,Караганда,2025-08-19 09:58:14,card_out,out,13410.99,KZT
53,Расул,Инвестиции,Зарплатный клиент,Караганда,2025-08-19 13:18:35,card_out,out,9303.87,KZT
53,Расул,Инвестиции,Зарплатный клиент,Караганда,2025-08-20 09:27:12,p2p_out,out,7335.72,KZT
53,Расул,Инвестиции,Зарплатный клиент,Караганда,2025-08-20 11:25:46,card_out,out,19661.84,KZT
53,Расул,Инвестиции,Зарплатный клиент,Караганда,2025-08-20 17:38:05,refund_in,in,8651.55,KZT
53,Расул,Инвестиции,Зарплатный клиент,Караганда,2025-08-20 21:10:35,card_in,in,11467.45,KZT
53,Расул,Инвестиции,Зарплатный клиент,Караганда,2025-08-21 08:51:06,card_out,out,26288.8,KZT
53,Расул,Инвестиции,Зарплатный клиент,Караганда,2025-08-21 11:31:14,card_out,out,26473.09,KZT
53,Расул,Инвестиции,Зарплатный клиент,Караганда,2025-08-21 12:48:39,invest_out,out,122626.07,KZT
53,Расул,Инвестиции,Зарплатный клиент,Караганда,2025-08-21 20:06:14,card_out,out,41055.76,KZT
53,Расул,Инвестиции,Зарплатный клиент,Караганда,2025-08-22 16:29:25,card_out,out,11536.97,KZT
53,Расул,Инвестиции,Зарплатный клиент,Караганда,2025-08-22 18:43:20,p2p_out,out,19348.91,KZT
53,Расул,Инвестиции,Зарплатный клиент,Караганда,2025-08-22 20:30:15,cashback_in,in,13733.3,KZT
53,Расул,Инвестиции,Зарплатный клиент,Караганда,2025-08-23 08:56:06,atm_withdrawal,out,33951.33,KZT
53,Расул,Инвестиции,Зарплатный клиент,Караганда,2025-08-23 11:26:32,p2p_out,out,12444.02,KZT
53,Расул,Инвестиции,Зарплатный клиент,Караганда,2025-08-24 11:02:09,card_out,out,34560.91,KZT
53,Расул,Инвестиции,Зарплатный клиент,Караганда,2025-08-24 12:51:27,card_out,out,37248.69,KZT
53,Расул,Инвестиции,Зарплатный клиент,Караганда,2025-08-24 16:44:28,p2p_out,out,30013.14,KZT
53,Расул,Инвестиции,Зарплатный клиент,Караганда,2025-08-24 20:25:51,atm_withdrawal,out,25355.46,KZT
53,Расул,Инвестиции,Зарплатный клиент,Караганда,2025-08-24 20:26:38,card_out,out,17517.03,KZT
53,Расул,Инвестиции,Зарплатный клиент,Караганда,2025-08-25 15:24:59,loan_payment_out,out,41865.72,KZT
53,Расул,Инвестиции,Зарплатный клиент,Караганда,2025-08-25 19:18:09,card_out,out,27228.18,KZT
53,Расул,Инвестиции,Зарплатный клиент,Караганда,2025-08-25 19:46:09,invest_out,out,99635.96,KZT
53,Расул,Инвестиции,Зарплатный клиент,Караганда,2025-08-25 19:51:17,invest_out,out,131186.97,KZT
53,Расул,Инвестиции,Зарплатный клиент,Караганда,2025-08-26 13:46:39,p2p_out,out,22338.33,KZT
53,Расул,Инвестиции,Зарплатный клиент,Караганда,2025-08-26 18:29:44,card_out,out,27134.48,KZT
53,Расул,Инвестиции,Зарплатный клиент,Караганда,2025-08-26 18:31:46,loan_payment_out,out,65187.26,KZT
53,Расул,Инвестиции,Зарплатный клиент,Караганда,2025-08-26 19:00:26,card_out,out,7045.64,KZT
53,Расул,Инвестиции,Зарплатный клиент,Караганда,2025-08-26 20:08:58,card_in,in,10452.06,KZT
53,Расул,Инвестиции,Зарплатный клиент,Караганда,2025-08-26 20:48:07,card_out,out,41516.74,KZT
53,Расул,Инвестиции,Зарплатный клиент,Караганда,2025-08-27 12:17:24,invest_out,out,91876.67,KZT
53,Расул,Инвестиции,Зарплатный клиент,Караганда,2025-08-27 16:57:30,card_out,out,7528.73,KZT
53,Расул,Инвестиции,Зарплатный клиент,Караганда,2025-08-28 10:18:46,card_out,out,16749.33,KZT
53,Расул,Инвестиции,Зарплатный клиент,Караганда,2025-08-28 20:39:23,card_out,out,29190.38,KZT
53,Расул,Инвестиции,Зарплатный клиент,Караганда,2025-08-28 21:35:57,p2p_out,out,10962.21,KZT
53,Расул,Инвестиции,Зарплатный клиент,Караганда,2025-08-29 09:10:44,atm_withdrawal,out,29988.87,KZT
53,Расул,Инвестиции,Зарплатный клиент,Караганда,2025-08-29 16:50:22,atm_withdrawal,out,13125.83,KZT
53,Расул,Инвестиции,Зарплатный клиент,Караганда,2025-08-29 16:53:31,p2p_out,out,10391.77,KZT
53,Расул,Инвестиции,Зарплатный клиент,Караганда,2025-08-29 19:54:37,card_out,out,35595.63,KZT
53,Расул,Инвестиции,Зарплатный клиент,Караганда,2025-08-30 08:50:09,card_out,out,26266.25,KZT
53,Расул,Инвестиции,Зарплатный клиент,Караганда,2025-08-30 18:08:24,p2p_out,out,27544.45,KZT
53,Расул,Инвестиции,Зарплатный клиент,Караганда,2025-08-30 20:52:04,utilities_out,out,27696.37,KZT
53,Расул,Инвестиции,Зарплатный клиент,Караганда,2025-08-31 10:00:43,card_out,out,17558.31,KZT
53,Расул,Инвестиции,Зарплатный клиент,Караганда,2025-08-31 13:12:35,card_out,out,28584.71,KZT
53,Расул,Инвестиции,Зарплатный клиент,Караганда,2025-08-31 15:44:26,atm_withdrawal,out,61374.03,KZT
53,Расул,Инвестиции,Зарплатный клиент,Караганда,2025-08-31 19:17:51,p2p_out,out,13652.05,KZT
