﻿client_code,name,product,status,city,date,category,amount,currency
24,Гульмира,Обмен валют,зп,Усть-Каменогорск,2025-06-01 10:30:49,Кино,5626.7,KZT
24,Гульмира,Обмен валют,зп,Усть-Каменогорск,2025-06-01 12:10:34,Продукты питания,12505.25,KZT
24,Гульмира,Обмен валют,зп,Усть-Каменогорск,2025-06-01 17:50:23,Кино,4056.19,KZT
24,Гульмира,Обмен валют,зп,Усть-Каменогорск,2025-06-01 18:30:37,Смотрим дома,4870.28,KZT
24,Гульмира,Обмен валют,зп,Усть-Каменогорск,2025-06-01 19:00:38,Кафе и рестораны,7367.31,KZT
24,Гульмира,Обмен валют,зп,Усть-Каменогорск,2025-06-02 09:30:07,Играем дома,3099.42,KZT
24,Гульмира,Обмен валют,зп,Усть-Каменогорск,2025-06-02 12:10:40,Продукты питания,13245.35,KZT
24,Гульмира,Обмен валют,зп,Усть-Каменогорск,2025-06-02 12:40:32,Смотрим дома,7204.32,KZT
24,Гульмира,Обмен валют,зп,Усть-Каменогорск,2025-06-04 12:10:44,Продукты питания,14144.18,KZT
24,Гульмира,Обмен валют,зп,Усть-Каменогорск,2025-06-04 19:00:10,Кафе и рестораны,21905.99,KZT
24,Гульмира,Обмен валют,зп,Усть-Каменогорск,2025-06-04 19:20:58,Едим дома,4069.24,KZT
24,Гульмира,Обмен валют,зп,Усть-Каменогорск,2025-06-04 19:50:34,Смотрим дома,6065.31,KZT
24,Гульмира,Обмен валют,зп,Усть-Каменогорск,2025-06-04 21:10:16,Такси,4242.25,KZT
24,Гульмира,Обмен валют,зп,Усть-Каменогорск,2025-06-05 09:15:27,Такси,3466.62,KZT
24,Гульмира,Обмен валют,зп,Усть-Каменогорск,2025-06-05 12:10:12,Продукты питания,16631.21,KZT
24,Гульмира,Обмен валют,зп,Усть-Каменогорск,2025-06-05 17:40:51,Смотрим дома,3726.16,KZT
24,Гульмира,Обмен валют,зп,Усть-Каменогорск,2025-06-05 18:00:36,Кино,6437.63,KZT
24,Гульмира,Обмен валют,зп,Усть-Каменогорск,2025-06-05 19:00:18,Кафе и рестораны,5778.42,KZT
24,Гульмира,Обмен валют,зп,Усть-Каменогорск,2025-06-06 10:10:37,Играем дома,2628.48,KZT
24,Гульмира,Обмен валют,зп,Усть-Каменогорск,2025-06-06 10:20:01,Такси,5274.95,KZT
24,Гульмира,Обмен валют,зп,Усть-Каменогорск,2025-06-06 12:10:44,Продукты питания,47548.82,KZT
24,Гульмира,Обмен валют,зп,Усть-Каменогорск,2025-06-06 18:30:42,Играем дома,3357.06,KZT
24,Гульмира,Обмен валют,зп,Усть-Каменогорск,2025-06-07 12:10:09,Продукты питания,20847.26,KZT
24,Гульмира,Обмен валют,зп,Усть-Каменогорск,2025-06-07 16:40:29,Такси,5547.88,KZT
24,Гульмира,Обмен валют,зп,Усть-Каменогорск,2025-06-07 19:00:36,Кафе и рестораны,7961.74,KZT
24,Гульмира,Обмен валют,зп,Усть-Каменогорск,2025-06-07 19:10:35,Такси,6085.41,KZT
24,Гульмира,Обмен валют,зп,Усть-Каменогорск,2025-06-08 08:10:15,Кино,5248.5,KZT
24,Гульмира,Обмен валют,зп,Усть-Каменогорск,2025-06-08 17:00:25,Такси,7130.07,KZT
24,Гульмира,Обмен валют,зп,Усть-Каменогорск,2025-06-08 18:20:33,Такси,5060.96,KZT
24,Гульмира,Обмен валют,зп,Усть-Каменогорск,2025-06-08 19:00:40,Кафе и рестораны,6910.13,KZT
24,Гульмира,Обмен валют,зп,Усть-Каменогорск,2025-06-09 09:15:57,Такси,4106.06,KZT
24,Гульмира,Обмен валют,зп,Усть-Каменогорск,2025-06-09 09:30:47,Такси,6076.68,KZT
24,Гульмира,Обмен валют,зп,Усть-Каменогорск,2025-06-10 08:30:43,Кафе и рестораны,5492.4,KZT
24,Гульмира,Обмен валют,зп,Усть-Каменогорск,2025-06-10 15:10:36,Смотрим дома,5495.77,KZT
24,Гульмира,Обмен валют,зп,Усть-Каменогорск,2025-06-10 18:00:28,Едим дома,4608.28,KZT
24,Гульмира,Обмен валют,зп,Усть-Каменогорск,2025-06-10 19:00:23,Кафе и рестораны,12127.53,KZT
24,Гульмира,Обмен валют,зп,Усть-Каменогорск,2025-06-11 09:15:22,Такси,4395.73,KZT
24,Гульмира,Обмен валют,зп,Усть-Каменогорск,2025-06-11 12:00:36,Кафе и рестораны,2990.36,KZT
24,Гульмира,Обмен валют,зп,Усть-Каменогорск,2025-06-11 12:10:09,Продукты питания,10577.85,KZT
24,Гульмира,Обмен валют,зп,Усть-Каменогорск,2025-06-11 20:30:17,Играем дома,5018.68,KZT
24,Гульмира,Обмен валют,зп,Усть-Каменогорск,2025-06-12 08:40:15,Играем дома,3383.75,KZT
24,Гульмира,Обмен валют,зп,Усть-Каменогорск,2025-06-12 12:10:46,Продукты питания,18953.26,KZT
24,Гульмира,Обмен валют,зп,Усть-Каменогорск,2025-06-12 13:20:59,Кино,5070.96,KZT
24,Гульмира,Обмен валют,зп,Усть-Каменогорск,2025-06-12 18:10:27,Кино,7022.52,KZT
24,Гульмира,Обмен валют,зп,Усть-Каменогорск,2025-06-12 19:00:42,Кафе и рестораны,3030.58,KZT
24,Гульмира,Обмен валют,зп,Усть-Каменогорск,2025-06-13 09:15:48,Такси,4352.04,KZT
24,Гульмира,Обмен валют,зп,Усть-Каменогорск,2025-06-13 12:10:59,Продукты питания,13049.13,KZT
24,Гульмира,Обмен валют,зп,Усть-Каменогорск,2025-06-13 14:20:19,Смотрим дома,4177.87,KZT
24,Гульмира,Обмен валют,зп,Усть-Каменогорск,2025-06-13 16:40:38,Едим дома,3926.85,KZT
24,Гульмира,Обмен валют,зп,Усть-Каменогорск,2025-06-14 13:30:31,Играем дома,6658.31,KZT
24,Гульмира,Обмен валют,зп,Усть-Каменогорск,2025-06-14 15:50:01,Кафе и рестораны,5912.34,KZT
24,Гульмира,Обмен валют,зп,Усть-Каменогорск,2025-06-14 19:00:08,Кафе и рестораны,6251.03,KZT
24,Гульмира,Обмен валют,зп,Усть-Каменогорск,2025-06-14 19:30:22,Смотрим дома,5842.95,KZT
24,Гульмира,Обмен валют,зп,Усть-Каменогорск,2025-06-15 12:10:25,Продукты питания,22639.6,KZT
24,Гульмира,Обмен валют,зп,Усть-Каменогорск,2025-06-15 19:00:33,Кафе и рестораны,5937.89,KZT
24,Гульмира,Обмен валют,зп,Усть-Каменогорск,2025-06-17 12:10:16,Продукты питания,20603.76,KZT
24,Гульмира,Обмен валют,зп,Усть-Каменогорск,2025-06-17 19:00:34,Кафе и рестораны,4564.19,KZT
24,Гульмира,Обмен валют,зп,Усть-Каменогорск,2025-06-18 12:10:54,Продукты питания,9499.41,KZT
24,Гульмира,Обмен валют,зп,Усть-Каменогорск,2025-06-18 19:10:05,Смотрим дома,3661.63,KZT
24,Гульмира,Обмен валют,зп,Усть-Каменогорск,2025-06-18 19:40:29,Смотрим дома,6121.0,KZT
24,Гульмира,Обмен валют,зп,Усть-Каменогорск,2025-06-18 20:20:59,Такси,5925.11,KZT
24,Гульмира,Обмен валют,зп,Усть-Каменогорск,2025-06-18 21:40:56,Кафе и рестораны,5767.63,KZT
24,Гульмира,Обмен валют,зп,Усть-Каменогорск,2025-06-20 11:50:11,Играем дома,6716.28,KZT
24,Гульмира,Обмен валют,зп,Усть-Каменогорск,2025-06-20 14:20:15,Играем дома,5714.7,KZT
24,Гульмира,Обмен валют,зп,Усть-Каменогорск,2025-06-20 18:30:45,АЗС,27298.23,KZT
24,Гульмира,Обмен валют,зп,Усть-Каменогорск,2025-06-20 19:50:12,Едим дома,5801.7,KZT
24,Гульмира,Обмен валют,зп,Усть-Каменогорск,2025-06-20 20:30:10,Кино,3898.67,KZT
24,Гульмира,Обмен валют,зп,Усть-Каменогорск,2025-06-20 21:30:53,Смотрим дома,11996.82,KZT
24,Гульмира,Обмен валют,зп,Усть-Каменогорск,2025-06-21 12:10:11,Продукты питания,12178.4,KZT
24,Гульмира,Обмен валют,зп,Усть-Каменогорск,2025-06-21 12:50:09,Такси,4911.7,KZT
24,Гульмира,Обмен валют,зп,Усть-Каменогорск,2025-06-21 15:00:13,Кафе и рестораны,9784.45,KZT
24,Гульмира,Обмен валют,зп,Усть-Каменогорск,2025-06-21 19:50:17,Такси,6875.39,KZT
24,Гульмира,Обмен валют,зп,Усть-Каменогорск,2025-06-22 11:30:06,Кино,4234.66,KZT
24,Гульмира,Обмен валют,зп,Усть-Каменогорск,2025-06-22 13:20:18,Кафе и рестораны,6585.37,KZT
24,Гульмира,Обмен валют,зп,Усть-Каменогорск,2025-06-22 19:00:14,Кафе и рестораны,10837.42,KZT
24,Гульмира,Обмен валют,зп,Усть-Каменогорск,2025-06-23 19:00:54,Кафе и рестораны,10824.44,KZT
24,Гульмира,Обмен валют,зп,Усть-Каменогорск,2025-06-25 08:00:57,Кафе и рестораны,6636.38,KZT
24,Гульмира,Обмен валют,зп,Усть-Каменогорск,2025-06-25 09:15:48,Такси,5509.59,KZT
24,Гульмира,Обмен валют,зп,Усть-Каменогорск,2025-06-25 11:10:10,Играем дома,6984.58,KZT
24,Гульмира,Обмен валют,зп,Усть-Каменогорск,2025-06-25 12:10:18,Продукты питания,7310.09,KZT
24,Гульмира,Обмен валют,зп,Усть-Каменогорск,2025-06-25 12:20:59,Такси,4802.56,KZT
24,Гульмира,Обмен валют,зп,Усть-Каменогорск,2025-06-25 21:10:07,Такси,4872.88,KZT
24,Гульмира,Обмен валют,зп,Усть-Каменогорск,2025-06-26 12:10:40,Продукты питания,20044.64,KZT
24,Гульмира,Обмен валют,зп,Усть-Каменогорск,2025-06-26 13:50:50,Едим дома,6927.54,KZT
24,Гульмира,Обмен валют,зп,Усть-Каменогорск,2025-06-26 18:30:11,Смотрим дома,4635.87,KZT
24,Гульмира,Обмен валют,зп,Усть-Каменогорск,2025-06-26 19:00:13,Кафе и рестораны,14794.96,KZT
24,Гульмира,Обмен валют,зп,Усть-Каменогорск,2025-06-27 12:10:50,Продукты питания,10833.4,KZT
24,Гульмира,Обмен валют,зп,Усть-Каменогорск,2025-06-27 18:30:16,АЗС,23880.41,KZT
24,Гульмира,Обмен валют,зп,Усть-Каменогорск,2025-06-28 09:15:46,Такси,3722.83,KZT
24,Гульмира,Обмен валют,зп,Усть-Каменогорск,2025-06-28 12:10:30,Продукты питания,17608.17,KZT
24,Гульмира,Обмен валют,зп,Усть-Каменогорск,2025-06-28 19:00:16,Кафе и рестораны,8793.65,KZT
24,Гульмира,Обмен валют,зп,Усть-Каменогорск,2025-06-28 20:20:15,Играем дома,6846.63,KZT
24,Гульмира,Обмен валют,зп,Усть-Каменогорск,2025-06-29 12:10:42,Продукты питания,18016.06,KZT
24,Гульмира,Обмен валют,зп,Усть-Каменогорск,2025-06-29 14:20:38,Кино,3571.23,KZT
24,Гульмира,Обмен валют,зп,Усть-Каменогорск,2025-06-29 17:40:44,Смотрим дома,3830.22,KZT
24,Гульмира,Обмен валют,зп,Усть-Каменогорск,2025-06-29 18:30:53,АЗС,11450.31,KZT
24,Гульмира,Обмен валют,зп,Усть-Каменогорск,2025-06-29 19:00:28,Кафе и рестораны,6583.97,KZT
24,Гульмира,Обмен валют,зп,Усть-Каменогорск,2025-06-29 21:00:54,Едим дома,4728.05,KZT
24,Гульмира,Обмен валют,зп,Усть-Каменогорск,2025-06-30 09:40:05,Кафе и рестораны,6481.44,KZT
24,Гульмира,Обмен валют,зп,Усть-Каменогорск,2025-06-30 19:00:45,Кафе и рестораны,14542.42,KZT
24,Гульмира,Обмен валют,зп,Усть-Каменогорск,2025-07-01 12:10:14,Продукты питания,20922.8,KZT
24,Гульмира,Обмен валют,зп,Усть-Каменогорск,2025-07-01 15:40:30,Кафе и рестораны,4587.3,KZT
24,Гульмира,Обмен валют,зп,Усть-Каменогорск,2025-07-01 18:30:26,АЗС,28384.96,KZT
24,Гульмира,Обмен валют,зп,Усть-Каменогорск,2025-07-02 12:00:54,Кафе и рестораны,4830.76,KZT
24,Гульмира,Обмен валют,зп,Усть-Каменогорск,2025-07-02 12:10:24,Продукты питания,20074.82,KZT
24,Гульмира,Обмен валют,зп,Усть-Каменогорск,2025-07-02 12:50:52,Едим дома,6593.04,KZT
24,Гульмира,Обмен валют,зп,Усть-Каменогорск,2025-07-02 13:20:51,Смотрим дома,4492.61,KZT
24,Гульмира,Обмен валют,зп,Усть-Каменогорск,2025-07-02 16:10:07,Такси,5165.05,KZT
24,Гульмира,Обмен валют,зп,Усть-Каменогорск,2025-07-02 21:50:44,Такси,4816.13,KZT
24,Гульмира,Обмен валют,зп,Усть-Каменогорск,2025-07-05 12:00:14,Кино,5957.4,KZT
24,Гульмира,Обмен валют,зп,Усть-Каменогорск,2025-07-05 19:00:28,Кафе и рестораны,22000.0,KZT
24,Гульмира,Обмен валют,зп,Усть-Каменогорск,2025-07-06 08:10:49,Смотрим дома,3226.49,KZT
24,Гульмира,Обмен валют,зп,Усть-Каменогорск,2025-07-06 09:15:09,Такси,6999.29,KZT
24,Гульмира,Обмен валют,зп,Усть-Каменогорск,2025-07-06 10:00:04,Играем дома,5101.83,KZT
24,Гульмира,Обмен валют,зп,Усть-Каменогорск,2025-07-06 10:30:58,Смотрим дома,7602.1,KZT
24,Гульмира,Обмен валют,зп,Усть-Каменогорск,2025-07-06 12:10:39,Продукты питания,10250.0,KZT
24,Гульмира,Обмен валют,зп,Усть-Каменогорск,2025-07-06 15:40:22,Едим дома,3215.5,KZT
24,Гульмира,Обмен валют,зп,Усть-Каменогорск,2025-07-06 19:00:05,Играем дома,5813.31,KZT
24,Гульмира,Обмен валют,зп,Усть-Каменогорск,2025-07-07 11:20:41,Кино,4332.84,KZT
24,Гульмира,Обмен валют,зп,Усть-Каменогорск,2025-07-07 12:10:37,Продукты питания,14624.52,KZT
24,Гульмира,Обмен валют,зп,Усть-Каменогорск,2025-07-07 13:20:03,Кино,6397.02,KZT
24,Гульмира,Обмен валют,зп,Усть-Каменогорск,2025-07-08 12:10:22,Продукты питания,12308.63,KZT
24,Гульмира,Обмен валют,зп,Усть-Каменогорск,2025-07-08 18:30:48,АЗС,10199.59,KZT
24,Гульмира,Обмен валют,зп,Усть-Каменогорск,2025-07-08 19:20:33,Смотрим дома,3808.1,KZT
24,Гульмира,Обмен валют,зп,Усть-Каменогорск,2025-07-09 11:10:43,Такси,7333.05,KZT
24,Гульмира,Обмен валют,зп,Усть-Каменогорск,2025-07-09 12:10:11,Продукты питания,12312.18,KZT
24,Гульмира,Обмен валют,зп,Усть-Каменогорск,2025-07-09 14:50:03,Кино,5938.04,KZT
24,Гульмира,Обмен валют,зп,Усть-Каменогорск,2025-07-09 18:10:46,Такси,3372.88,KZT
24,Гульмира,Обмен валют,зп,Усть-Каменогорск,2025-07-10 12:10:11,Продукты питания,7739.23,KZT
24,Гульмира,Обмен валют,зп,Усть-Каменогорск,2025-07-10 17:30:50,Кино,5430.08,KZT
24,Гульмира,Обмен валют,зп,Усть-Каменогорск,2025-07-12 14:20:04,Кафе и рестораны,3910.95,KZT
24,Гульмира,Обмен валют,зп,Усть-Каменогорск,2025-07-12 16:20:55,Такси,4091.1,KZT
24,Гульмира,Обмен валют,зп,Усть-Каменогорск,2025-07-12 18:30:36,АЗС,26796.87,KZT
24,Гульмира,Обмен валют,зп,Усть-Каменогорск,2025-07-12 18:40:20,Кино,8307.14,KZT
24,Гульмира,Обмен валют,зп,Усть-Каменогорск,2025-07-12 19:00:15,Такси,7746.88,KZT
24,Гульмира,Обмен валют,зп,Усть-Каменогорск,2025-07-13 12:00:36,Едим дома,5578.26,KZT
24,Гульмира,Обмен валют,зп,Усть-Каменогорск,2025-07-13 12:10:56,Продукты питания,14471.45,KZT
24,Гульмира,Обмен валют,зп,Усть-Каменогорск,2025-07-13 13:00:31,Смотрим дома,6164.71,KZT
24,Гульмира,Обмен валют,зп,Усть-Каменогорск,2025-07-13 21:30:22,Такси,6402.47,KZT
24,Гульмира,Обмен валют,зп,Усть-Каменогорск,2025-07-14 09:15:31,Такси,3855.69,KZT
24,Гульмира,Обмен валют,зп,Усть-Каменогорск,2025-07-14 09:50:27,Смотрим дома,7787.49,KZT
24,Гульмира,Обмен валют,зп,Усть-Каменогорск,2025-07-14 09:50:43,Смотрим дома,4574.47,KZT
24,Гульмира,Обмен валют,зп,Усть-Каменогорск,2025-07-14 11:50:15,Кафе и рестораны,3193.34,KZT
24,Гульмира,Обмен валют,зп,Усть-Каменогорск,2025-07-14 12:00:31,Едим дома,4188.78,KZT
24,Гульмира,Обмен валют,зп,Усть-Каменогорск,2025-07-14 12:30:45,Смотрим дома,8170.29,KZT
24,Гульмира,Обмен валют,зп,Усть-Каменогорск,2025-07-14 17:10:45,Смотрим дома,5181.55,KZT
24,Гульмира,Обмен валют,зп,Усть-Каменогорск,2025-07-14 19:00:23,Кафе и рестораны,5594.15,KZT
24,Гульмира,Обмен валют,зп,Усть-Каменогорск,2025-07-14 20:20:41,Смотрим дома,4185.83,KZT
24,Гульмира,Обмен валют,зп,Усть-Каменогорск,2025-07-15 19:00:10,Кафе и рестораны,5210.41,KZT
24,Гульмира,Обмен валют,зп,Усть-Каменогорск,2025-07-17 12:10:41,Продукты питания,11297.65,KZT
24,Гульмира,Обмен валют,зп,Усть-Каменогорск,2025-07-17 13:20:28,Кино,8547.63,KZT
24,Гульмира,Обмен валют,зп,Усть-Каменогорск,2025-07-17 15:10:10,Такси,5272.48,KZT
24,Гульмира,Обмен валют,зп,Усть-Каменогорск,2025-07-17 19:00:22,Кафе и рестораны,12897.16,KZT
24,Гульмира,Обмен валют,зп,Усть-Каменогорск,2025-07-17 20:50:56,Кафе и рестораны,6598.25,KZT
24,Гульмира,Обмен валют,зп,Усть-Каменогорск,2025-07-18 12:10:58,Продукты питания,8692.21,KZT
24,Гульмира,Обмен валют,зп,Усть-Каменогорск,2025-07-18 14:50:49,Едим дома,2706.16,KZT
24,Гульмира,Обмен валют,зп,Усть-Каменогорск,2025-07-18 21:10:27,Играем дома,3487.04,KZT
24,Гульмира,Обмен валют,зп,Усть-Каменогорск,2025-07-19 09:15:03,Такси,9899.29,KZT
24,Гульмира,Обмен валют,зп,Усть-Каменогорск,2025-07-19 11:50:06,Кино,8499.87,KZT
24,Гульмира,Обмен валют,зп,Усть-Каменогорск,2025-07-19 12:10:01,Продукты питания,8167.57,KZT
24,Гульмира,Обмен валют,зп,Усть-Каменогорск,2025-07-19 14:40:59,Кафе и рестораны,6606.39,KZT
24,Гульмира,Обмен валют,зп,Усть-Каменогорск,2025-07-19 17:50:23,Кино,3143.82,KZT
24,Гульмира,Обмен валют,зп,Усть-Каменогорск,2025-07-19 20:00:26,Едим дома,6423.83,KZT
24,Гульмира,Обмен валют,зп,Усть-Каменогорск,2025-07-19 20:20:06,Едим дома,4382.13,KZT
24,Гульмира,Обмен валют,зп,Усть-Каменогорск,2025-07-20 12:10:13,Продукты питания,22104.46,KZT
24,Гульмира,Обмен валют,зп,Усть-Каменогорск,2025-07-20 21:10:52,Смотрим дома,7744.81,KZT
24,Гульмира,Обмен валют,зп,Усть-Каменогорск,2025-07-21 12:10:08,Продукты питания,8635.38,KZT
24,Гульмира,Обмен валют,зп,Усть-Каменогорск,2025-07-21 15:30:27,Едим дома,5965.38,KZT
24,Гульмира,Обмен валют,зп,Усть-Каменогорск,2025-07-21 16:10:20,Кафе и рестораны,4894.27,KZT
24,Гульмира,Обмен валют,зп,Усть-Каменогорск,2025-07-22 19:00:50,Кафе и рестораны,14184.6,KZT
24,Гульмира,Обмен валют,зп,Усть-Каменогорск,2025-07-23 12:10:08,Продукты питания,18159.36,KZT
24,Гульмира,Обмен валют,зп,Усть-Каменогорск,2025-07-23 19:00:55,Кафе и рестораны,11144.98,KZT
24,Гульмира,Обмен валют,зп,Усть-Каменогорск,2025-07-23 21:00:12,Кафе и рестораны,5565.51,KZT
24,Гульмира,Обмен валют,зп,Усть-Каменогорск,2025-07-24 10:20:06,Такси,4560.44,KZT
24,Гульмира,Обмен валют,зп,Усть-Каменогорск,2025-07-24 12:10:50,Продукты питания,16919.75,KZT
24,Гульмира,Обмен валют,зп,Усть-Каменогорск,2025-07-24 18:40:01,Едим дома,3492.13,KZT
24,Гульмира,Обмен валют,зп,Усть-Каменогорск,2025-07-24 19:00:51,Кафе и рестораны,4588.63,KZT
24,Гульмира,Обмен валют,зп,Усть-Каменогорск,2025-07-25 09:15:55,Такси,2536.24,KZT
24,Гульмира,Обмен валют,зп,Усть-Каменогорск,2025-07-25 12:10:04,Продукты питания,41238.2,KZT
24,Гульмира,Обмен валют,зп,Усть-Каменогорск,2025-07-25 18:30:00,АЗС,11805.37,KZT
24,Гульмира,Обмен валют,зп,Усть-Каменогорск,2025-07-25 18:40:16,Смотрим дома,4520.03,KZT
24,Гульмира,Обмен валют,зп,Усть-Каменогорск,2025-07-25 19:00:10,Кафе и рестораны,10791.79,KZT
24,Гульмира,Обмен валют,зп,Усть-Каменогорск,2025-07-26 12:00:34,Такси,6129.68,KZT
24,Гульмира,Обмен валют,зп,Усть-Каменогорск,2025-07-26 12:10:14,Продукты питания,14210.88,KZT
24,Гульмира,Обмен валют,зп,Усть-Каменогорск,2025-07-26 15:20:37,Кино,5457.29,KZT
24,Гульмира,Обмен валют,зп,Усть-Каменогорск,2025-07-26 15:40:32,Кафе и рестораны,7237.13,KZT
24,Гульмира,Обмен валют,зп,Усть-Каменогорск,2025-07-26 19:00:11,Кафе и рестораны,10162.38,KZT
24,Гульмира,Обмен валют,зп,Усть-Каменогорск,2025-07-26 19:00:26,Играем дома,5497.02,KZT
24,Гульмира,Обмен валют,зп,Усть-Каменогорск,2025-07-27 09:15:58,Такси,11667.55,KZT
24,Гульмира,Обмен валют,зп,Усть-Каменогорск,2025-07-27 09:40:52,Такси,7574.89,KZT
24,Гульмира,Обмен валют,зп,Усть-Каменогорск,2025-07-27 11:10:32,Кафе и рестораны,4041.18,KZT
24,Гульмира,Обмен валют,зп,Усть-Каменогорск,2025-07-30 09:50:41,Едим дома,7510.79,KZT
24,Гульмира,Обмен валют,зп,Усть-Каменогорск,2025-07-30 12:10:06,Продукты питания,15316.76,KZT
24,Гульмира,Обмен валют,зп,Усть-Каменогорск,2025-07-31 09:10:12,Смотрим дома,4788.12,KZT
24,Гульмира,Обмен валют,зп,Усть-Каменогорск,2025-07-31 09:50:50,Кино,4907.66,KZT
24,Гульмира,Обмен валют,зп,Усть-Каменогорск,2025-07-31 11:00:19,Едим дома,3369.55,KZT
24,Гульмира,Обмен валют,зп,Усть-Каменогорск,2025-07-31 12:10:38,Продукты питания,9485.22,KZT
24,Гульмира,Обмен валют,зп,Усть-Каменогорск,2025-07-31 12:10:39,Кино,3605.21,KZT
24,Гульмира,Обмен валют,зп,Усть-Каменогорск,2025-07-31 12:40:08,Смотрим дома,3773.7,KZT
24,Гульмира,Обмен валют,зп,Усть-Каменогорск,2025-07-31 19:30:16,Смотрим дома,7719.06,KZT
24,Гульмира,Обмен валют,зп,Усть-Каменогорск,2025-08-01 11:20:43,Кино,4452.67,KZT
24,Гульмира,Обмен валют,зп,Усть-Каменогорск,2025-08-01 12:10:33,Продукты питания,13061.31,KZT
24,Гульмира,Обмен валют,зп,Усть-Каменогорск,2025-08-01 17:50:54,Такси,5118.93,KZT
24,Гульмира,Обмен валют,зп,Усть-Каменогорск,2025-08-01 18:30:19,Кафе и рестораны,5628.44,KZT
24,Гульмира,Обмен валют,зп,Усть-Каменогорск,2025-08-02 09:00:19,Кафе и рестораны,7123.8,KZT
24,Гульмира,Обмен валют,зп,Усть-Каменогорск,2025-08-02 19:00:44,Играем дома,6037.96,KZT
24,Гульмира,Обмен валют,зп,Усть-Каменогорск,2025-08-02 19:00:47,Кафе и рестораны,15426.69,KZT
24,Гульмира,Обмен валют,зп,Усть-Каменогорск,2025-08-02 20:30:14,Такси,5182.06,KZT
24,Гульмира,Обмен валют,зп,Усть-Каменогорск,2025-08-03 09:15:11,Такси,5641.92,KZT
24,Гульмира,Обмен валют,зп,Усть-Каменогорск,2025-08-03 11:10:44,Такси,4781.98,KZT
24,Гульмира,Обмен валют,зп,Усть-Каменогорск,2025-08-03 12:10:31,Продукты питания,10152.05,KZT
24,Гульмира,Обмен валют,зп,Усть-Каменогорск,2025-08-03 19:00:52,Кафе и рестораны,8657.87,KZT
24,Гульмира,Обмен валют,зп,Усть-Каменогорск,2025-08-04 08:50:34,Едим дома,3371.05,KZT
24,Гульмира,Обмен валют,зп,Усть-Каменогорск,2025-08-04 12:10:23,Продукты питания,12530.95,KZT
24,Гульмира,Обмен валют,зп,Усть-Каменогорск,2025-08-05 08:30:09,Играем дома,4805.97,KZT
24,Гульмира,Обмен валют,зп,Усть-Каменогорск,2025-08-05 18:00:13,Кафе и рестораны,3874.74,KZT
24,Гульмира,Обмен валют,зп,Усть-Каменогорск,2025-08-05 19:00:55,Кафе и рестораны,13822.24,KZT
24,Гульмира,Обмен валют,зп,Усть-Каменогорск,2025-08-06 12:10:11,Продукты питания,11891.24,KZT
24,Гульмира,Обмен валют,зп,Усть-Каменогорск,2025-08-06 13:30:06,Едим дома,6185.06,KZT
24,Гульмира,Обмен валют,зп,Усть-Каменогорск,2025-08-07 11:30:33,Кино,5126.86,KZT
24,Гульмира,Обмен валют,зп,Усть-Каменогорск,2025-08-07 19:00:39,Кафе и рестораны,9333.21,KZT
24,Гульмира,Обмен валют,зп,Усть-Каменогорск,2025-08-07 21:30:09,Смотрим дома,6820.7,KZT
24,Гульмира,Обмен валют,зп,Усть-Каменогорск,2025-08-08 12:10:26,Продукты питания,14087.04,KZT
24,Гульмира,Обмен валют,зп,Усть-Каменогорск,2025-08-08 12:30:34,Едим дома,8182.94,KZT
24,Гульмира,Обмен валют,зп,Усть-Каменогорск,2025-08-08 14:20:54,Смотрим дома,3999.48,KZT
24,Гульмира,Обмен валют,зп,Усть-Каменогорск,2025-08-09 08:20:47,Кафе и рестораны,5698.56,KZT
24,Гульмира,Обмен валют,зп,Усть-Каменогорск,2025-08-09 12:10:06,Продукты питания,5609.36,KZT
24,Гульмира,Обмен валют,зп,Усть-Каменогорск,2025-08-09 13:50:46,Кафе и рестораны,3431.75,KZT
24,Гульмира,Обмен валют,зп,Усть-Каменогорск,2025-08-09 19:00:52,Кафе и рестораны,17211.93,KZT
24,Гульмира,Обмен валют,зп,Усть-Каменогорск,2025-08-10 09:00:05,Кино,6388.61,KZT
24,Гульмира,Обмен валют,зп,Усть-Каменогорск,2025-08-10 12:10:05,Продукты питания,10173.72,KZT
24,Гульмира,Обмен валют,зп,Усть-Каменогорск,2025-08-10 18:30:33,АЗС,13032.74,KZT
24,Гульмира,Обмен валют,зп,Усть-Каменогорск,2025-08-10 19:00:03,Кафе и рестораны,7681.86,KZT
24,Гульмира,Обмен валют,зп,Усть-Каменогорск,2025-08-11 09:15:26,Такси,6979.64,KZT
24,Гульмира,Обмен валют,зп,Усть-Каменогорск,2025-08-11 09:30:55,Кино,4601.75,KZT
24,Гульмира,Обмен валют,зп,Усть-Каменогорск,2025-08-11 18:00:53,Едим дома,5682.58,KZT
24,Гульмира,Обмен валют,зп,Усть-Каменогорск,2025-08-12 12:40:36,Едим дома,3016.51,KZT
24,Гульмира,Обмен валют,зп,Усть-Каменогорск,2025-08-12 16:50:47,Смотрим дома,4783.48,KZT
24,Гульмира,Обмен валют,зп,Усть-Каменогорск,2025-08-12 19:00:29,Кафе и рестораны,5892.64,KZT
24,Гульмира,Обмен валют,зп,Усть-Каменогорск,2025-08-13 11:40:01,Кино,2746.89,KZT
24,Гульмира,Обмен валют,зп,Усть-Каменогорск,2025-08-13 12:10:19,Продукты питания,17572.5,KZT
24,Гульмира,Обмен валют,зп,Усть-Каменогорск,2025-08-14 12:10:06,Продукты питания,26926.81,KZT
24,Гульмира,Обмен валют,зп,Усть-Каменогорск,2025-08-15 12:10:15,Продукты питания,12033.21,KZT
24,Гульмира,Обмен валют,зп,Усть-Каменогорск,2025-08-15 15:10:02,Едим дома,9910.84,KZT
24,Гульмира,Обмен валют,зп,Усть-Каменогорск,2025-08-15 15:40:26,Кино,3813.78,KZT
24,Гульмира,Обмен валют,зп,Усть-Каменогорск,2025-08-15 20:50:37,Такси,9505.17,KZT
24,Гульмира,Обмен валют,зп,Усть-Каменогорск,2025-08-16 08:50:12,Едим дома,2585.43,KZT
24,Гульмира,Обмен валют,зп,Усть-Каменогорск,2025-08-16 18:00:53,Кино,5697.12,KZT
24,Гульмира,Обмен валют,зп,Усть-Каменогорск,2025-08-16 19:00:24,Кафе и рестораны,4474.65,KZT
24,Гульмира,Обмен валют,зп,Усть-Каменогорск,2025-08-16 19:20:12,Кино,4379.18,KZT
24,Гульмира,Обмен валют,зп,Усть-Каменогорск,2025-08-17 12:10:44,Продукты питания,24472.37,KZT
24,Гульмира,Обмен валют,зп,Усть-Каменогорск,2025-08-17 19:00:36,Кафе и рестораны,11617.92,KZT
24,Гульмира,Обмен валют,зп,Усть-Каменогорск,2025-08-18 08:50:55,Смотрим дома,4586.86,KZT
24,Гульмира,Обмен валют,зп,Усть-Каменогорск,2025-08-18 12:10:33,Продукты питания,18087.39,KZT
24,Гульмира,Обмен валют,зп,Усть-Каменогорск,2025-08-18 19:00:33,Кафе и рестораны,10488.24,KZT
24,Гульмира,Обмен валют,зп,Усть-Каменогорск,2025-08-19 11:20:37,Кино,3168.36,KZT
24,Гульмира,Обмен валют,зп,Усть-Каменогорск,2025-08-19 12:10:25,Продукты питания,6704.67,KZT
24,Гульмира,Обмен валют,зп,Усть-Каменогорск,2025-08-19 19:00:34,Едим дома,7400.35,KZT
24,Гульмира,Обмен валют,зп,Усть-Каменогорск,2025-08-20 13:20:24,Едим дома,3600.05,KZT
24,Гульмира,Обмен валют,зп,Усть-Каменогорск,2025-08-20 19:00:58,Кафе и рестораны,10525.49,KZT
24,Гульмира,Обмен валют,зп,Усть-Каменогорск,2025-08-20 20:10:58,Едим дома,7909.41,KZT
24,Гульмира,Обмен валют,зп,Усть-Каменогорск,2025-08-20 21:10:56,Смотрим дома,4487.05,KZT
24,Гульмира,Обмен валют,зп,Усть-Каменогорск,2025-08-20 21:40:19,Едим дома,3365.21,KZT
24,Гульмира,Обмен валют,зп,Усть-Каменогорск,2025-08-21 12:10:51,Продукты питания,11528.8,KZT
24,Гульмира,Обмен валют,зп,Усть-Каменогорск,2025-08-21 19:00:07,Кафе и рестораны,6660.98,KZT
24,Гульмира,Обмен валют,зп,Усть-Каменогорск,2025-08-22 08:40:57,Кино,6495.48,KZT
24,Гульмира,Обмен валют,зп,Усть-Каменогорск,2025-08-22 11:40:03,Играем дома,6823.73,KZT
24,Гульмира,Обмен валют,зп,Усть-Каменогорск,2025-08-22 12:10:41,Продукты питания,19254.17,KZT
24,Гульмира,Обмен валют,зп,Усть-Каменогорск,2025-08-23 16:50:44,Такси,4902.27,KZT
24,Гульмира,Обмен валют,зп,Усть-Каменогорск,2025-08-23 19:00:36,Кафе и рестораны,7441.14,KZT
24,Гульмира,Обмен валют,зп,Усть-Каменогорск,2025-08-25 10:00:07,Такси,5485.83,KZT
24,Гульмира,Обмен валют,зп,Усть-Каменогорск,2025-08-25 12:10:30,Продукты питания,9751.3,KZT
24,Гульмира,Обмен валют,зп,Усть-Каменогорск,2025-08-25 14:50:54,Кино,2865.94,KZT
24,Гульмира,Обмен валют,зп,Усть-Каменогорск,2025-08-26 09:20:17,Играем дома,4683.7,KZT
24,Гульмира,Обмен валют,зп,Усть-Каменогорск,2025-08-26 12:10:35,Продукты питания,24941.07,KZT
24,Гульмира,Обмен валют,зп,Усть-Каменогорск,2025-08-26 19:00:17,Кафе и рестораны,8704.78,KZT
24,Гульмира,Обмен валют,зп,Усть-Каменогорск,2025-08-27 10:30:49,Смотрим дома,4209.55,KZT
24,Гульмира,Обмен валют,зп,Усть-Каменогорск,2025-08-27 18:10:27,Такси,4637.21,KZT
24,Гульмира,Обмен валют,зп,Усть-Каменогорск,2025-08-27 18:30:38,АЗС,21960.36,KZT
24,Гульмира,Обмен валют,зп,Усть-Каменогорск,2025-08-27 19:00:52,Кафе и рестораны,9461.54,KZT
24,Гульмира,Обмен валют,зп,Усть-Каменогорск,2025-08-27 21:10:51,Едим дома,4141.32,KZT
24,Гульмира,Обмен валют,зп,Усть-Каменогорск,2025-08-28 12:10:16,Продукты питания,17787.54,KZT
24,Гульмира,Обмен валют,зп,Усть-Каменогорск,2025-08-28 18:40:39,Едим дома,6177.45,KZT
24,Гульмира,Обмен валют,зп,Усть-Каменогорск,2025-08-29 11:50:18,Такси,5808.77,KZT
24,Гульмира,Обмен валют,зп,Усть-Каменогорск,2025-08-29 12:10:11,Продукты питания,4385.46,KZT
24,Гульмира,Обмен валют,зп,Усть-Каменогорск,2025-08-29 14:30:37,Смотрим дома,6529.75,KZT
24,Гульмира,Обмен валют,зп,Усть-Каменогорск,2025-08-29 18:00:39,Такси,11949.97,KZT
24,Гульмира,Обмен валют,зп,Усть-Каменогорск,2025-08-29 18:30:10,АЗС,12022.08,KZT
24,Гульмира,Обмен валют,зп,Усть-Каменогорск,2025-08-29 19:00:21,Кафе и рестораны,12677.34,KZT
24,Гульмира,Обмен валют,зп,Усть-Каменогорск,2025-08-30 09:10:44,Едим дома,6027.71,KZT
24,Гульмира,Обмен валют,зп,Усть-Каменогорск,2025-08-30 09:30:30,Играем дома,5890.06,KZT
24,Гульмира,Обмен валют,зп,Усть-Каменогорск,2025-08-30 12:10:54,Продукты питания,3780.43,KZT
24,Гульмира,Обмен валют,зп,Усть-Каменогорск,2025-08-30 12:20:46,Кафе и рестораны,6118.11,KZT
24,Гульмира,Обмен валют,зп,Усть-Каменогорск,2025-08-30 18:30:27,Смотрим дома,4861.12,KZT
24,Гульмира,Обмен валют,зп,Усть-Каменогорск,2025-08-30 19:20:51,Играем дома,2328.42,KZT
24,Гульмира,Обмен валют,зп,Усть-Каменогорск,2025-08-30 20:30:01,Кино,5661.49,KZT
24,Гульмира,Обмен валют,зп,Усть-Каменогорск,2025-08-31 12:10:19,Продукты питания,11755.55,KZT
24,Гульмира,Обмен валют,зп,Усть-Каменогорск,2025-08-31 18:20:15,Кино,4789.74,KZT
24,Гульмира,Обмен валют,зп,Усть-Каменогорск,2025-08-31 19:00:30,Кафе и рестораны,8683.3,KZT
24,Гульмира,Обмен валют,зп,Усть-Каменогорск,2025-08-31 21:50:19,Едим дома,5495.54,KZT
