﻿client_code,name,product,status,city,date,type,direction,amount,currency
12,Жанар,Премиальная карта,зп,Костанай,2025-06-01 14:49:42,card_out,out,13718.82,KZT
12,Жанар,Премиальная карта,зп,Костанай,2025-06-02 21:53:38,card_out,out,22255.85,KZT
12,Жанар,Премиальная карта,зп,Костанай,2025-06-03 12:45:58,card_out,out,30420.5,KZT
12,Жанар,Премиальная карта,зп,Костанай,2025-06-04 08:47:29,p2p_out,out,17799.25,KZT
12,Жанар,Премиальная карта,зп,Костанай,2025-06-04 09:45:46,card_out,out,26445.29,KZT
12,Жанар,Премиальная карта,зп,Костанай,2025-06-04 11:57:36,atm_withdrawal,out,80565.89,KZT
12,Жанар,Премиальная карта,зп,Костанай,2025-06-04 18:58:30,p2p_out,out,27858.69,KZT
12,Жанар,Премиальная карта,зп,Костанай,2025-06-04 19:04:06,p2p_out,out,5092.36,KZT
12,Жанар,Премиальная карта,зп,Костанай,2025-06-04 20:15:26,refund_in,in,4455.0,KZT
12,Жанар,Премиальная карта,зп,Костанай,2025-06-05 10:18:14,utilities_out,out,31453.91,KZT
12,Жанар,Премиальная карта,зп,Костанай,2025-06-05 12:47:20,card_out,out,15669.7,KZT
12,Жанар,Премиальная карта,зп,Костанай,2025-06-05 21:43:41,utilities_out,out,34045.16,KZT
12,Жанар,Премиальная карта,зп,Костанай,2025-06-06 09:30:50,p2p_out,out,18014.29,KZT
12,Жанар,Премиальная карта,зп,Костанай,2025-06-06 12:00:44,card_in,in,12164.39,KZT
12,Жанар,Премиальная карта,зп,Костанай,2025-06-06 13:30:26,p2p_out,out,32785.79,KZT
12,Жанар,Премиальная карта,зп,Костанай,2025-06-06 13:53:18,card_out,out,18550.78,KZT
12,Жанар,Премиальная карта,зп,Костанай,2025-06-06 19:28:53,card_out,out,25859.97,KZT
12,Жанар,Премиальная карта,зп,Костанай,2025-06-07 13:48:51,atm_withdrawal,out,22367.58,KZT
12,Жанар,Премиальная карта,зп,Костанай,2025-06-07 18:58:40,p2p_out,out,24512.76,KZT
12,Жанар,Премиальная карта,зп,Костанай,2025-06-07 21:24:19,card_out,out,11812.3,KZT
12,Жанар,Премиальная карта,зп,Костанай,2025-06-08 10:58:53,card_out,out,26253.84,KZT
12,Жанар,Премиальная карта,зп,Костанай,2025-06-08 15:37:23,card_out,out,32490.87,KZT
12,Жанар,Премиальная карта,зп,Костанай,2025-06-08 19:40:51,p2p_out,out,15219.44,KZT
12,Жанар,Премиальная карта,зп,Костанай,2025-06-08 19:47:00,card_out,out,22026.82,KZT
12,Жанар,Премиальная карта,зп,Костанай,2025-06-08 21:50:37,card_out,out,12129.53,KZT
12,Жанар,Премиальная карта,зп,Костанай,2025-06-09 11:19:52,loan_payment_out,out,52680.61,KZT
12,Жанар,Премиальная карта,зп,Костанай,2025-06-09 15:13:50,card_out,out,56415.72,KZT
12,Жанар,Премиальная карта,зп,Костанай,2025-06-09 16:42:12,cashback_in,in,33100.13,KZT
12,Жанар,Премиальная карта,зп,Костанай,2025-06-09 17:16:53,utilities_out,out,24828.43,KZT
12,Жанар,Премиальная карта,зп,Костанай,2025-06-10 09:01:09,card_out,out,28679.07,KZT
12,Жанар,Премиальная карта,зп,Костанай,2025-06-10 11:18:48,card_out,out,17212.93,KZT
12,Жанар,Премиальная карта,зп,Костанай,2025-06-10 14:11:57,loan_payment_out,out,43903.07,KZT
12,Жанар,Премиальная карта,зп,Костанай,2025-06-11 16:39:50,p2p_out,out,17233.3,KZT
12,Жанар,Премиальная карта,зп,Костанай,2025-06-11 16:40:01,loan_payment_out,out,58921.11,KZT
12,Жанар,Премиальная карта,зп,Костанай,2025-06-12 08:45:10,card_out,out,25114.08,KZT
12,Жанар,Премиальная карта,зп,Костанай,2025-06-12 08:59:04,card_out,out,10249.74,KZT
12,Жанар,Премиальная карта,зп,Костанай,2025-06-12 09:41:04,card_in,in,23689.23,KZT
12,Жанар,Премиальная карта,зп,Костанай,2025-06-12 20:42:41,card_out,out,16225.77,KZT
12,Жанар,Премиальная карта,зп,Костанай,2025-06-12 21:34:56,refund_in,in,5265.03,KZT
12,Жанар,Премиальная карта,зп,Костанай,2025-06-13 15:14:04,card_out,out,10679.9,KZT
12,Жанар,Премиальная карта,зп,Костанай,2025-06-13 20:38:45,atm_withdrawal,out,56811.47,KZT
12,Жанар,Премиальная карта,зп,Костанай,2025-06-13 21:08:33,card_out,out,7882.35,KZT
12,Жанар,Премиальная карта,зп,Костанай,2025-06-14 11:52:56,card_out,out,40790.46,KZT
12,Жанар,Премиальная карта,зп,Костанай,2025-06-14 14:48:30,card_out,out,9155.46,KZT
12,Жанар,Премиальная карта,зп,Костанай,2025-06-14 16:18:50,card_in,in,35274.73,KZT
12,Жанар,Премиальная карта,зп,Костанай,2025-06-14 18:38:42,salary_in,in,510161.69,KZT
12,Жанар,Премиальная карта,зп,Костанай,2025-06-14 18:56:17,card_out,out,21923.85,KZT
12,Жанар,Премиальная карта,зп,Костанай,2025-06-15 19:34:53,loan_payment_out,out,73567.99,KZT
12,Жанар,Премиальная карта,зп,Костанай,2025-06-15 21:51:35,utilities_out,out,31371.52,KZT
12,Жанар,Премиальная карта,зп,Костанай,2025-06-16 12:31:02,card_in,in,15745.84,KZT
12,Жанар,Премиальная карта,зп,Костанай,2025-06-16 19:24:48,p2p_out,out,25615.52,KZT
12,Жанар,Премиальная карта,зп,Костанай,2025-06-16 20:22:21,p2p_out,out,28387.56,KZT
12,Жанар,Премиальная карта,зп,Костанай,2025-06-16 21:21:13,card_out,out,15555.12,KZT
12,Жанар,Премиальная карта,зп,Костанай,2025-06-17 09:03:56,p2p_out,out,15989.67,KZT
12,Жанар,Премиальная карта,зп,Костанай,2025-06-17 15:29:55,p2p_out,out,19321.71,KZT
12,Жанар,Премиальная карта,зп,Костанай,2025-06-17 20:51:27,p2p_out,out,47132.92,KZT
12,Жанар,Премиальная карта,зп,Костанай,2025-06-18 09:51:05,card_out,out,18380.17,KZT
12,Жанар,Премиальная карта,зп,Костанай,2025-06-18 14:53:48,card_out,out,5587.27,KZT
12,Жанар,Премиальная карта,зп,Костанай,2025-06-18 15:21:56,card_out,out,51712.77,KZT
12,Жанар,Премиальная карта,зп,Костанай,2025-06-18 16:40:55,card_out,out,22435.64,KZT
12,Жанар,Премиальная карта,зп,Костанай,2025-06-18 17:05:56,p2p_out,out,14494.17,KZT
12,Жанар,Премиальная карта,зп,Костанай,2025-06-18 19:19:21,atm_withdrawal,out,50892.48,KZT
12,Жанар,Премиальная карта,зп,Костанай,2025-06-18 20:38:10,card_out,out,19820.1,KZT
12,Жанар,Премиальная карта,зп,Костанай,2025-06-19 08:42:53,card_out,out,15648.49,KZT
12,Жанар,Премиальная карта,зп,Костанай,2025-06-19 12:03:23,card_out,out,61388.84,KZT
12,Жанар,Премиальная карта,зп,Костанай,2025-06-19 15:00:18,card_out,out,17164.21,KZT
12,Жанар,Премиальная карта,зп,Костанай,2025-06-19 16:48:47,card_out,out,6599.99,KZT
12,Жанар,Премиальная карта,зп,Костанай,2025-06-20 13:07:45,card_out,out,18074.92,KZT
12,Жанар,Премиальная карта,зп,Костанай,2025-06-20 18:00:25,card_out,out,38827.55,KZT
12,Жанар,Премиальная карта,зп,Костанай,2025-06-20 19:53:56,card_out,out,17316.42,KZT
12,Жанар,Премиальная карта,зп,Костанай,2025-06-20 21:30:05,p2p_out,out,22478.41,KZT
12,Жанар,Премиальная карта,зп,Костанай,2025-06-21 12:51:45,atm_withdrawal,out,72605.43,KZT
12,Жанар,Премиальная карта,зп,Костанай,2025-06-21 18:13:35,card_out,out,30998.8,KZT
12,Жанар,Премиальная карта,зп,Костанай,2025-06-21 21:23:16,cashback_in,in,63174.14,KZT
12,Жанар,Премиальная карта,зп,Костанай,2025-06-22 08:15:35,p2p_out,out,10454.93,KZT
12,Жанар,Премиальная карта,зп,Костанай,2025-06-22 11:50:16,card_in,in,16248.24,KZT
12,Жанар,Премиальная карта,зп,Костанай,2025-06-22 18:55:46,card_out,out,45567.34,KZT
12,Жанар,Премиальная карта,зп,Костанай,2025-06-22 21:58:31,p2p_out,out,26016.34,KZT
12,Жанар,Премиальная карта,зп,Костанай,2025-06-23 08:55:51,p2p_out,out,43459.82,KZT
12,Жанар,Премиальная карта,зп,Костанай,2025-06-23 11:34:54,atm_withdrawal,out,29548.78,KZT
12,Жанар,Премиальная карта,зп,Костанай,2025-06-23 17:26:04,card_out,out,27091.78,KZT
12,Жанар,Премиальная карта,зп,Костанай,2025-06-24 08:40:17,utilities_out,out,31599.19,KZT
12,Жанар,Премиальная карта,зп,Костанай,2025-06-24 15:48:07,utilities_out,out,22845.85,KZT
12,Жанар,Премиальная карта,зп,Костанай,2025-06-24 16:01:59,card_out,out,47152.32,KZT
12,Жанар,Премиальная карта,зп,Костанай,2025-06-24 18:26:12,cashback_in,in,16548.79,KZT
12,Жанар,Премиальная карта,зп,Костанай,2025-06-25 11:35:44,atm_withdrawal,out,17751.24,KZT
12,Жанар,Премиальная карта,зп,Костанай,2025-06-25 13:12:09,card_out,out,17810.01,KZT
12,Жанар,Премиальная карта,зп,Костанай,2025-06-25 20:11:09,card_out,out,14981.25,KZT
12,Жанар,Премиальная карта,зп,Костанай,2025-06-26 09:49:24,atm_withdrawal,out,52713.19,KZT
12,Жанар,Премиальная карта,зп,Костанай,2025-06-26 14:09:39,p2p_out,out,130704.91,KZT
12,Жанар,Премиальная карта,зп,Костанай,2025-06-26 17:55:18,p2p_out,out,21776.65,KZT
12,Жанар,Премиальная карта,зп,Костанай,2025-06-26 18:52:31,atm_withdrawal,out,23960.03,KZT
12,Жанар,Премиальная карта,зп,Костанай,2025-06-27 09:37:25,card_out,out,29973.84,KZT
12,Жанар,Премиальная карта,зп,Костанай,2025-06-27 11:51:00,loan_payment_out,out,77973.46,KZT
12,Жанар,Премиальная карта,зп,Костанай,2025-06-28 10:40:48,atm_withdrawal,out,21795.98,KZT
12,Жанар,Премиальная карта,зп,Костанай,2025-06-28 13:28:02,card_out,out,30473.4,KZT
12,Жанар,Премиальная карта,зп,Костанай,2025-06-29 08:19:10,card_out,out,18750.88,KZT
12,Жанар,Премиальная карта,зп,Костанай,2025-06-29 11:44:20,card_out,out,13060.13,KZT
12,Жанар,Премиальная карта,зп,Костанай,2025-06-29 19:18:22,card_out,out,38195.18,KZT
12,Жанар,Премиальная карта,зп,Костанай,2025-06-30 09:02:57,card_out,out,24377.89,KZT
12,Жанар,Премиальная карта,зп,Костанай,2025-07-01 08:10:19,p2p_out,out,13070.99,KZT
12,Жанар,Премиальная карта,зп,Костанай,2025-07-01 13:59:40,card_out,out,24981.02,KZT
12,Жанар,Премиальная карта,зп,Костанай,2025-07-02 08:12:00,utilities_out,out,27697.81,KZT
12,Жанар,Премиальная карта,зп,Костанай,2025-07-02 08:38:48,atm_withdrawal,out,38652.4,KZT
12,Жанар,Премиальная карта,зп,Костанай,2025-07-02 09:10:02,card_out,out,23627.03,KZT
12,Жанар,Премиальная карта,зп,Костанай,2025-07-02 16:15:45,card_in,in,18079.44,KZT
12,Жанар,Премиальная карта,зп,Костанай,2025-07-02 17:04:59,p2p_out,out,17153.26,KZT
12,Жанар,Премиальная карта,зп,Костанай,2025-07-02 19:36:10,card_out,out,17876.69,KZT
12,Жанар,Премиальная карта,зп,Костанай,2025-07-02 19:50:08,p2p_out,out,22526.18,KZT
12,Жанар,Премиальная карта,зп,Костанай,2025-07-02 21:12:30,cashback_in,in,36915.35,KZT
12,Жанар,Премиальная карта,зп,Костанай,2025-07-03 09:27:14,card_out,out,29407.64,KZT
12,Жанар,Премиальная карта,зп,Костанай,2025-07-03 12:26:44,loan_payment_out,out,85663.23,KZT
12,Жанар,Премиальная карта,зп,Костанай,2025-07-03 12:54:02,loan_payment_out,out,79766.97,KZT
12,Жанар,Премиальная карта,зп,Костанай,2025-07-03 15:46:40,card_out,out,55142.94,KZT
12,Жанар,Премиальная карта,зп,Костанай,2025-07-03 17:12:08,card_out,out,43863.8,KZT
12,Жанар,Премиальная карта,зп,Костанай,2025-07-04 14:27:38,p2p_out,out,28123.18,KZT
12,Жанар,Премиальная карта,зп,Костанай,2025-07-05 18:30:53,card_out,out,14420.23,KZT
12,Жанар,Премиальная карта,зп,Костанай,2025-07-06 12:41:55,p2p_out,out,21509.19,KZT
12,Жанар,Премиальная карта,зп,Костанай,2025-07-06 12:47:23,card_in,in,91849.62,KZT
12,Жанар,Премиальная карта,зп,Костанай,2025-07-06 14:34:38,card_out,out,16463.13,KZT
12,Жанар,Премиальная карта,зп,Костанай,2025-07-06 15:32:21,loan_payment_out,out,75900.21,KZT
12,Жанар,Премиальная карта,зп,Костанай,2025-07-07 08:33:09,card_out,out,11745.75,KZT
12,Жанар,Премиальная карта,зп,Костанай,2025-07-08 10:50:18,atm_withdrawal,out,28800.93,KZT
12,Жанар,Премиальная карта,зп,Костанай,2025-07-08 11:58:54,card_out,out,8553.2,KZT
12,Жанар,Премиальная карта,зп,Костанай,2025-07-08 14:29:39,card_in,in,33780.09,KZT
12,Жанар,Премиальная карта,зп,Костанай,2025-07-08 15:29:01,p2p_out,out,8372.76,KZT
12,Жанар,Премиальная карта,зп,Костанай,2025-07-08 16:08:58,card_in,in,9182.36,KZT
12,Жанар,Премиальная карта,зп,Костанай,2025-07-08 19:58:33,card_out,out,24450.11,KZT
12,Жанар,Премиальная карта,зп,Костанай,2025-07-08 21:10:05,atm_withdrawal,out,84477.36,KZT
12,Жанар,Премиальная карта,зп,Костанай,2025-07-08 21:57:38,p2p_out,out,37941.28,KZT
12,Жанар,Премиальная карта,зп,Костанай,2025-07-09 10:16:41,card_out,out,8641.45,KZT
12,Жанар,Премиальная карта,зп,Костанай,2025-07-09 14:46:27,loan_payment_out,out,61595.58,KZT
12,Жанар,Премиальная карта,зп,Костанай,2025-07-09 17:16:42,p2p_out,out,65224.23,KZT
12,Жанар,Премиальная карта,зп,Костанай,2025-07-10 11:09:01,p2p_out,out,100715.87,KZT
12,Жанар,Премиальная карта,зп,Костанай,2025-07-10 13:12:49,utilities_out,out,33892.7,KZT
12,Жанар,Премиальная карта,зп,Костанай,2025-07-10 19:36:24,card_out,out,42512.76,KZT
12,Жанар,Премиальная карта,зп,Костанай,2025-07-10 21:01:31,p2p_out,out,54218.93,KZT
12,Жанар,Премиальная карта,зп,Костанай,2025-07-11 10:29:36,card_out,out,17496.58,KZT
12,Жанар,Премиальная карта,зп,Костанай,2025-07-11 20:36:17,p2p_out,out,19040.95,KZT
12,Жанар,Премиальная карта,зп,Костанай,2025-07-12 10:55:50,utilities_out,out,20138.26,KZT
12,Жанар,Премиальная карта,зп,Костанай,2025-07-12 12:45:34,card_out,out,29224.91,KZT
12,Жанар,Премиальная карта,зп,Костанай,2025-07-12 13:11:44,utilities_out,out,13011.9,KZT
12,Жанар,Премиальная карта,зп,Костанай,2025-07-12 15:42:27,card_out,out,114370.14,KZT
12,Жанар,Премиальная карта,зп,Костанай,2025-07-12 16:24:49,utilities_out,out,32819.86,KZT
12,Жанар,Премиальная карта,зп,Костанай,2025-07-13 13:38:30,card_out,out,51217.06,KZT
12,Жанар,Премиальная карта,зп,Костанай,2025-07-13 20:29:30,atm_withdrawal,out,25285.22,KZT
12,Жанар,Премиальная карта,зп,Костанай,2025-07-13 21:22:02,atm_withdrawal,out,92924.02,KZT
12,Жанар,Премиальная карта,зп,Костанай,2025-07-14 14:33:58,card_out,out,22293.74,KZT
12,Жанар,Премиальная карта,зп,Костанай,2025-07-14 17:22:27,p2p_out,out,29706.68,KZT
12,Жанар,Премиальная карта,зп,Костанай,2025-07-15 08:22:30,p2p_out,out,9582.54,KZT
12,Жанар,Премиальная карта,зп,Костанай,2025-07-15 13:50:19,card_out,out,41329.28,KZT
12,Жанар,Премиальная карта,зп,Костанай,2025-07-15 14:50:42,card_out,out,35966.05,KZT
12,Жанар,Премиальная карта,зп,Костанай,2025-07-15 21:04:59,card_out,out,32169.5,KZT
12,Жанар,Премиальная карта,зп,Костанай,2025-07-15 21:59:06,card_out,out,46736.29,KZT
12,Жанар,Премиальная карта,зп,Костанай,2025-07-16 09:08:39,card_in,in,16831.23,KZT
12,Жанар,Премиальная карта,зп,Костанай,2025-07-16 16:41:50,card_out,out,13694.15,KZT
12,Жанар,Премиальная карта,зп,Костанай,2025-07-17 08:58:20,card_out,out,29220.23,KZT
12,Жанар,Премиальная карта,зп,Костанай,2025-07-17 14:42:12,p2p_out,out,17295.72,KZT
12,Жанар,Премиальная карта,зп,Костанай,2025-07-18 09:28:39,card_out,out,10467.47,KZT
12,Жанар,Премиальная карта,зп,Костанай,2025-07-18 18:30:18,card_out,out,10197.02,KZT
12,Жанар,Премиальная карта,зп,Костанай,2025-07-19 08:07:04,card_out,out,20553.16,KZT
12,Жанар,Премиальная карта,зп,Костанай,2025-07-19 08:07:19,card_out,out,44713.86,KZT
12,Жанар,Премиальная карта,зп,Костанай,2025-07-19 14:52:28,p2p_out,out,32321.5,KZT
12,Жанар,Премиальная карта,зп,Костанай,2025-07-19 19:03:08,card_out,out,15748.51,KZT
12,Жанар,Премиальная карта,зп,Костанай,2025-07-19 19:04:48,card_out,out,17700.33,KZT
12,Жанар,Премиальная карта,зп,Костанай,2025-07-20 12:50:51,card_out,out,25663.19,KZT
12,Жанар,Премиальная карта,зп,Костанай,2025-07-20 14:24:34,card_out,out,19171.94,KZT
12,Жанар,Премиальная карта,зп,Костанай,2025-07-20 18:10:11,card_out,out,47680.13,KZT
12,Жанар,Премиальная карта,зп,Костанай,2025-07-20 21:18:59,atm_withdrawal,out,30878.83,KZT
12,Жанар,Премиальная карта,зп,Костанай,2025-07-21 10:06:32,card_out,out,14305.63,KZT
12,Жанар,Премиальная карта,зп,Костанай,2025-07-21 12:22:35,card_out,out,28939.41,KZT
12,Жанар,Премиальная карта,зп,Костанай,2025-07-22 20:28:57,card_out,out,38262.24,KZT
12,Жанар,Премиальная карта,зп,Костанай,2025-07-23 12:21:07,cashback_in,in,25530.06,KZT
12,Жанар,Премиальная карта,зп,Костанай,2025-07-23 13:28:06,p2p_out,out,20208.82,KZT
12,Жанар,Премиальная карта,зп,Костанай,2025-07-23 13:53:03,atm_withdrawal,out,59723.89,KZT
12,Жанар,Премиальная карта,зп,Костанай,2025-07-24 08:43:47,utilities_out,out,31460.79,KZT
12,Жанар,Премиальная карта,зп,Костанай,2025-07-24 09:47:57,card_out,out,9860.58,KZT
12,Жанар,Премиальная карта,зп,Костанай,2025-07-24 12:35:03,card_out,out,8058.7,KZT
12,Жанар,Премиальная карта,зп,Костанай,2025-07-24 16:37:37,card_out,out,11367.54,KZT
12,Жанар,Премиальная карта,зп,Костанай,2025-07-25 11:01:00,refund_in,in,40009.02,KZT
12,Жанар,Премиальная карта,зп,Костанай,2025-07-25 13:52:55,atm_withdrawal,out,31200.72,KZT
12,Жанар,Премиальная карта,зп,Костанай,2025-07-25 15:58:47,card_out,out,27179.09,KZT
12,Жанар,Премиальная карта,зп,Костанай,2025-07-25 18:46:27,salary_in,in,385689.67,KZT
12,Жанар,Премиальная карта,зп,Костанай,2025-07-26 08:51:16,p2p_out,out,44013.5,KZT
12,Жанар,Премиальная карта,зп,Костанай,2025-07-28 11:46:28,card_out,out,18523.08,KZT
12,Жанар,Премиальная карта,зп,Костанай,2025-07-28 16:41:41,p2p_out,out,29525.17,KZT
12,Жанар,Премиальная карта,зп,Костанай,2025-07-28 19:00:56,p2p_out,out,23369.06,KZT
12,Жанар,Премиальная карта,зп,Костанай,2025-07-29 08:20:19,card_out,out,8806.5,KZT
12,Жанар,Премиальная карта,зп,Костанай,2025-07-29 10:13:32,card_out,out,41933.2,KZT
12,Жанар,Премиальная карта,зп,Костанай,2025-07-29 16:07:31,loan_payment_out,out,75818.47,KZT
12,Жанар,Премиальная карта,зп,Костанай,2025-07-29 20:41:14,refund_in,in,12996.08,KZT
12,Жанар,Премиальная карта,зп,Костанай,2025-07-30 08:39:15,card_out,out,22506.1,KZT
12,Жанар,Премиальная карта,зп,Костанай,2025-07-30 09:49:53,card_out,out,43405.8,KZT
12,Жанар,Премиальная карта,зп,Костанай,2025-07-30 10:30:11,cashback_in,in,62653.89,KZT
12,Жанар,Премиальная карта,зп,Костанай,2025-07-30 11:21:58,card_out,out,11495.51,KZT
12,Жанар,Премиальная карта,зп,Костанай,2025-07-30 12:39:43,card_out,out,20584.08,KZT
12,Жанар,Премиальная карта,зп,Костанай,2025-07-30 13:41:09,atm_withdrawal,out,29286.0,KZT
12,Жанар,Премиальная карта,зп,Костанай,2025-07-31 08:04:02,card_out,out,13024.8,KZT
12,Жанар,Премиальная карта,зп,Костанай,2025-07-31 09:58:36,p2p_out,out,29290.92,KZT
12,Жанар,Премиальная карта,зп,Костанай,2025-07-31 15:07:18,atm_withdrawal,out,44657.42,KZT
12,Жанар,Премиальная карта,зп,Костанай,2025-08-01 13:46:29,p2p_out,out,9964.04,KZT
12,Жанар,Премиальная карта,зп,Костанай,2025-08-01 18:29:13,p2p_out,out,62455.4,KZT
12,Жанар,Премиальная карта,зп,Костанай,2025-08-01 19:07:05,card_out,out,8728.28,KZT
12,Жанар,Премиальная карта,зп,Костанай,2025-08-01 19:54:00,card_out,out,22141.36,KZT
12,Жанар,Премиальная карта,зп,Костанай,2025-08-02 15:11:55,p2p_out,out,39581.55,KZT
12,Жанар,Премиальная карта,зп,Костанай,2025-08-03 10:01:27,card_out,out,17717.24,KZT
12,Жанар,Премиальная карта,зп,Костанай,2025-08-03 10:11:38,card_out,out,36280.96,KZT
12,Жанар,Премиальная карта,зп,Костанай,2025-08-03 13:29:39,p2p_out,out,8219.31,KZT
12,Жанар,Премиальная карта,зп,Костанай,2025-08-03 13:29:47,card_out,out,42962.48,KZT
12,Жанар,Премиальная карта,зп,Костанай,2025-08-03 18:19:02,card_in,in,23114.03,KZT
12,Жанар,Премиальная карта,зп,Костанай,2025-08-04 09:37:25,card_in,in,9052.61,KZT
12,Жанар,Премиальная карта,зп,Костанай,2025-08-04 14:33:21,atm_withdrawal,out,28940.51,KZT
12,Жанар,Премиальная карта,зп,Костанай,2025-08-05 14:04:18,card_out,out,14228.66,KZT
12,Жанар,Премиальная карта,зп,Костанай,2025-08-05 17:03:24,utilities_out,out,31971.15,KZT
12,Жанар,Премиальная карта,зп,Костанай,2025-08-05 19:16:43,card_out,out,36388.33,KZT
12,Жанар,Премиальная карта,зп,Костанай,2025-08-06 08:23:44,loan_payment_out,out,41734.34,KZT
12,Жанар,Премиальная карта,зп,Костанай,2025-08-06 11:22:44,card_out,out,12672.61,KZT
12,Жанар,Премиальная карта,зп,Костанай,2025-08-06 13:59:21,card_out,out,23613.53,KZT
12,Жанар,Премиальная карта,зп,Костанай,2025-08-06 14:03:15,cashback_in,in,8677.4,KZT
12,Жанар,Премиальная карта,зп,Костанай,2025-08-06 15:04:56,card_out,out,30015.24,KZT
12,Жанар,Премиальная карта,зп,Костанай,2025-08-06 15:15:09,p2p_out,out,35378.47,KZT
12,Жанар,Премиальная карта,зп,Костанай,2025-08-06 20:38:57,card_out,out,25035.15,KZT
12,Жанар,Премиальная карта,зп,Костанай,2025-08-07 08:08:01,card_out,out,25934.87,KZT
12,Жанар,Премиальная карта,зп,Костанай,2025-08-07 11:17:54,card_out,out,34557.79,KZT
12,Жанар,Премиальная карта,зп,Костанай,2025-08-07 16:38:20,card_out,out,20022.84,KZT
12,Жанар,Премиальная карта,зп,Костанай,2025-08-07 18:29:14,card_out,out,18397.07,KZT
12,Жанар,Премиальная карта,зп,Костанай,2025-08-08 11:21:27,refund_in,in,16468.9,KZT
12,Жанар,Премиальная карта,зп,Костанай,2025-08-08 16:23:25,card_out,out,56299.27,KZT
12,Жанар,Премиальная карта,зп,Костанай,2025-08-08 21:53:31,card_out,out,12818.97,KZT
12,Жанар,Премиальная карта,зп,Костанай,2025-08-09 08:05:14,card_out,out,8273.38,KZT
12,Жанар,Премиальная карта,зп,Костанай,2025-08-09 10:50:20,card_out,out,31682.51,KZT
12,Жанар,Премиальная карта,зп,Костанай,2025-08-09 12:08:05,cashback_in,in,18509.29,KZT
12,Жанар,Премиальная карта,зп,Костанай,2025-08-09 14:50:51,card_in,in,37014.72,KZT
12,Жанар,Премиальная карта,зп,Костанай,2025-08-09 16:12:14,card_out,out,22327.85,KZT
12,Жанар,Премиальная карта,зп,Костанай,2025-08-09 21:19:45,atm_withdrawal,out,85867.83,KZT
12,Жанар,Премиальная карта,зп,Костанай,2025-08-10 13:41:10,loan_payment_out,out,70662.82,KZT
12,Жанар,Премиальная карта,зп,Костанай,2025-08-10 14:26:19,card_out,out,25066.36,KZT
12,Жанар,Премиальная карта,зп,Костанай,2025-08-10 16:25:51,card_out,out,21755.36,KZT
12,Жанар,Премиальная карта,зп,Костанай,2025-08-11 08:16:43,card_out,out,35993.87,KZT
12,Жанар,Премиальная карта,зп,Костанай,2025-08-11 20:31:36,card_out,out,46885.03,KZT
12,Жанар,Премиальная карта,зп,Костанай,2025-08-12 11:43:47,card_out,out,46136.53,KZT
12,Жанар,Премиальная карта,зп,Костанай,2025-08-12 20:40:30,p2p_out,out,31094.86,KZT
12,Жанар,Премиальная карта,зп,Костанай,2025-08-12 21:55:49,utilities_out,out,34970.83,KZT
12,Жанар,Премиальная карта,зп,Костанай,2025-08-13 11:22:12,card_out,out,15808.42,KZT
12,Жанар,Премиальная карта,зп,Костанай,2025-08-13 17:12:59,atm_withdrawal,out,32672.81,KZT
12,Жанар,Премиальная карта,зп,Костанай,2025-08-14 10:57:50,utilities_out,out,15001.43,KZT
12,Жанар,Премиальная карта,зп,Костанай,2025-08-14 19:08:41,card_in,in,9793.34,KZT
12,Жанар,Премиальная карта,зп,Костанай,2025-08-15 13:34:14,loan_payment_out,out,76521.29,KZT
12,Жанар,Премиальная карта,зп,Костанай,2025-08-16 11:26:23,atm_withdrawal,out,42936.9,KZT
12,Жанар,Премиальная карта,зп,Костанай,2025-08-16 13:12:09,loan_payment_out,out,71317.23,KZT
12,Жанар,Премиальная карта,зп,Костанай,2025-08-17 09:49:18,card_out,out,17007.51,KZT
12,Жанар,Премиальная карта,зп,Костанай,2025-08-17 14:17:11,card_out,out,17415.63,KZT
12,Жанар,Премиальная карта,зп,Костанай,2025-08-17 15:39:29,card_out,out,10472.53,KZT
12,Жанар,Премиальная карта,зп,Костанай,2025-08-17 17:03:09,card_out,out,7967.83,KZT
12,Жанар,Премиальная карта,зп,Костанай,2025-08-17 18:20:46,utilities_out,out,52929.97,KZT
12,Жанар,Премиальная карта,зп,Костанай,2025-08-18 09:44:41,card_in,in,12666.89,KZT
12,Жанар,Премиальная карта,зп,Костанай,2025-08-18 12:15:36,card_out,out,9659.16,KZT
12,Жанар,Премиальная карта,зп,Костанай,2025-08-18 12:43:42,p2p_out,out,12564.15,KZT
12,Жанар,Премиальная карта,зп,Костанай,2025-08-18 20:39:00,loan_payment_out,out,49721.89,KZT
12,Жанар,Премиальная карта,зп,Костанай,2025-08-19 13:03:47,p2p_out,out,9950.64,KZT
12,Жанар,Премиальная карта,зп,Костанай,2025-08-19 20:56:41,atm_withdrawal,out,29308.43,KZT
12,Жанар,Премиальная карта,зп,Костанай,2025-08-20 12:11:36,atm_withdrawal,out,28408.05,KZT
12,Жанар,Премиальная карта,зп,Костанай,2025-08-21 09:32:53,card_out,out,21136.19,KZT
12,Жанар,Премиальная карта,зп,Костанай,2025-08-21 10:49:42,card_out,out,12640.18,KZT
12,Жанар,Премиальная карта,зп,Костанай,2025-08-22 08:51:08,p2p_out,out,31098.82,KZT
12,Жанар,Премиальная карта,зп,Костанай,2025-08-22 16:20:20,card_out,out,23615.03,KZT
12,Жанар,Премиальная карта,зп,Костанай,2025-08-22 17:49:57,utilities_out,out,11289.66,KZT
12,Жанар,Премиальная карта,зп,Костанай,2025-08-22 19:57:30,p2p_out,out,19725.63,KZT
12,Жанар,Премиальная карта,зп,Костанай,2025-08-22 20:44:57,p2p_out,out,34792.81,KZT
12,Жанар,Премиальная карта,зп,Костанай,2025-08-22 21:54:55,card_out,out,22455.49,KZT
12,Жанар,Премиальная карта,зп,Костанай,2025-08-23 08:12:42,p2p_out,out,54639.95,KZT
12,Жанар,Премиальная карта,зп,Костанай,2025-08-23 08:27:17,atm_withdrawal,out,14018.86,KZT
12,Жанар,Премиальная карта,зп,Костанай,2025-08-23 08:28:12,card_out,out,22319.34,KZT
12,Жанар,Премиальная карта,зп,Костанай,2025-08-23 21:54:21,card_out,out,25950.81,KZT
12,Жанар,Премиальная карта,зп,Костанай,2025-08-24 08:16:57,p2p_out,out,41340.33,KZT
12,Жанар,Премиальная карта,зп,Костанай,2025-08-24 10:20:09,card_out,out,13963.62,KZT
12,Жанар,Премиальная карта,зп,Костанай,2025-08-24 10:40:50,card_out,out,41275.42,KZT
12,Жанар,Премиальная карта,зп,Костанай,2025-08-24 14:54:37,p2p_out,out,39603.08,KZT
12,Жанар,Премиальная карта,зп,Костанай,2025-08-25 12:04:22,p2p_out,out,16637.17,KZT
12,Жанар,Премиальная карта,зп,Костанай,2025-08-25 16:43:41,card_out,out,12350.04,KZT
12,Жанар,Премиальная карта,зп,Костанай,2025-08-25 19:00:09,atm_withdrawal,out,35153.03,KZT
12,Жанар,Премиальная карта,зп,Костанай,2025-08-25 19:24:27,p2p_out,out,41535.44,KZT
12,Жанар,Премиальная карта,зп,Костанай,2025-08-26 08:01:46,card_out,out,26623.06,KZT
12,Жанар,Премиальная карта,зп,Костанай,2025-08-26 12:43:48,atm_withdrawal,out,41669.88,KZT
12,Жанар,Премиальная карта,зп,Костанай,2025-08-26 13:28:04,card_out,out,23423.44,KZT
12,Жанар,Премиальная карта,зп,Костанай,2025-08-26 18:16:49,p2p_out,out,26522.22,KZT
12,Жанар,Премиальная карта,зп,Костанай,2025-08-27 08:02:22,salary_in,in,453778.73,KZT
12,Жанар,Премиальная карта,зп,Костанай,2025-08-27 09:14:58,p2p_out,out,27270.05,KZT
12,Жанар,Премиальная карта,зп,Костанай,2025-08-27 16:18:19,p2p_out,out,25250.56,KZT
12,Жанар,Премиальная карта,зп,Костанай,2025-08-27 18:21:48,card_out,out,33778.38,KZT
12,Жанар,Премиальная карта,зп,Костанай,2025-08-27 20:25:14,utilities_out,out,23372.18,KZT
12,Жанар,Премиальная карта,зп,Костанай,2025-08-28 19:24:35,card_out,out,20086.5,KZT
12,Жанар,Премиальная карта,зп,Костанай,2025-08-29 13:00:27,cashback_in,in,17751.6,KZT
12,Жанар,Премиальная карта,зп,Костанай,2025-08-29 13:22:35,card_out,out,19041.25,KZT
12,Жанар,Премиальная карта,зп,Костанай,2025-08-30 14:43:06,card_out,out,26021.49,KZT
12,Жанар,Премиальная карта,зп,Костанай,2025-08-31 08:43:20,refund_in,in,25391.72,KZT
12,Жанар,Премиальная карта,зп,Костанай,2025-08-31 12:19:20,p2p_out,out,28626.15,KZT
12,Жанар,Премиальная карта,зп,Костанай,2025-08-31 15:58:51,card_out,out,77771.63,KZT
12,Жанар,Премиальная карта,зп,Костанай,2025-08-31 16:12:40,atm_withdrawal,out,84364.58,KZT
12,Жанар,Премиальная карта,зп,Костанай,2025-08-31 16:29:36,card_out,out,31875.06,KZT
