﻿client_code,name,product,status,city,date,type,direction,amount,currency
39,Ляззат,Депозит Сберегательный,Зарплатный клиент,Костанай,2025-06-01 10:26:25,refund_in,in,10956.71,KZT
39,Ляззат,Депозит Сберегательный,Зарплатный клиент,Костанай,2025-06-02 09:25:02,card_out,out,14672.07,KZT
39,Ляззат,Депозит Сберегательный,Зарплатный клиент,Костанай,2025-06-02 13:35:53,card_in,in,10417.41,KZT
39,Ляззат,Депозит Сберегательный,Зарплатный клиент,Костанай,2025-06-02 19:54:40,card_out,out,28074.04,KZT
39,Ляззат,Депозит Сберегательный,Зарплатный клиент,Костанай,2025-06-03 10:32:37,p2p_out,out,10134.22,KZT
39,Ляззат,Депозит Сберегательный,Зарплатный клиент,Костанай,2025-06-03 13:55:54,card_out,out,12597.48,KZT
39,Ляззат,Депозит Сберегательный,Зарплатный клиент,Костанай,2025-06-03 14:18:40,p2p_out,out,17631.96,KZT
39,Ляззат,Депозит Сберегательный,Зарплатный клиент,Костанай,2025-06-03 15:57:19,p2p_out,out,22284.25,KZT
39,Ляззат,Депозит Сберегательный,Зарплатный клиент,Костанай,2025-06-04 08:05:08,card_out,out,19494.11,KZT
39,Ляззат,Депозит Сберегательный,Зарплатный клиент,Костанай,2025-06-04 13:32:21,p2p_out,out,10781.92,KZT
39,Ляззат,Депозит Сберегательный,Зарплатный клиент,Костанай,2025-06-04 19:59:13,card_out,out,22722.25,KZT
39,Ляззат,Депозит Сберегательный,Зарплатный клиент,Костанай,2025-06-05 11:10:13,card_out,out,19884.56,KZT
39,Ляззат,Депозит Сберегательный,Зарплатный клиент,Костанай,2025-06-05 13:20:39,card_out,out,23725.52,KZT
39,Ляззат,Депозит Сберегательный,Зарплатный клиент,Костанай,2025-06-05 15:12:55,atm_withdrawal,out,46132.8,KZT
39,Ляззат,Депозит Сберегательный,Зарплатный клиент,Костанай,2025-06-05 16:25:49,card_out,out,18602.69,KZT
39,Ляззат,Депозит Сберегательный,Зарплатный клиент,Костанай,2025-06-05 16:55:18,card_out,out,32239.32,KZT
39,Ляззат,Депозит Сберегательный,Зарплатный клиент,Костанай,2025-06-05 19:58:55,utilities_out,out,36229.38,KZT
39,Ляззат,Депозит Сберегательный,Зарплатный клиент,Костанай,2025-06-06 20:02:56,card_out,out,35507.04,KZT
39,Ляззат,Депозит Сберегательный,Зарплатный клиент,Костанай,2025-06-07 11:58:37,card_out,out,21200.26,KZT
39,Ляззат,Депозит Сберегательный,Зарплатный клиент,Костанай,2025-06-07 14:27:31,atm_withdrawal,out,16250.11,KZT
39,Ляззат,Депозит Сберегательный,Зарплатный клиент,Костанай,2025-06-07 20:38:21,p2p_out,out,11126.69,KZT
39,Ляззат,Депозит Сберегательный,Зарплатный клиент,Костанай,2025-06-08 10:02:59,card_out,out,27891.36,KZT
39,Ляззат,Депозит Сберегательный,Зарплатный клиент,Костанай,2025-06-08 14:26:50,card_out,out,25194.23,KZT
39,Ляззат,Депозит Сберегательный,Зарплатный клиент,Костанай,2025-06-08 19:33:00,p2p_out,out,20506.51,KZT
39,Ляззат,Депозит Сберегательный,Зарплатный клиент,Костанай,2025-06-08 19:44:24,p2p_out,out,21980.85,KZT
39,Ляззат,Депозит Сберегательный,Зарплатный клиент,Костанай,2025-06-09 20:07:57,utilities_out,out,21152.97,KZT
39,Ляззат,Депозит Сберегательный,Зарплатный клиент,Костанай,2025-06-10 09:57:08,card_out,out,8047.55,KZT
39,Ляззат,Депозит Сберегательный,Зарплатный клиент,Костанай,2025-06-10 21:20:33,p2p_out,out,20022.89,KZT
39,Ляззат,Депозит Сберегательный,Зарплатный клиент,Костанай,2025-06-11 10:35:53,card_out,out,5919.89,KZT
39,Ляззат,Депозит Сберегательный,Зарплатный клиент,Костанай,2025-06-11 12:14:34,p2p_out,out,17367.85,KZT
39,Ляззат,Депозит Сберегательный,Зарплатный клиент,Костанай,2025-06-11 13:56:58,card_out,out,15812.01,KZT
39,Ляззат,Депозит Сберегательный,Зарплатный клиент,Костанай,2025-06-12 10:33:09,card_out,out,34770.42,KZT
39,Ляззат,Депозит Сберегательный,Зарплатный клиент,Костанай,2025-06-12 12:54:38,card_out,out,9600.51,KZT
39,Ляззат,Депозит Сберегательный,Зарплатный клиент,Костанай,2025-06-12 16:51:19,card_out,out,10012.83,KZT
39,Ляззат,Депозит Сберегательный,Зарплатный клиент,Костанай,2025-06-12 21:31:45,card_out,out,9645.05,KZT
39,Ляззат,Депозит Сберегательный,Зарплатный клиент,Костанай,2025-06-12 21:37:54,card_in,in,5441.78,KZT
39,Ляззат,Депозит Сберегательный,Зарплатный клиент,Костанай,2025-06-13 08:22:02,card_out,out,23306.78,KZT
39,Ляззат,Депозит Сберегательный,Зарплатный клиент,Костанай,2025-06-13 08:45:02,card_out,out,12908.9,KZT
39,Ляззат,Депозит Сберегательный,Зарплатный клиент,Костанай,2025-06-13 09:31:36,card_out,out,13867.32,KZT
39,Ляззат,Депозит Сберегательный,Зарплатный клиент,Костанай,2025-06-13 09:59:07,card_out,out,44178.96,KZT
39,Ляззат,Депозит Сберегательный,Зарплатный клиент,Костанай,2025-06-13 12:12:23,card_out,out,13111.61,KZT
39,Ляззат,Депозит Сберегательный,Зарплатный клиент,Костанай,2025-06-13 12:46:13,p2p_out,out,11725.15,KZT
39,Ляззат,Депозит Сберегательный,Зарплатный клиент,Костанай,2025-06-13 14:17:48,card_out,out,26647.75,KZT
39,Ляззат,Депозит Сберегательный,Зарплатный клиент,Костанай,2025-06-13 18:30:35,card_out,out,30792.14,KZT
39,Ляззат,Депозит Сберегательный,Зарплатный клиент,Костанай,2025-06-13 21:19:56,card_out,out,14690.94,KZT
39,Ляззат,Депозит Сберегательный,Зарплатный клиент,Костанай,2025-06-13 21:26:52,card_out,out,11107.66,KZT
39,Ляззат,Депозит Сберегательный,Зарплатный клиент,Костанай,2025-06-14 15:46:11,card_in,in,9794.7,KZT
39,Ляззат,Депозит Сберегательный,Зарплатный клиент,Костанай,2025-06-14 16:12:51,card_out,out,8513.72,KZT
39,Ляззат,Депозит Сберегательный,Зарплатный клиент,Костанай,2025-06-14 16:16:53,card_out,out,24404.94,KZT
39,Ляззат,Депозит Сберегательный,Зарплатный клиент,Костанай,2025-06-14 16:21:54,p2p_out,out,7792.27,KZT
39,Ляззат,Депозит Сберегательный,Зарплатный клиент,Костанай,2025-06-14 18:20:09,card_out,out,11218.93,KZT
39,Ляззат,Депозит Сберегательный,Зарплатный клиент,Костанай,2025-06-15 12:32:48,card_out,out,28107.88,KZT
39,Ляззат,Депозит Сберегательный,Зарплатный клиент,Костанай,2025-06-15 15:40:14,card_out,out,17004.17,KZT
39,Ляззат,Депозит Сберегательный,Зарплатный клиент,Костанай,2025-06-15 19:11:39,atm_withdrawal,out,41641.82,KZT
39,Ляззат,Депозит Сберегательный,Зарплатный клиент,Костанай,2025-06-15 19:14:57,card_out,out,4312.52,KZT
39,Ляззат,Депозит Сберегательный,Зарплатный клиент,Костанай,2025-06-16 11:14:13,card_out,out,18045.83,KZT
39,Ляззат,Депозит Сберегательный,Зарплатный клиент,Костанай,2025-06-16 12:03:05,p2p_out,out,8216.97,KZT
39,Ляззат,Депозит Сберегательный,Зарплатный клиент,Костанай,2025-06-16 16:25:30,card_out,out,15849.02,KZT
39,Ляззат,Депозит Сберегательный,Зарплатный клиент,Костанай,2025-06-16 21:27:01,p2p_out,out,35595.75,KZT
39,Ляззат,Депозит Сберегательный,Зарплатный клиент,Костанай,2025-06-17 19:55:12,card_out,out,33828.56,KZT
39,Ляззат,Депозит Сберегательный,Зарплатный клиент,Костанай,2025-06-18 11:41:34,p2p_out,out,29365.43,KZT
39,Ляззат,Депозит Сберегательный,Зарплатный клиент,Костанай,2025-06-18 19:27:23,card_out,out,19323.16,KZT
39,Ляззат,Депозит Сберегательный,Зарплатный клиент,Костанай,2025-06-18 21:54:49,p2p_out,out,8012.03,KZT
39,Ляззат,Депозит Сберегательный,Зарплатный клиент,Костанай,2025-06-19 08:47:55,card_out,out,17706.57,KZT
39,Ляззат,Депозит Сберегательный,Зарплатный клиент,Костанай,2025-06-19 12:54:03,utilities_out,out,31826.4,KZT
39,Ляззат,Депозит Сберегательный,Зарплатный клиент,Костанай,2025-06-19 16:11:31,p2p_out,out,14392.09,KZT
39,Ляззат,Депозит Сберегательный,Зарплатный клиент,Костанай,2025-06-20 08:05:50,card_out,out,23382.92,KZT
39,Ляззат,Депозит Сберегательный,Зарплатный клиент,Костанай,2025-06-20 14:01:52,card_out,out,20167.1,KZT
39,Ляззат,Депозит Сберегательный,Зарплатный клиент,Костанай,2025-06-21 10:16:39,card_out,out,17045.53,KZT
39,Ляззат,Депозит Сберегательный,Зарплатный клиент,Костанай,2025-06-21 11:15:08,card_out,out,33417.47,KZT
39,Ляззат,Депозит Сберегательный,Зарплатный клиент,Костанай,2025-06-21 12:48:19,p2p_out,out,67133.25,KZT
39,Ляззат,Депозит Сберегательный,Зарплатный клиент,Костанай,2025-06-21 12:56:32,atm_withdrawal,out,49664.0,KZT
39,Ляззат,Депозит Сберегательный,Зарплатный клиент,Костанай,2025-06-21 14:06:03,refund_in,in,9235.36,KZT
39,Ляззат,Депозит Сберегательный,Зарплатный клиент,Костанай,2025-06-21 17:46:14,cashback_in,in,6744.51,KZT
39,Ляззат,Депозит Сберегательный,Зарплатный клиент,Костанай,2025-06-21 18:45:11,card_out,out,15755.45,KZT
39,Ляззат,Депозит Сберегательный,Зарплатный клиент,Костанай,2025-06-21 20:14:30,card_out,out,15310.23,KZT
39,Ляззат,Депозит Сберегательный,Зарплатный клиент,Костанай,2025-06-22 08:23:29,cashback_in,in,3486.5,KZT
39,Ляззат,Депозит Сберегательный,Зарплатный клиент,Костанай,2025-06-22 09:11:41,card_out,out,33189.83,KZT
39,Ляззат,Депозит Сберегательный,Зарплатный клиент,Костанай,2025-06-22 21:06:53,card_out,out,11597.19,KZT
39,Ляззат,Депозит Сберегательный,Зарплатный клиент,Костанай,2025-06-23 10:35:57,card_in,in,37930.72,KZT
39,Ляззат,Депозит Сберегательный,Зарплатный клиент,Костанай,2025-06-23 10:59:09,atm_withdrawal,out,23897.99,KZT
39,Ляззат,Депозит Сберегательный,Зарплатный клиент,Костанай,2025-06-23 13:43:47,loan_payment_out,out,72474.64,KZT
39,Ляззат,Депозит Сберегательный,Зарплатный клиент,Костанай,2025-06-23 17:31:48,card_out,out,7249.75,KZT
39,Ляззат,Депозит Сберегательный,Зарплатный клиент,Костанай,2025-06-24 15:03:05,p2p_out,out,21294.14,KZT
39,Ляззат,Депозит Сберегательный,Зарплатный клиент,Костанай,2025-06-24 16:46:47,p2p_out,out,17681.63,KZT
39,Ляззат,Депозит Сберегательный,Зарплатный клиент,Костанай,2025-06-24 18:49:43,cashback_in,in,7354.3,KZT
39,Ляззат,Депозит Сберегательный,Зарплатный клиент,Костанай,2025-06-25 09:51:39,p2p_out,out,33785.53,KZT
39,Ляззат,Депозит Сберегательный,Зарплатный клиент,Костанай,2025-06-25 11:14:08,card_in,in,14085.12,KZT
39,Ляззат,Депозит Сберегательный,Зарплатный клиент,Костанай,2025-06-25 12:34:52,salary_in,in,512307.28,KZT
39,Ляззат,Депозит Сберегательный,Зарплатный клиент,Костанай,2025-06-25 15:58:47,card_out,out,15812.46,KZT
39,Ляззат,Депозит Сберегательный,Зарплатный клиент,Костанай,2025-06-26 12:18:00,loan_payment_out,out,62889.4,KZT
39,Ляззат,Депозит Сберегательный,Зарплатный клиент,Костанай,2025-06-27 11:27:30,loan_payment_out,out,52098.93,KZT
39,Ляззат,Депозит Сберегательный,Зарплатный клиент,Костанай,2025-06-27 19:55:52,card_out,out,14077.36,KZT
39,Ляззат,Депозит Сберегательный,Зарплатный клиент,Костанай,2025-06-28 19:48:18,card_out,out,21036.69,KZT
39,Ляззат,Депозит Сберегательный,Зарплатный клиент,Костанай,2025-06-29 09:36:02,atm_withdrawal,out,77312.6,KZT
39,Ляззат,Депозит Сберегательный,Зарплатный клиент,Костанай,2025-06-30 08:23:03,card_out,out,11043.31,KZT
39,Ляззат,Депозит Сберегательный,Зарплатный клиент,Костанай,2025-06-30 09:08:52,utilities_out,out,31701.19,KZT
39,Ляззат,Депозит Сберегательный,Зарплатный клиент,Костанай,2025-06-30 09:14:17,card_out,out,14201.87,KZT
39,Ляззат,Депозит Сберегательный,Зарплатный клиент,Костанай,2025-06-30 10:16:28,utilities_out,out,14054.37,KZT
39,Ляззат,Депозит Сберегательный,Зарплатный клиент,Костанай,2025-06-30 15:53:33,card_out,out,8512.88,KZT
39,Ляззат,Депозит Сберегательный,Зарплатный клиент,Костанай,2025-07-01 09:48:56,card_out,out,12334.42,KZT
39,Ляззат,Депозит Сберегательный,Зарплатный клиент,Костанай,2025-07-01 10:48:27,p2p_out,out,17115.55,KZT
39,Ляззат,Депозит Сберегательный,Зарплатный клиент,Костанай,2025-07-01 11:08:18,card_out,out,16114.95,KZT
39,Ляззат,Депозит Сберегательный,Зарплатный клиент,Костанай,2025-07-01 11:33:56,card_out,out,11666.24,KZT
39,Ляззат,Депозит Сберегательный,Зарплатный клиент,Костанай,2025-07-01 12:10:14,p2p_out,out,10871.11,KZT
39,Ляззат,Депозит Сберегательный,Зарплатный клиент,Костанай,2025-07-01 12:43:20,card_out,out,18679.67,KZT
39,Ляззат,Депозит Сберегательный,Зарплатный клиент,Костанай,2025-07-01 12:55:27,p2p_out,out,32405.94,KZT
39,Ляззат,Депозит Сберегательный,Зарплатный клиент,Костанай,2025-07-01 16:03:59,card_out,out,13958.67,KZT
39,Ляззат,Депозит Сберегательный,Зарплатный клиент,Костанай,2025-07-01 16:49:58,atm_withdrawal,out,34625.54,KZT
39,Ляззат,Депозит Сберегательный,Зарплатный клиент,Костанай,2025-07-02 10:18:27,card_out,out,9964.38,KZT
39,Ляззат,Депозит Сберегательный,Зарплатный клиент,Костанай,2025-07-02 13:55:33,cashback_in,in,11502.11,KZT
39,Ляззат,Депозит Сберегательный,Зарплатный клиент,Костанай,2025-07-02 15:52:38,p2p_out,out,18433.54,KZT
39,Ляззат,Депозит Сберегательный,Зарплатный клиент,Костанай,2025-07-02 20:14:47,card_out,out,46827.84,KZT
39,Ляззат,Депозит Сберегательный,Зарплатный клиент,Костанай,2025-07-03 19:09:17,card_out,out,33848.1,KZT
39,Ляззат,Депозит Сберегательный,Зарплатный клиент,Костанай,2025-07-04 08:09:03,atm_withdrawal,out,29714.52,KZT
39,Ляззат,Депозит Сберегательный,Зарплатный клиент,Костанай,2025-07-04 09:18:18,card_out,out,12087.3,KZT
39,Ляззат,Депозит Сберегательный,Зарплатный клиент,Костанай,2025-07-04 11:11:31,refund_in,in,1950.77,KZT
39,Ляззат,Депозит Сберегательный,Зарплатный клиент,Костанай,2025-07-04 11:31:21,utilities_out,out,15554.09,KZT
39,Ляззат,Депозит Сберегательный,Зарплатный клиент,Костанай,2025-07-05 09:30:07,card_out,out,23450.09,KZT
39,Ляззат,Депозит Сберегательный,Зарплатный клиент,Костанай,2025-07-05 09:53:49,utilities_out,out,31086.76,KZT
39,Ляззат,Депозит Сберегательный,Зарплатный клиент,Костанай,2025-07-06 08:37:38,p2p_out,out,23701.58,KZT
39,Ляззат,Депозит Сберегательный,Зарплатный клиент,Костанай,2025-07-06 19:02:16,card_out,out,8994.82,KZT
39,Ляззат,Депозит Сберегательный,Зарплатный клиент,Костанай,2025-07-06 21:35:26,atm_withdrawal,out,74898.04,KZT
39,Ляззат,Депозит Сберегательный,Зарплатный клиент,Костанай,2025-07-07 09:17:28,card_out,out,63631.67,KZT
39,Ляззат,Депозит Сберегательный,Зарплатный клиент,Костанай,2025-07-07 10:08:36,utilities_out,out,34209.07,KZT
39,Ляззат,Депозит Сберегательный,Зарплатный клиент,Костанай,2025-07-07 15:37:42,cashback_in,in,11822.22,KZT
39,Ляззат,Депозит Сберегательный,Зарплатный клиент,Костанай,2025-07-07 20:48:32,p2p_out,out,56380.28,KZT
39,Ляззат,Депозит Сберегательный,Зарплатный клиент,Костанай,2025-07-08 09:32:14,card_out,out,15583.05,KZT
39,Ляззат,Депозит Сберегательный,Зарплатный клиент,Костанай,2025-07-08 11:01:52,card_out,out,12083.85,KZT
39,Ляззат,Депозит Сберегательный,Зарплатный клиент,Костанай,2025-07-08 12:09:50,card_in,in,14651.87,KZT
39,Ляззат,Депозит Сберегательный,Зарплатный клиент,Костанай,2025-07-08 14:45:43,p2p_out,out,33029.63,KZT
39,Ляззат,Депозит Сберегательный,Зарплатный клиент,Костанай,2025-07-08 20:19:27,card_out,out,25621.62,KZT
39,Ляззат,Депозит Сберегательный,Зарплатный клиент,Костанай,2025-07-09 08:21:40,card_out,out,33883.86,KZT
39,Ляззат,Депозит Сберегательный,Зарплатный клиент,Костанай,2025-07-09 09:06:46,p2p_out,out,11919.33,KZT
39,Ляззат,Депозит Сберегательный,Зарплатный клиент,Костанай,2025-07-09 13:34:27,card_out,out,29340.65,KZT
39,Ляззат,Депозит Сберегательный,Зарплатный клиент,Костанай,2025-07-10 09:16:11,atm_withdrawal,out,58261.63,KZT
39,Ляззат,Депозит Сберегательный,Зарплатный клиент,Костанай,2025-07-11 10:14:49,card_out,out,32758.1,KZT
39,Ляззат,Депозит Сберегательный,Зарплатный клиент,Костанай,2025-07-11 13:28:23,card_out,out,113470.97,KZT
39,Ляззат,Депозит Сберегательный,Зарплатный клиент,Костанай,2025-07-11 14:03:12,card_out,out,16669.71,KZT
39,Ляззат,Депозит Сберегательный,Зарплатный клиент,Костанай,2025-07-11 14:44:29,card_in,in,9516.55,KZT
39,Ляззат,Депозит Сберегательный,Зарплатный клиент,Костанай,2025-07-12 11:06:13,utilities_out,out,27256.97,KZT
39,Ляззат,Депозит Сберегательный,Зарплатный клиент,Костанай,2025-07-12 17:55:21,utilities_out,out,28697.42,KZT
39,Ляззат,Депозит Сберегательный,Зарплатный клиент,Костанай,2025-07-12 18:59:21,card_out,out,11636.44,KZT
39,Ляззат,Депозит Сберегательный,Зарплатный клиент,Костанай,2025-07-12 20:59:40,card_out,out,24415.33,KZT
39,Ляззат,Депозит Сберегательный,Зарплатный клиент,Костанай,2025-07-12 21:01:04,card_out,out,9364.59,KZT
39,Ляззат,Депозит Сберегательный,Зарплатный клиент,Костанай,2025-07-13 12:42:55,card_out,out,12394.46,KZT
39,Ляззат,Депозит Сберегательный,Зарплатный клиент,Костанай,2025-07-13 18:28:09,card_out,out,16197.36,KZT
39,Ляззат,Депозит Сберегательный,Зарплатный клиент,Костанай,2025-07-14 10:40:49,card_in,in,12704.93,KZT
39,Ляззат,Депозит Сберегательный,Зарплатный клиент,Костанай,2025-07-14 14:26:05,p2p_out,out,9944.9,KZT
39,Ляззат,Депозит Сберегательный,Зарплатный клиент,Костанай,2025-07-14 15:45:03,card_out,out,55264.03,KZT
39,Ляззат,Депозит Сберегательный,Зарплатный клиент,Костанай,2025-07-14 21:32:52,card_out,out,35356.47,KZT
39,Ляззат,Депозит Сберегательный,Зарплатный клиент,Костанай,2025-07-15 15:02:41,card_out,out,20817.05,KZT
39,Ляззат,Депозит Сберегательный,Зарплатный клиент,Костанай,2025-07-16 17:29:04,loan_payment_out,out,66371.54,KZT
39,Ляззат,Депозит Сберегательный,Зарплатный клиент,Костанай,2025-07-16 20:36:43,salary_in,in,344091.34,KZT
39,Ляззат,Депозит Сберегательный,Зарплатный клиент,Костанай,2025-07-17 09:51:24,card_out,out,9651.02,KZT
39,Ляззат,Депозит Сберегательный,Зарплатный клиент,Костанай,2025-07-17 11:11:41,card_out,out,12467.34,KZT
39,Ляззат,Депозит Сберегательный,Зарплатный клиент,Костанай,2025-07-17 17:22:46,card_in,in,12014.89,KZT
39,Ляззат,Депозит Сберегательный,Зарплатный клиент,Костанай,2025-07-17 18:27:52,card_out,out,29004.09,KZT
39,Ляззат,Депозит Сберегательный,Зарплатный клиент,Костанай,2025-07-18 09:07:06,card_in,in,6194.03,KZT
39,Ляззат,Депозит Сберегательный,Зарплатный клиент,Костанай,2025-07-18 14:21:09,card_out,out,9270.19,KZT
39,Ляззат,Депозит Сберегательный,Зарплатный клиент,Костанай,2025-07-18 15:14:24,card_out,out,123783.54,KZT
39,Ляззат,Депозит Сберегательный,Зарплатный клиент,Костанай,2025-07-18 17:20:27,card_out,out,44114.05,KZT
39,Ляззат,Депозит Сберегательный,Зарплатный клиент,Костанай,2025-07-19 09:58:36,card_out,out,13084.31,KZT
39,Ляззат,Депозит Сберегательный,Зарплатный клиент,Костанай,2025-07-19 11:35:47,card_out,out,17103.36,KZT
39,Ляззат,Депозит Сберегательный,Зарплатный клиент,Костанай,2025-07-19 12:46:38,p2p_out,out,9040.5,KZT
39,Ляззат,Депозит Сберегательный,Зарплатный клиент,Костанай,2025-07-19 19:48:16,card_out,out,32156.9,KZT
39,Ляззат,Депозит Сберегательный,Зарплатный клиент,Костанай,2025-07-20 09:34:14,p2p_out,out,14608.97,KZT
39,Ляззат,Депозит Сберегательный,Зарплатный клиент,Костанай,2025-07-20 14:33:12,card_out,out,16111.53,KZT
39,Ляззат,Депозит Сберегательный,Зарплатный клиент,Костанай,2025-07-20 20:58:26,atm_withdrawal,out,27461.44,KZT
39,Ляззат,Депозит Сберегательный,Зарплатный клиент,Костанай,2025-07-20 21:10:36,atm_withdrawal,out,39921.22,KZT
39,Ляззат,Депозит Сберегательный,Зарплатный клиент,Костанай,2025-07-21 13:55:30,card_out,out,18937.47,KZT
39,Ляззат,Депозит Сберегательный,Зарплатный клиент,Костанай,2025-07-21 15:20:17,p2p_out,out,12987.89,KZT
39,Ляззат,Депозит Сберегательный,Зарплатный клиент,Костанай,2025-07-21 18:18:48,card_out,out,24063.35,KZT
39,Ляззат,Депозит Сберегательный,Зарплатный клиент,Костанай,2025-07-21 19:41:41,card_out,out,30324.09,KZT
39,Ляззат,Депозит Сберегательный,Зарплатный клиент,Костанай,2025-07-22 08:53:32,p2p_out,out,15453.39,KZT
39,Ляззат,Депозит Сберегательный,Зарплатный клиент,Костанай,2025-07-22 18:21:38,p2p_out,out,17601.54,KZT
39,Ляззат,Депозит Сберегательный,Зарплатный клиент,Костанай,2025-07-23 08:10:01,card_out,out,33193.9,KZT
39,Ляззат,Депозит Сберегательный,Зарплатный клиент,Костанай,2025-07-23 11:02:56,card_out,out,18131.82,KZT
39,Ляззат,Депозит Сберегательный,Зарплатный клиент,Костанай,2025-07-23 16:27:07,card_out,out,35365.47,KZT
39,Ляззат,Депозит Сберегательный,Зарплатный клиент,Костанай,2025-07-23 18:50:14,p2p_out,out,9218.55,KZT
39,Ляззат,Депозит Сберегательный,Зарплатный клиент,Костанай,2025-07-23 19:27:36,card_out,out,20445.86,KZT
39,Ляззат,Депозит Сберегательный,Зарплатный клиент,Костанай,2025-07-24 08:51:53,card_out,out,40323.23,KZT
39,Ляззат,Депозит Сберегательный,Зарплатный клиент,Костанай,2025-07-24 17:17:41,p2p_out,out,14909.15,KZT
39,Ляззат,Депозит Сберегательный,Зарплатный клиент,Костанай,2025-07-24 19:50:46,card_out,out,10496.8,KZT
39,Ляззат,Депозит Сберегательный,Зарплатный клиент,Костанай,2025-07-25 20:49:51,card_out,out,32090.67,KZT
39,Ляззат,Депозит Сберегательный,Зарплатный клиент,Костанай,2025-07-26 15:52:30,card_out,out,34287.14,KZT
39,Ляззат,Депозит Сберегательный,Зарплатный клиент,Костанай,2025-07-26 17:40:08,card_out,out,22732.01,KZT
39,Ляззат,Депозит Сберегательный,Зарплатный клиент,Костанай,2025-07-27 10:33:29,card_out,out,12007.24,KZT
39,Ляззат,Депозит Сберегательный,Зарплатный клиент,Костанай,2025-07-27 17:12:03,card_out,out,7137.15,KZT
39,Ляззат,Депозит Сберегательный,Зарплатный клиент,Костанай,2025-07-28 20:16:11,p2p_out,out,34471.56,KZT
39,Ляззат,Депозит Сберегательный,Зарплатный клиент,Костанай,2025-07-30 10:14:41,p2p_out,out,10182.17,KZT
39,Ляззат,Депозит Сберегательный,Зарплатный клиент,Костанай,2025-07-30 11:14:49,p2p_out,out,49097.34,KZT
39,Ляззат,Депозит Сберегательный,Зарплатный клиент,Костанай,2025-07-30 16:16:27,loan_payment_out,out,52356.31,KZT
39,Ляззат,Депозит Сберегательный,Зарплатный клиент,Костанай,2025-07-30 21:44:24,refund_in,in,2600.54,KZT
39,Ляззат,Депозит Сберегательный,Зарплатный клиент,Костанай,2025-07-31 08:14:18,card_out,out,13776.97,KZT
39,Ляззат,Депозит Сберегательный,Зарплатный клиент,Костанай,2025-07-31 11:31:58,card_out,out,5533.04,KZT
39,Ляззат,Депозит Сберегательный,Зарплатный клиент,Костанай,2025-07-31 17:11:57,loan_payment_out,out,75737.19,KZT
39,Ляззат,Депозит Сберегательный,Зарплатный клиент,Костанай,2025-07-31 17:35:13,p2p_out,out,7107.95,KZT
39,Ляззат,Депозит Сберегательный,Зарплатный клиент,Костанай,2025-07-31 19:29:35,cashback_in,in,6605.58,KZT
39,Ляззат,Депозит Сберегательный,Зарплатный клиент,Костанай,2025-07-31 20:26:34,card_out,out,23265.02,KZT
39,Ляззат,Депозит Сберегательный,Зарплатный клиент,Костанай,2025-08-01 12:31:49,card_out,out,39008.84,KZT
39,Ляззат,Депозит Сберегательный,Зарплатный клиент,Костанай,2025-08-01 13:07:44,cashback_in,in,8773.99,KZT
39,Ляззат,Депозит Сберегательный,Зарплатный клиент,Костанай,2025-08-02 13:24:27,atm_withdrawal,out,48830.84,KZT
39,Ляззат,Депозит Сберегательный,Зарплатный клиент,Костанай,2025-08-02 15:14:49,card_out,out,26046.66,KZT
39,Ляззат,Депозит Сберегательный,Зарплатный клиент,Костанай,2025-08-04 16:57:32,card_out,out,42758.51,KZT
39,Ляззат,Депозит Сберегательный,Зарплатный клиент,Костанай,2025-08-04 18:58:57,card_out,out,12340.23,KZT
39,Ляззат,Депозит Сберегательный,Зарплатный клиент,Костанай,2025-08-05 09:12:08,p2p_out,out,11326.15,KZT
39,Ляззат,Депозит Сберегательный,Зарплатный клиент,Костанай,2025-08-05 11:00:01,card_out,out,7528.36,KZT
39,Ляззат,Депозит Сберегательный,Зарплатный клиент,Костанай,2025-08-05 11:44:47,card_out,out,27817.01,KZT
39,Ляззат,Депозит Сберегательный,Зарплатный клиент,Костанай,2025-08-05 17:27:47,p2p_out,out,37809.0,KZT
39,Ляззат,Депозит Сберегательный,Зарплатный клиент,Костанай,2025-08-05 19:50:00,cashback_in,in,15636.85,KZT
39,Ляззат,Депозит Сберегательный,Зарплатный клиент,Костанай,2025-08-06 20:33:35,atm_withdrawal,out,40319.83,KZT
39,Ляззат,Депозит Сберегательный,Зарплатный клиент,Костанай,2025-08-07 13:53:45,refund_in,in,4466.91,KZT
39,Ляззат,Депозит Сберегательный,Зарплатный клиент,Костанай,2025-08-07 20:42:09,p2p_out,out,6960.18,KZT
39,Ляззат,Депозит Сберегательный,Зарплатный клиент,Костанай,2025-08-08 10:25:53,card_out,out,9299.39,KZT
39,Ляззат,Депозит Сберегательный,Зарплатный клиент,Костанай,2025-08-08 12:39:09,p2p_out,out,18171.48,KZT
39,Ляззат,Депозит Сберегательный,Зарплатный клиент,Костанай,2025-08-08 15:20:28,card_out,out,26439.94,KZT
39,Ляззат,Депозит Сберегательный,Зарплатный клиент,Костанай,2025-08-08 19:22:35,p2p_out,out,40198.78,KZT
39,Ляззат,Депозит Сберегательный,Зарплатный клиент,Костанай,2025-08-09 08:37:42,card_out,out,17030.07,KZT
39,Ляззат,Депозит Сберегательный,Зарплатный клиент,Костанай,2025-08-09 11:59:52,loan_payment_out,out,57214.34,KZT
39,Ляззат,Депозит Сберегательный,Зарплатный клиент,Костанай,2025-08-09 14:58:55,card_out,out,13990.59,KZT
39,Ляззат,Депозит Сберегательный,Зарплатный клиент,Костанай,2025-08-09 20:49:17,card_out,out,34686.67,KZT
39,Ляззат,Депозит Сберегательный,Зарплатный клиент,Костанай,2025-08-09 21:22:09,card_out,out,22501.71,KZT
39,Ляззат,Депозит Сберегательный,Зарплатный клиент,Костанай,2025-08-10 10:32:17,card_in,in,8572.76,KZT
39,Ляззат,Депозит Сберегательный,Зарплатный клиент,Костанай,2025-08-10 14:54:30,card_out,out,10714.41,KZT
39,Ляззат,Депозит Сберегательный,Зарплатный клиент,Костанай,2025-08-10 16:29:14,utilities_out,out,31839.76,KZT
39,Ляззат,Депозит Сберегательный,Зарплатный клиент,Костанай,2025-08-10 20:21:40,card_in,in,11291.42,KZT
39,Ляззат,Депозит Сберегательный,Зарплатный клиент,Костанай,2025-08-11 08:03:05,p2p_out,out,15714.65,KZT
39,Ляззат,Депозит Сберегательный,Зарплатный клиент,Костанай,2025-08-11 10:53:50,card_out,out,7768.17,KZT
39,Ляззат,Депозит Сберегательный,Зарплатный клиент,Костанай,2025-08-11 12:59:11,card_out,out,17353.35,KZT
39,Ляззат,Депозит Сберегательный,Зарплатный клиент,Костанай,2025-08-11 14:06:56,card_out,out,13464.98,KZT
39,Ляззат,Депозит Сберегательный,Зарплатный клиент,Костанай,2025-08-11 14:13:36,card_out,out,15883.11,KZT
39,Ляззат,Депозит Сберегательный,Зарплатный клиент,Костанай,2025-08-11 15:10:29,card_in,in,18922.93,KZT
39,Ляззат,Депозит Сберегательный,Зарплатный клиент,Костанай,2025-08-11 16:28:46,card_out,out,8477.51,KZT
39,Ляззат,Депозит Сберегательный,Зарплатный клиент,Костанай,2025-08-12 17:37:50,p2p_out,out,37118.77,KZT
39,Ляззат,Депозит Сберегательный,Зарплатный клиент,Костанай,2025-08-13 14:17:50,card_out,out,23615.47,KZT
39,Ляззат,Депозит Сберегательный,Зарплатный клиент,Костанай,2025-08-13 15:58:07,utilities_out,out,33061.26,KZT
39,Ляззат,Депозит Сберегательный,Зарплатный клиент,Костанай,2025-08-14 13:52:12,card_out,out,25587.94,KZT
39,Ляззат,Депозит Сберегательный,Зарплатный клиент,Костанай,2025-08-15 16:46:41,p2p_out,out,25890.54,KZT
39,Ляззат,Депозит Сберегательный,Зарплатный клиент,Костанай,2025-08-15 18:48:46,card_out,out,8843.08,KZT
39,Ляззат,Депозит Сберегательный,Зарплатный клиент,Костанай,2025-08-16 16:08:07,card_out,out,22005.13,KZT
39,Ляззат,Депозит Сберегательный,Зарплатный клиент,Костанай,2025-08-16 17:37:14,card_out,out,35722.09,KZT
39,Ляззат,Депозит Сберегательный,Зарплатный клиент,Костанай,2025-08-17 08:26:36,card_out,out,16662.73,KZT
39,Ляззат,Депозит Сберегательный,Зарплатный клиент,Костанай,2025-08-17 19:00:47,card_out,out,9338.72,KZT
39,Ляззат,Депозит Сберегательный,Зарплатный клиент,Костанай,2025-08-18 09:19:36,card_out,out,18133.45,KZT
39,Ляззат,Депозит Сберегательный,Зарплатный клиент,Костанай,2025-08-18 14:03:03,p2p_out,out,22903.6,KZT
39,Ляззат,Депозит Сберегательный,Зарплатный клиент,Костанай,2025-08-18 15:41:47,cashback_in,in,6002.05,KZT
39,Ляззат,Депозит Сберегательный,Зарплатный клиент,Костанай,2025-08-18 16:27:18,p2p_out,out,14119.56,KZT
39,Ляззат,Депозит Сберегательный,Зарплатный клиент,Костанай,2025-08-18 19:58:03,card_out,out,12850.89,KZT
39,Ляззат,Депозит Сберегательный,Зарплатный клиент,Костанай,2025-08-19 19:31:24,card_out,out,20795.01,KZT
39,Ляззат,Депозит Сберегательный,Зарплатный клиент,Костанай,2025-08-20 12:03:29,card_out,out,20697.69,KZT
39,Ляззат,Депозит Сберегательный,Зарплатный клиент,Костанай,2025-08-20 17:17:41,p2p_out,out,17989.32,KZT
39,Ляззат,Депозит Сберегательный,Зарплатный клиент,Костанай,2025-08-20 18:10:52,loan_payment_out,out,58970.94,KZT
39,Ляззат,Депозит Сберегательный,Зарплатный клиент,Костанай,2025-08-20 21:38:47,card_out,out,19809.86,KZT
39,Ляззат,Депозит Сберегательный,Зарплатный клиент,Костанай,2025-08-21 08:09:19,p2p_out,out,21785.5,KZT
39,Ляззат,Депозит Сберегательный,Зарплатный клиент,Костанай,2025-08-21 16:15:01,p2p_out,out,13236.38,KZT
39,Ляззат,Депозит Сберегательный,Зарплатный клиент,Костанай,2025-08-21 20:49:25,card_out,out,25789.03,KZT
39,Ляззат,Депозит Сберегательный,Зарплатный клиент,Костанай,2025-08-21 21:02:47,card_out,out,5208.57,KZT
39,Ляззат,Депозит Сберегательный,Зарплатный клиент,Костанай,2025-08-22 11:17:53,card_out,out,22025.7,KZT
39,Ляззат,Депозит Сберегательный,Зарплатный клиент,Костанай,2025-08-22 12:45:07,card_out,out,14200.56,KZT
39,Ляззат,Депозит Сберегательный,Зарплатный клиент,Костанай,2025-08-22 13:11:23,card_in,in,50560.17,KZT
39,Ляззат,Депозит Сберегательный,Зарплатный клиент,Костанай,2025-08-22 13:30:31,p2p_out,out,15844.75,KZT
39,Ляззат,Депозит Сберегательный,Зарплатный клиент,Костанай,2025-08-22 16:29:34,card_out,out,34837.24,KZT
39,Ляззат,Депозит Сберегательный,Зарплатный клиент,Костанай,2025-08-22 17:49:27,card_in,in,26433.25,KZT
39,Ляззат,Депозит Сберегательный,Зарплатный клиент,Костанай,2025-08-23 10:48:09,atm_withdrawal,out,83499.04,KZT
39,Ляззат,Депозит Сберегательный,Зарплатный клиент,Костанай,2025-08-23 15:26:13,p2p_out,out,19046.82,KZT
39,Ляззат,Депозит Сберегательный,Зарплатный клиент,Костанай,2025-08-23 20:17:19,card_out,out,14646.96,KZT
39,Ляззат,Депозит Сберегательный,Зарплатный клиент,Костанай,2025-08-24 12:17:16,card_out,out,19545.39,KZT
39,Ляззат,Депозит Сберегательный,Зарплатный клиент,Костанай,2025-08-24 14:05:05,card_out,out,26280.7,KZT
39,Ляззат,Депозит Сберегательный,Зарплатный клиент,Костанай,2025-08-24 17:23:46,p2p_out,out,10485.71,KZT
39,Ляззат,Депозит Сберегательный,Зарплатный клиент,Костанай,2025-08-24 19:32:41,card_out,out,18418.53,KZT
39,Ляззат,Депозит Сберегательный,Зарплатный клиент,Костанай,2025-08-25 08:44:47,p2p_out,out,19387.18,KZT
39,Ляззат,Депозит Сберегательный,Зарплатный клиент,Костанай,2025-08-25 19:09:47,atm_withdrawal,out,23708.08,KZT
39,Ляззат,Депозит Сберегательный,Зарплатный клиент,Костанай,2025-08-26 09:55:53,card_out,out,10359.24,KZT
39,Ляззат,Депозит Сберегательный,Зарплатный клиент,Костанай,2025-08-26 10:11:58,card_out,out,11126.26,KZT
39,Ляззат,Депозит Сберегательный,Зарплатный клиент,Костанай,2025-08-26 14:27:56,p2p_out,out,13137.92,KZT
39,Ляззат,Депозит Сберегательный,Зарплатный клиент,Костанай,2025-08-26 16:22:00,refund_in,in,10513.06,KZT
39,Ляззат,Депозит Сберегательный,Зарплатный клиент,Костанай,2025-08-26 17:27:43,card_out,out,25581.61,KZT
39,Ляззат,Депозит Сберегательный,Зарплатный клиент,Костанай,2025-08-26 21:40:46,p2p_out,out,12503.54,KZT
39,Ляззат,Депозит Сберегательный,Зарплатный клиент,Костанай,2025-08-26 21:56:03,card_out,out,17344.72,KZT
39,Ляззат,Депозит Сберегательный,Зарплатный клиент,Костанай,2025-08-27 10:15:38,card_out,out,29487.13,KZT
39,Ляззат,Депозит Сберегательный,Зарплатный клиент,Костанай,2025-08-27 13:39:01,loan_payment_out,out,57651.19,KZT
39,Ляззат,Депозит Сберегательный,Зарплатный клиент,Костанай,2025-08-27 14:08:11,card_out,out,9250.77,KZT
39,Ляззат,Депозит Сберегательный,Зарплатный клиент,Костанай,2025-08-27 15:06:16,card_out,out,7755.68,KZT
39,Ляззат,Депозит Сберегательный,Зарплатный клиент,Костанай,2025-08-27 19:32:15,utilities_out,out,28368.2,KZT
39,Ляззат,Депозит Сберегательный,Зарплатный клиент,Костанай,2025-08-28 08:13:43,card_out,out,8374.1,KZT
39,Ляззат,Депозит Сберегательный,Зарплатный клиент,Костанай,2025-08-28 08:55:12,card_out,out,7427.6,KZT
39,Ляззат,Депозит Сберегательный,Зарплатный клиент,Костанай,2025-08-28 13:36:25,atm_withdrawal,out,9291.82,KZT
39,Ляззат,Депозит Сберегательный,Зарплатный клиент,Костанай,2025-08-28 14:38:48,utilities_out,out,25511.2,KZT
39,Ляззат,Депозит Сберегательный,Зарплатный клиент,Костанай,2025-08-28 17:50:17,utilities_out,out,21451.73,KZT
39,Ляззат,Депозит Сберегательный,Зарплатный клиент,Костанай,2025-08-29 09:32:50,salary_in,in,408677.25,KZT
39,Ляззат,Депозит Сберегательный,Зарплатный клиент,Костанай,2025-08-29 09:59:33,atm_withdrawal,out,38621.81,KZT
39,Ляззат,Депозит Сберегательный,Зарплатный клиент,Костанай,2025-08-29 09:59:41,p2p_out,out,37102.33,KZT
39,Ляззат,Депозит Сберегательный,Зарплатный клиент,Костанай,2025-08-29 15:27:28,card_out,out,7619.99,KZT
39,Ляззат,Депозит Сберегательный,Зарплатный клиент,Костанай,2025-08-29 15:28:20,card_out,out,51002.93,KZT
39,Ляззат,Депозит Сберегательный,Зарплатный клиент,Костанай,2025-08-29 16:19:26,card_out,out,14360.8,KZT
39,Ляззат,Депозит Сберегательный,Зарплатный клиент,Костанай,2025-08-29 21:05:36,card_out,out,7273.24,KZT
39,Ляззат,Депозит Сберегательный,Зарплатный клиент,Костанай,2025-08-29 21:39:55,card_out,out,36579.7,KZT
39,Ляззат,Депозит Сберегательный,Зарплатный клиент,Костанай,2025-08-30 14:43:17,card_out,out,15261.33,KZT
39,Ляззат,Депозит Сберегательный,Зарплатный клиент,Костанай,2025-08-31 12:09:45,card_out,out,25361.51,KZT
