﻿client_code,name,product,status,city,date,category,amount,currency
19,Азамат,Обмен валют,зп,Алматы,2025-06-02 10:30:48,Такси,5109.81,KZT
19,Азамат,Обмен валют,зп,Алматы,2025-06-02 11:40:13,Кафе и рестораны,4808.1,KZT
19,Азамат,Обмен валют,зп,Алматы,2025-06-02 11:40:27,Смотрим дома,3509.66,KZT
19,Азамат,Обмен валют,зп,Алматы,2025-06-02 13:00:19,Играем дома,4576.52,KZT
19,Азамат,Обмен валют,зп,Алматы,2025-06-02 19:00:09,Кафе и рестораны,13484.07,KZT
19,Азамат,Обмен валют,зп,Алматы,2025-06-02 19:50:20,Едим дома,8509.16,KZT
19,Азамат,Обмен валют,зп,Алматы,2025-06-03 12:10:50,Продукты питания,26790.05,KZT
19,Азамат,Обмен валют,зп,Алматы,2025-06-03 16:10:58,Кафе и рестораны,4744.44,KZT
19,Азамат,Обмен валют,зп,Алматы,2025-06-03 21:40:50,Смотрим дома,5391.96,KZT
19,Азамат,Обмен валют,зп,Алматы,2025-06-05 09:15:46,Такси,4186.86,KZT
19,Азамат,Обмен валют,зп,Алматы,2025-06-05 12:10:33,Продукты питания,9415.41,KZT
19,Азамат,Обмен валют,зп,Алматы,2025-06-05 13:00:46,Играем дома,4742.76,KZT
19,Азамат,Обмен валют,зп,Алматы,2025-06-05 18:30:20,АЗС,27247.22,KZT
19,Азамат,Обмен валют,зп,Алматы,2025-06-05 21:30:01,Играем дома,2965.78,KZT
19,Азамат,Обмен валют,зп,Алматы,2025-06-07 09:40:33,Кино,4219.95,KZT
19,Азамат,Обмен валют,зп,Алматы,2025-06-07 12:10:31,Продукты питания,14981.2,KZT
19,Азамат,Обмен валют,зп,Алматы,2025-06-08 12:10:14,Продукты питания,8320.97,KZT
19,Азамат,Обмен валют,зп,Алматы,2025-06-08 13:10:04,Такси,6146.68,KZT
19,Азамат,Обмен валют,зп,Алматы,2025-06-08 18:10:35,Играем дома,4911.23,KZT
19,Азамат,Обмен валют,зп,Алматы,2025-06-08 20:40:31,Кафе и рестораны,5793.78,KZT
19,Азамат,Обмен валют,зп,Алматы,2025-06-09 12:10:16,Продукты питания,34248.56,KZT
19,Азамат,Обмен валют,зп,Алматы,2025-06-09 16:00:38,Кино,4100.35,KZT
19,Азамат,Обмен валют,зп,Алматы,2025-06-09 18:00:56,Играем дома,4317.57,KZT
19,Азамат,Обмен валют,зп,Алматы,2025-06-09 19:00:06,Кафе и рестораны,6871.52,KZT
19,Азамат,Обмен валют,зп,Алматы,2025-06-09 20:50:32,Смотрим дома,2094.78,KZT
19,Азамат,Обмен валют,зп,Алматы,2025-06-09 21:10:46,Такси,2990.23,KZT
19,Азамат,Обмен валют,зп,Алматы,2025-06-11 08:30:05,Едим дома,6875.71,KZT
19,Азамат,Обмен валют,зп,Алматы,2025-06-11 08:40:35,Смотрим дома,4603.01,KZT
19,Азамат,Обмен валют,зп,Алматы,2025-06-11 09:15:23,Такси,2657.69,KZT
19,Азамат,Обмен валют,зп,Алматы,2025-06-11 14:00:56,Кино,6547.39,KZT
19,Азамат,Обмен валют,зп,Алматы,2025-06-11 21:30:21,Едим дома,6866.4,KZT
19,Азамат,Обмен валют,зп,Алматы,2025-06-13 10:50:28,Играем дома,3930.89,KZT
19,Азамат,Обмен валют,зп,Алматы,2025-06-13 11:20:08,Кафе и рестораны,5266.54,KZT
19,Азамат,Обмен валют,зп,Алматы,2025-06-13 12:10:36,Продукты питания,10436.21,KZT
19,Азамат,Обмен валют,зп,Алматы,2025-06-13 15:10:38,Кино,4053.63,KZT
19,Азамат,Обмен валют,зп,Алматы,2025-06-13 16:30:24,Кино,6418.17,KZT
19,Азамат,Обмен валют,зп,Алматы,2025-06-13 19:40:03,Кино,3294.71,KZT
19,Азамат,Обмен валют,зп,Алматы,2025-06-14 12:10:21,Продукты питания,13006.05,KZT
19,Азамат,Обмен валют,зп,Алматы,2025-06-14 16:00:22,Такси,2417.59,KZT
19,Азамат,Обмен валют,зп,Алматы,2025-06-14 18:10:20,Играем дома,8646.66,KZT
19,Азамат,Обмен валют,зп,Алматы,2025-06-14 18:30:09,АЗС,10472.05,KZT
19,Азамат,Обмен валют,зп,Алматы,2025-06-14 19:00:34,Кафе и рестораны,6778.99,KZT
19,Азамат,Обмен валют,зп,Алматы,2025-06-15 08:40:47,Играем дома,6048.62,KZT
19,Азамат,Обмен валют,зп,Алматы,2025-06-15 12:10:09,Продукты питания,10487.16,KZT
19,Азамат,Обмен валют,зп,Алматы,2025-06-15 15:50:52,Кафе и рестораны,3426.54,KZT
19,Азамат,Обмен валют,зп,Алматы,2025-06-15 21:00:03,Играем дома,3514.92,KZT
19,Азамат,Обмен валют,зп,Алматы,2025-06-17 12:10:26,Кафе и рестораны,5555.37,KZT
19,Азамат,Обмен валют,зп,Алматы,2025-06-17 12:10:31,Продукты питания,9455.55,KZT
19,Азамат,Обмен валют,зп,Алматы,2025-06-17 19:40:13,Играем дома,5097.57,KZT
19,Азамат,Обмен валют,зп,Алматы,2025-06-17 19:50:24,Такси,7283.48,KZT
19,Азамат,Обмен валют,зп,Алматы,2025-06-18 12:10:04,Продукты питания,16585.13,KZT
19,Азамат,Обмен валют,зп,Алматы,2025-06-18 16:40:07,Кафе и рестораны,4897.71,KZT
19,Азамат,Обмен валют,зп,Алматы,2025-06-18 18:50:21,Такси,10123.06,KZT
19,Азамат,Обмен валют,зп,Алматы,2025-06-19 09:15:41,Такси,2338.7,KZT
19,Азамат,Обмен валют,зп,Алматы,2025-06-19 09:40:31,Кафе и рестораны,4485.52,KZT
19,Азамат,Обмен валют,зп,Алматы,2025-06-19 12:40:13,Играем дома,7468.32,KZT
19,Азамат,Обмен валют,зп,Алматы,2025-06-19 19:00:26,Кафе и рестораны,8482.59,KZT
19,Азамат,Обмен валют,зп,Алматы,2025-06-19 21:20:18,Смотрим дома,7710.46,KZT
19,Азамат,Обмен валют,зп,Алматы,2025-06-20 08:20:11,Кино,5341.84,KZT
19,Азамат,Обмен валют,зп,Алматы,2025-06-20 13:00:23,Играем дома,5161.85,KZT
19,Азамат,Обмен валют,зп,Алматы,2025-06-20 19:00:59,Кафе и рестораны,6243.9,KZT
19,Азамат,Обмен валют,зп,Алматы,2025-06-20 20:40:16,Едим дома,4106.22,KZT
19,Азамат,Обмен валют,зп,Алматы,2025-06-21 08:50:43,Кафе и рестораны,4599.24,KZT
19,Азамат,Обмен валют,зп,Алматы,2025-06-21 12:10:57,Продукты питания,21908.98,KZT
19,Азамат,Обмен валют,зп,Алматы,2025-06-21 13:30:49,Смотрим дома,4995.53,KZT
19,Азамат,Обмен валют,зп,Алматы,2025-06-21 18:00:36,Играем дома,4410.99,KZT
19,Азамат,Обмен валют,зп,Алматы,2025-06-21 19:00:04,Кафе и рестораны,7929.15,KZT
19,Азамат,Обмен валют,зп,Алматы,2025-06-21 20:10:17,Кафе и рестораны,3411.79,KZT
19,Азамат,Обмен валют,зп,Алматы,2025-06-22 09:10:01,Играем дома,10764.95,KZT
19,Азамат,Обмен валют,зп,Алматы,2025-06-22 12:10:48,Продукты питания,10378.69,KZT
19,Азамат,Обмен валют,зп,Алматы,2025-06-22 17:30:39,Кино,3755.89,KZT
19,Азамат,Обмен валют,зп,Алматы,2025-06-22 19:00:01,Кафе и рестораны,7722.6,KZT
19,Азамат,Обмен валют,зп,Алматы,2025-06-24 08:00:09,Едим дома,7227.61,KZT
19,Азамат,Обмен валют,зп,Алматы,2025-06-24 12:00:23,Едим дома,4685.35,KZT
19,Азамат,Обмен валют,зп,Алматы,2025-06-24 12:10:25,Продукты питания,13950.57,KZT
19,Азамат,Обмен валют,зп,Алматы,2025-06-25 10:10:00,Едим дома,7325.76,KZT
19,Азамат,Обмен валют,зп,Алматы,2025-06-25 12:10:24,Продукты питания,19486.53,KZT
19,Азамат,Обмен валют,зп,Алматы,2025-06-25 12:10:44,Такси,6592.15,KZT
19,Азамат,Обмен валют,зп,Алматы,2025-06-25 17:20:22,Кино,3789.1,KZT
19,Азамат,Обмен валют,зп,Алматы,2025-06-25 18:30:40,АЗС,38249.83,KZT
19,Азамат,Обмен валют,зп,Алматы,2025-06-25 19:00:22,Кафе и рестораны,4773.15,KZT
19,Азамат,Обмен валют,зп,Алматы,2025-06-25 20:30:32,Смотрим дома,7065.54,KZT
19,Азамат,Обмен валют,зп,Алматы,2025-06-25 21:00:45,Играем дома,5716.23,KZT
19,Азамат,Обмен валют,зп,Алматы,2025-06-26 09:00:43,Смотрим дома,5523.21,KZT
19,Азамат,Обмен валют,зп,Алматы,2025-06-26 12:10:30,Продукты питания,9421.86,KZT
19,Азамат,Обмен валют,зп,Алматы,2025-06-26 12:30:43,Смотрим дома,4908.39,KZT
19,Азамат,Обмен валют,зп,Алматы,2025-06-26 14:10:39,Едим дома,6331.22,KZT
19,Азамат,Обмен валют,зп,Алматы,2025-06-26 19:00:44,Кафе и рестораны,3833.01,KZT
19,Азамат,Обмен валют,зп,Алматы,2025-06-26 20:10:16,Едим дома,5529.81,KZT
19,Азамат,Обмен валют,зп,Алматы,2025-06-27 10:10:50,Такси,5698.83,KZT
19,Азамат,Обмен валют,зп,Алматы,2025-06-27 12:10:23,Продукты питания,14246.97,KZT
19,Азамат,Обмен валют,зп,Алматы,2025-06-27 14:20:42,Кафе и рестораны,8468.25,KZT
19,Азамат,Обмен валют,зп,Алматы,2025-06-27 17:30:40,Кафе и рестораны,3288.14,KZT
19,Азамат,Обмен валют,зп,Алматы,2025-06-27 18:10:03,Такси,4154.93,KZT
19,Азамат,Обмен валют,зп,Алматы,2025-06-27 19:50:18,Кафе и рестораны,5992.83,KZT
19,Азамат,Обмен валют,зп,Алматы,2025-06-29 10:30:12,Смотрим дома,5784.12,KZT
19,Азамат,Обмен валют,зп,Алматы,2025-06-29 11:20:18,Кино,3116.29,KZT
19,Азамат,Обмен валют,зп,Алматы,2025-06-29 18:20:23,Такси,5534.5,KZT
19,Азамат,Обмен валют,зп,Алматы,2025-06-29 19:00:08,Кафе и рестораны,5614.85,KZT
19,Азамат,Обмен валют,зп,Алматы,2025-06-29 21:30:22,Кино,6807.45,KZT
19,Азамат,Обмен валют,зп,Алматы,2025-07-01 08:20:07,Смотрим дома,7391.97,KZT
19,Азамат,Обмен валют,зп,Алматы,2025-07-01 09:20:43,Смотрим дома,7697.52,KZT
19,Азамат,Обмен валют,зп,Алматы,2025-07-01 09:40:27,Кафе и рестораны,3569.77,KZT
19,Азамат,Обмен валют,зп,Алматы,2025-07-01 12:10:18,Продукты питания,20227.76,KZT
19,Азамат,Обмен валют,зп,Алматы,2025-07-04 08:00:02,Едим дома,3790.84,KZT
19,Азамат,Обмен валют,зп,Алматы,2025-07-04 12:10:41,Продукты питания,11431.87,KZT
19,Азамат,Обмен валют,зп,Алматы,2025-07-04 12:20:18,Едим дома,5133.89,KZT
19,Азамат,Обмен валют,зп,Алматы,2025-07-04 14:50:44,Кафе и рестораны,3758.17,KZT
19,Азамат,Обмен валют,зп,Алматы,2025-07-04 15:30:21,Кино,3319.85,KZT
19,Азамат,Обмен валют,зп,Алматы,2025-07-05 12:10:21,Продукты питания,17786.09,KZT
19,Азамат,Обмен валют,зп,Алматы,2025-07-05 13:00:47,Кино,4646.29,KZT
19,Азамат,Обмен валют,зп,Алматы,2025-07-05 19:00:03,Кино,8022.37,KZT
19,Азамат,Обмен валют,зп,Алматы,2025-07-05 20:10:44,Едим дома,2546.76,KZT
19,Азамат,Обмен валют,зп,Алматы,2025-07-05 20:10:51,Такси,4104.88,KZT
19,Азамат,Обмен валют,зп,Алматы,2025-07-05 20:20:38,Такси,5605.84,KZT
19,Азамат,Обмен валют,зп,Алматы,2025-07-06 11:50:12,Смотрим дома,4235.65,KZT
19,Азамат,Обмен валют,зп,Алматы,2025-07-06 12:10:42,Продукты питания,6146.93,KZT
19,Азамат,Обмен валют,зп,Алматы,2025-07-06 16:10:40,Кино,3589.41,KZT
19,Азамат,Обмен валют,зп,Алматы,2025-07-07 15:40:50,Такси,3944.37,KZT
19,Азамат,Обмен валют,зп,Алматы,2025-07-07 19:00:48,Кафе и рестораны,6095.98,KZT
19,Азамат,Обмен валют,зп,Алматы,2025-07-07 19:20:18,Такси,6112.25,KZT
19,Азамат,Обмен валют,зп,Алматы,2025-07-09 12:10:28,Продукты питания,8885.13,KZT
19,Азамат,Обмен валют,зп,Алматы,2025-07-09 13:00:27,Кино,7013.03,KZT
19,Азамат,Обмен валют,зп,Алматы,2025-07-09 19:00:22,Кафе и рестораны,8298.64,KZT
19,Азамат,Обмен валют,зп,Алматы,2025-07-10 08:00:31,Кино,4341.32,KZT
19,Азамат,Обмен валют,зп,Алматы,2025-07-10 09:15:04,Такси,4406.74,KZT
19,Азамат,Обмен валют,зп,Алматы,2025-07-10 11:20:58,Кафе и рестораны,5294.11,KZT
19,Азамат,Обмен валют,зп,Алматы,2025-07-10 12:10:30,Такси,4293.65,KZT
19,Азамат,Обмен валют,зп,Алматы,2025-07-10 12:10:32,Продукты питания,12513.13,KZT
19,Азамат,Обмен валют,зп,Алматы,2025-07-10 13:50:40,Такси,3744.57,KZT
19,Азамат,Обмен валют,зп,Алматы,2025-07-10 15:00:04,Едим дома,6092.99,KZT
19,Азамат,Обмен валют,зп,Алматы,2025-07-11 15:10:41,Такси,5968.58,KZT
19,Азамат,Обмен валют,зп,Алматы,2025-07-11 15:30:58,Едим дома,5683.05,KZT
19,Азамат,Обмен валют,зп,Алматы,2025-07-11 19:00:00,Играем дома,5556.41,KZT
19,Азамат,Обмен валют,зп,Алматы,2025-07-11 19:00:35,Кафе и рестораны,14356.87,KZT
19,Азамат,Обмен валют,зп,Алматы,2025-07-11 19:00:54,Смотрим дома,3898.95,KZT
19,Азамат,Обмен валют,зп,Алматы,2025-07-12 09:15:22,Такси,5359.74,KZT
19,Азамат,Обмен валют,зп,Алматы,2025-07-12 10:20:23,Играем дома,2941.28,KZT
19,Азамат,Обмен валют,зп,Алматы,2025-07-12 10:20:29,Такси,4601.65,KZT
19,Азамат,Обмен валют,зп,Алматы,2025-07-12 17:10:40,Такси,5252.37,KZT
19,Азамат,Обмен валют,зп,Алматы,2025-07-12 18:10:46,Играем дома,5530.35,KZT
19,Азамат,Обмен валют,зп,Алматы,2025-07-12 19:00:04,Кафе и рестораны,11025.46,KZT
19,Азамат,Обмен валют,зп,Алматы,2025-07-12 20:30:39,Кино,3565.44,KZT
19,Азамат,Обмен валют,зп,Алматы,2025-07-14 12:10:08,Продукты питания,32875.2,KZT
19,Азамат,Обмен валют,зп,Алматы,2025-07-14 12:50:17,Кафе и рестораны,3696.56,KZT
19,Азамат,Обмен валют,зп,Алматы,2025-07-14 14:30:34,Играем дома,6225.9,KZT
19,Азамат,Обмен валют,зп,Алматы,2025-07-15 09:20:32,Такси,5995.31,KZT
19,Азамат,Обмен валют,зп,Алматы,2025-07-15 11:50:49,Кафе и рестораны,5534.53,KZT
19,Азамат,Обмен валют,зп,Алматы,2025-07-15 13:30:02,Кафе и рестораны,5736.02,KZT
19,Азамат,Обмен валют,зп,Алматы,2025-07-15 18:20:41,Такси,3920.34,KZT
19,Азамат,Обмен валют,зп,Алматы,2025-07-15 18:40:43,Кино,4364.27,KZT
19,Азамат,Обмен валют,зп,Алматы,2025-07-15 19:00:11,Кафе и рестораны,10999.95,KZT
19,Азамат,Обмен валют,зп,Алматы,2025-07-16 12:10:09,Продукты питания,11271.65,KZT
19,Азамат,Обмен валют,зп,Алматы,2025-07-16 13:30:10,Едим дома,6455.17,KZT
19,Азамат,Обмен валют,зп,Алматы,2025-07-16 15:30:03,Кино,5619.77,KZT
19,Азамат,Обмен валют,зп,Алматы,2025-07-16 19:00:58,Кафе и рестораны,4747.42,KZT
19,Азамат,Обмен валют,зп,Алматы,2025-07-16 21:50:42,Такси,7388.9,KZT
19,Азамат,Обмен валют,зп,Алматы,2025-07-17 09:10:53,Кафе и рестораны,6905.82,KZT
19,Азамат,Обмен валют,зп,Алматы,2025-07-17 12:50:36,Смотрим дома,5667.22,KZT
19,Азамат,Обмен валют,зп,Алматы,2025-07-17 16:40:47,Смотрим дома,7593.61,KZT
19,Азамат,Обмен валют,зп,Алматы,2025-07-17 19:00:39,Кафе и рестораны,7104.86,KZT
19,Азамат,Обмен валют,зп,Алматы,2025-07-17 20:10:42,Играем дома,5319.53,KZT
19,Азамат,Обмен валют,зп,Алматы,2025-07-20 12:10:17,Продукты питания,12681.88,KZT
19,Азамат,Обмен валют,зп,Алматы,2025-07-20 20:00:48,Смотрим дома,7390.69,KZT
19,Азамат,Обмен валют,зп,Алматы,2025-07-22 08:10:26,Кафе и рестораны,6029.55,KZT
19,Азамат,Обмен валют,зп,Алматы,2025-07-22 11:20:15,Кино,3492.5,KZT
19,Азамат,Обмен валют,зп,Алматы,2025-07-22 11:30:50,Играем дома,6055.83,KZT
19,Азамат,Обмен валют,зп,Алматы,2025-07-22 13:30:43,Такси,3581.2,KZT
19,Азамат,Обмен валют,зп,Алматы,2025-07-22 15:20:22,Кино,4299.17,KZT
19,Азамат,Обмен валют,зп,Алматы,2025-07-22 15:50:01,Играем дома,4856.5,KZT
19,Азамат,Обмен валют,зп,Алматы,2025-07-22 19:00:47,Кафе и рестораны,10677.07,KZT
19,Азамат,Обмен валют,зп,Алматы,2025-07-23 12:10:05,Продукты питания,16416.7,KZT
19,Азамат,Обмен валют,зп,Алматы,2025-07-23 14:10:15,Кино,6564.84,KZT
19,Азамат,Обмен валют,зп,Алматы,2025-07-23 14:20:28,Кафе и рестораны,4103.62,KZT
19,Азамат,Обмен валют,зп,Алматы,2025-07-23 18:10:35,Едим дома,7103.3,KZT
19,Азамат,Обмен валют,зп,Алматы,2025-07-23 19:00:09,Кафе и рестораны,11843.51,KZT
19,Азамат,Обмен валют,зп,Алматы,2025-07-24 13:10:07,Кафе и рестораны,2399.62,KZT
19,Азамат,Обмен валют,зп,Алматы,2025-07-24 15:20:25,Кафе и рестораны,6611.39,KZT
19,Азамат,Обмен валют,зп,Алматы,2025-07-24 18:30:24,АЗС,25539.15,KZT
19,Азамат,Обмен валют,зп,Алматы,2025-07-24 19:00:19,Кафе и рестораны,6599.2,KZT
19,Азамат,Обмен валют,зп,Алматы,2025-07-24 20:40:52,Смотрим дома,3379.6,KZT
19,Азамат,Обмен валют,зп,Алматы,2025-07-26 09:40:01,Кафе и рестораны,3933.84,KZT
19,Азамат,Обмен валют,зп,Алматы,2025-07-26 10:40:23,Кафе и рестораны,4024.93,KZT
19,Азамат,Обмен валют,зп,Алматы,2025-07-26 10:50:13,Кино,6940.97,KZT
19,Азамат,Обмен валют,зп,Алматы,2025-07-26 12:40:52,Кино,3044.54,KZT
19,Азамат,Обмен валют,зп,Алматы,2025-07-26 16:20:57,Кафе и рестораны,9299.15,KZT
19,Азамат,Обмен валют,зп,Алматы,2025-07-26 19:00:49,Кафе и рестораны,8024.52,KZT
19,Азамат,Обмен валют,зп,Алматы,2025-07-27 10:50:47,Едим дома,3514.44,KZT
19,Азамат,Обмен валют,зп,Алматы,2025-07-27 12:10:19,Продукты питания,15161.38,KZT
19,Азамат,Обмен валют,зп,Алматы,2025-07-27 19:00:27,Кафе и рестораны,14169.25,KZT
19,Азамат,Обмен валют,зп,Алматы,2025-07-28 08:00:45,Кафе и рестораны,3290.33,KZT
19,Азамат,Обмен валют,зп,Алматы,2025-07-28 09:15:57,Такси,2180.98,KZT
19,Азамат,Обмен валют,зп,Алматы,2025-07-28 12:10:28,Продукты питания,14105.33,KZT
19,Азамат,Обмен валют,зп,Алматы,2025-07-28 18:00:36,Едим дома,5256.57,KZT
19,Азамат,Обмен валют,зп,Алматы,2025-07-31 09:15:31,Такси,5947.22,KZT
19,Азамат,Обмен валют,зп,Алматы,2025-07-31 10:10:51,Играем дома,5422.9,KZT
19,Азамат,Обмен валют,зп,Алматы,2025-07-31 12:00:27,Играем дома,5119.75,KZT
19,Азамат,Обмен валют,зп,Алматы,2025-07-31 12:10:49,Продукты питания,7777.07,KZT
19,Азамат,Обмен валют,зп,Алматы,2025-07-31 15:30:35,Едим дома,6657.26,KZT
19,Азамат,Обмен валют,зп,Алматы,2025-07-31 18:00:17,Такси,5286.86,KZT
19,Азамат,Обмен валют,зп,Алматы,2025-08-01 18:30:41,АЗС,19834.51,KZT
19,Азамат,Обмен валют,зп,Алматы,2025-08-02 11:50:15,Такси,3490.26,KZT
19,Азамат,Обмен валют,зп,Алматы,2025-08-02 12:10:46,Продукты питания,9115.08,KZT
19,Азамат,Обмен валют,зп,Алматы,2025-08-02 18:40:34,Кафе и рестораны,4566.09,KZT
19,Азамат,Обмен валют,зп,Алматы,2025-08-02 19:00:17,Кафе и рестораны,12285.8,KZT
19,Азамат,Обмен валют,зп,Алматы,2025-08-03 08:10:25,Кафе и рестораны,7723.49,KZT
19,Азамат,Обмен валют,зп,Алматы,2025-08-03 12:10:11,Продукты питания,20833.05,KZT
19,Азамат,Обмен валют,зп,Алматы,2025-08-03 19:00:31,Играем дома,4931.1,KZT
19,Азамат,Обмен валют,зп,Алматы,2025-08-06 12:10:17,Продукты питания,15012.91,KZT
19,Азамат,Обмен валют,зп,Алматы,2025-08-06 13:00:29,Такси,5623.16,KZT
19,Азамат,Обмен валют,зп,Алматы,2025-08-06 15:20:52,Такси,6417.46,KZT
19,Азамат,Обмен валют,зп,Алматы,2025-08-06 17:50:15,Кафе и рестораны,4586.57,KZT
19,Азамат,Обмен валют,зп,Алматы,2025-08-07 09:15:29,Такси,6297.37,KZT
19,Азамат,Обмен валют,зп,Алматы,2025-08-07 09:30:33,Кафе и рестораны,4123.88,KZT
19,Азамат,Обмен валют,зп,Алматы,2025-08-07 12:10:52,Продукты питания,14647.74,KZT
19,Азамат,Обмен валют,зп,Алматы,2025-08-07 18:30:39,АЗС,40097.29,KZT
19,Азамат,Обмен валют,зп,Алматы,2025-08-08 08:50:38,Играем дома,5915.32,KZT
19,Азамат,Обмен валют,зп,Алматы,2025-08-08 12:10:33,Смотрим дома,6288.73,KZT
19,Азамат,Обмен валют,зп,Алматы,2025-08-08 12:10:46,Продукты питания,10069.86,KZT
19,Азамат,Обмен валют,зп,Алматы,2025-08-08 12:50:20,Кино,3582.17,KZT
19,Азамат,Обмен валют,зп,Алматы,2025-08-08 14:00:09,Такси,3051.91,KZT
19,Азамат,Обмен валют,зп,Алматы,2025-08-08 20:40:51,Смотрим дома,3924.45,KZT
19,Азамат,Обмен валют,зп,Алматы,2025-08-08 21:00:34,Кино,4145.83,KZT
19,Азамат,Обмен валют,зп,Алматы,2025-08-08 21:50:23,Кафе и рестораны,6920.08,KZT
19,Азамат,Обмен валют,зп,Алматы,2025-08-10 12:10:46,Продукты питания,17808.59,KZT
19,Азамат,Обмен валют,зп,Алматы,2025-08-10 19:00:47,Кафе и рестораны,6147.4,KZT
19,Азамат,Обмен валют,зп,Алматы,2025-08-11 12:10:34,Продукты питания,15033.77,KZT
19,Азамат,Обмен валют,зп,Алматы,2025-08-12 15:20:20,Кино,4640.22,KZT
19,Азамат,Обмен валют,зп,Алматы,2025-08-12 16:30:08,Играем дома,4355.5,KZT
19,Азамат,Обмен валют,зп,Алматы,2025-08-12 19:00:23,Кафе и рестораны,10095.59,KZT
19,Азамат,Обмен валют,зп,Алматы,2025-08-12 20:40:38,Такси,3530.92,KZT
19,Азамат,Обмен валют,зп,Алматы,2025-08-13 08:30:20,Кино,5579.76,KZT
19,Азамат,Обмен валют,зп,Алматы,2025-08-13 09:00:38,Едим дома,5292.74,KZT
19,Азамат,Обмен валют,зп,Алматы,2025-08-13 12:10:10,Продукты питания,11587.91,KZT
19,Азамат,Обмен валют,зп,Алматы,2025-08-13 14:20:41,Такси,4754.44,KZT
19,Азамат,Обмен валют,зп,Алматы,2025-08-13 15:00:25,Играем дома,3811.81,KZT
19,Азамат,Обмен валют,зп,Алматы,2025-08-13 19:00:02,Кафе и рестораны,9497.14,KZT
19,Азамат,Обмен валют,зп,Алматы,2025-08-13 20:10:08,Едим дома,5711.92,KZT
19,Азамат,Обмен валют,зп,Алматы,2025-08-14 12:10:22,Продукты питания,9342.65,KZT
19,Азамат,Обмен валют,зп,Алматы,2025-08-14 21:10:16,Едим дома,3963.63,KZT
19,Азамат,Обмен валют,зп,Алматы,2025-08-15 12:10:05,Продукты питания,15448.83,KZT
19,Азамат,Обмен валют,зп,Алматы,2025-08-15 12:40:41,Смотрим дома,7476.47,KZT
19,Азамат,Обмен валют,зп,Алматы,2025-08-16 09:20:58,Кино,3833.28,KZT
19,Азамат,Обмен валют,зп,Алматы,2025-08-16 11:30:16,Смотрим дома,5262.08,KZT
19,Азамат,Обмен валют,зп,Алматы,2025-08-16 12:10:45,Продукты питания,21276.71,KZT
19,Азамат,Обмен валют,зп,Алматы,2025-08-16 14:10:49,Играем дома,4072.43,KZT
19,Азамат,Обмен валют,зп,Алматы,2025-08-16 17:50:12,Едим дома,3665.91,KZT
19,Азамат,Обмен валют,зп,Алматы,2025-08-18 09:15:01,Такси,4053.85,KZT
19,Азамат,Обмен валют,зп,Алматы,2025-08-18 09:20:35,Кино,5756.55,KZT
19,Азамат,Обмен валют,зп,Алматы,2025-08-18 21:30:04,Смотрим дома,6895.19,KZT
19,Азамат,Обмен валют,зп,Алматы,2025-08-19 09:15:44,Такси,8126.58,KZT
19,Азамат,Обмен валют,зп,Алматы,2025-08-19 12:10:39,Продукты питания,13457.46,KZT
19,Азамат,Обмен валют,зп,Алматы,2025-08-19 14:20:38,Смотрим дома,4310.86,KZT
19,Азамат,Обмен валют,зп,Алматы,2025-08-19 16:40:15,Смотрим дома,3871.27,KZT
19,Азамат,Обмен валют,зп,Алматы,2025-08-19 19:00:15,Кафе и рестораны,6106.6,KZT
19,Азамат,Обмен валют,зп,Алматы,2025-08-20 09:00:29,Кафе и рестораны,5078.81,KZT
19,Азамат,Обмен валют,зп,Алматы,2025-08-20 14:20:35,Смотрим дома,4321.39,KZT
19,Азамат,Обмен валют,зп,Алматы,2025-08-20 19:00:48,Кафе и рестораны,8762.76,KZT
19,Азамат,Обмен валют,зп,Алматы,2025-08-20 20:20:07,Кафе и рестораны,8163.92,KZT
19,Азамат,Обмен валют,зп,Алматы,2025-08-21 12:10:45,Продукты питания,9812.8,KZT
19,Азамат,Обмен валют,зп,Алматы,2025-08-21 14:10:54,Играем дома,5834.26,KZT
19,Азамат,Обмен валют,зп,Алматы,2025-08-21 16:40:41,Кафе и рестораны,7895.27,KZT
19,Азамат,Обмен валют,зп,Алматы,2025-08-21 19:00:07,Кафе и рестораны,11654.82,KZT
19,Азамат,Обмен валют,зп,Алматы,2025-08-22 09:15:01,Такси,3717.37,KZT
19,Азамат,Обмен валют,зп,Алматы,2025-08-22 09:40:47,Такси,3719.21,KZT
19,Азамат,Обмен валют,зп,Алматы,2025-08-22 12:10:44,Продукты питания,9322.98,KZT
19,Азамат,Обмен валют,зп,Алматы,2025-08-22 20:30:10,Смотрим дома,6656.45,KZT
19,Азамат,Обмен валют,зп,Алматы,2025-08-23 12:10:38,Продукты питания,12321.5,KZT
19,Азамат,Обмен валют,зп,Алматы,2025-08-23 12:30:29,Смотрим дома,4279.12,KZT
19,Азамат,Обмен валют,зп,Алматы,2025-08-23 18:40:17,Кино,4139.1,KZT
19,Азамат,Обмен валют,зп,Алматы,2025-08-24 12:10:46,Продукты питания,8110.9,KZT
19,Азамат,Обмен валют,зп,Алматы,2025-08-24 13:40:43,Смотрим дома,6475.83,KZT
19,Азамат,Обмен валют,зп,Алматы,2025-08-24 17:20:50,Кино,2627.46,KZT
19,Азамат,Обмен валют,зп,Алматы,2025-08-24 18:40:19,Играем дома,4878.21,KZT
19,Азамат,Обмен валют,зп,Алматы,2025-08-24 20:10:56,Кафе и рестораны,4223.99,KZT
19,Азамат,Обмен валют,зп,Алматы,2025-08-25 08:30:40,Смотрим дома,4666.79,KZT
19,Азамат,Обмен валют,зп,Алматы,2025-08-25 09:15:13,Такси,3462.92,KZT
19,Азамат,Обмен валют,зп,Алматы,2025-08-25 14:50:03,Такси,3694.7,KZT
19,Азамат,Обмен валют,зп,Алматы,2025-08-25 18:30:14,Смотрим дома,6834.56,KZT
19,Азамат,Обмен валют,зп,Алматы,2025-08-26 09:10:54,Играем дома,5313.17,KZT
19,Азамат,Обмен валют,зп,Алматы,2025-08-26 11:20:10,Кафе и рестораны,8773.53,KZT
19,Азамат,Обмен валют,зп,Алматы,2025-08-26 12:10:48,Продукты питания,22228.18,KZT
19,Азамат,Обмен валют,зп,Алматы,2025-08-26 19:00:02,Кафе и рестораны,11627.95,KZT
19,Азамат,Обмен валют,зп,Алматы,2025-08-28 12:10:04,Продукты питания,8696.89,KZT
19,Азамат,Обмен валют,зп,Алматы,2025-08-28 16:20:24,Играем дома,7991.88,KZT
19,Азамат,Обмен валют,зп,Алматы,2025-08-28 20:20:48,Едим дома,5034.98,KZT
19,Азамат,Обмен валют,зп,Алматы,2025-08-29 12:10:11,Продукты питания,16541.15,KZT
19,Азамат,Обмен валют,зп,Алматы,2025-08-29 15:00:29,Едим дома,3913.55,KZT
19,Азамат,Обмен валют,зп,Алматы,2025-08-29 15:10:57,Кино,5189.68,KZT
19,Азамат,Обмен валют,зп,Алматы,2025-08-29 15:30:42,Такси,6325.57,KZT
19,Азамат,Обмен валют,зп,Алматы,2025-08-29 20:00:44,Смотрим дома,4680.26,KZT
19,Азамат,Обмен валют,зп,Алматы,2025-08-30 09:10:51,Такси,5403.61,KZT
19,Азамат,Обмен валют,зп,Алматы,2025-08-30 09:50:47,Смотрим дома,6944.59,KZT
19,Азамат,Обмен валют,зп,Алматы,2025-08-30 12:10:11,Продукты питания,15809.5,KZT
19,Азамат,Обмен валют,зп,Алматы,2025-08-30 17:30:53,Кафе и рестораны,5888.53,KZT
19,Азамат,Обмен валют,зп,Алматы,2025-08-30 18:00:03,Кафе и рестораны,3469.59,KZT
19,Азамат,Обмен валют,зп,Алматы,2025-08-30 18:30:15,АЗС,23883.02,KZT
19,Азамат,Обмен валют,зп,Алматы,2025-08-31 11:30:13,Смотрим дома,9224.82,KZT
19,Азамат,Обмен валют,зп,Алматы,2025-08-31 11:40:38,Кафе и рестораны,8885.94,KZT
19,Азамат,Обмен валют,зп,Алматы,2025-08-31 12:10:27,Продукты питания,16128.94,KZT
