﻿client_code,name,product,status,city,date,category,amount,currency
56,Нуркен,Золотые слитки,Зарплатный клиент,Астана,2025-06-01 08:40:17,Такси,6055.85,KZT
56,Нуркен,Золотые слитки,Зарплатный клиент,Астана,2025-06-01 09:30:44,Едим дома,3610.52,KZT
56,Нуркен,Золотые слитки,Зарплатный клиент,Астана,2025-06-01 10:20:00,Смотрим дома,4909.14,KZT
56,Нуркен,Золотые слитки,Зарплатный клиент,Астана,2025-06-01 12:10:57,Продукты питания,12216.34,KZT
56,Нуркен,Золотые слитки,Зарплатный клиент,Астана,2025-06-01 15:00:55,Смотрим дома,4032.47,KZT
56,Нуркен,Золотые слитки,Зарплатный клиент,Астана,2025-06-01 15:30:05,Кино,4806.29,KZT
56,Нуркен,Золотые слитки,Зарплатный клиент,Астана,2025-06-01 16:40:32,Играем дома,4944.63,KZT
56,Нуркен,Золотые слитки,Зарплатный клиент,Астана,2025-06-01 17:20:28,Такси,6548.36,KZT
56,Нуркен,Золотые слитки,Зарплатный клиент,Астана,2025-06-01 17:50:22,Едим дома,4549.29,KZT
56,Нуркен,Золотые слитки,Зарплатный клиент,Астана,2025-06-01 21:20:03,Кафе и рестораны,2744.15,KZT
56,Нуркен,Золотые слитки,Зарплатный клиент,Астана,2025-06-02 09:15:18,Такси,4466.84,KZT
56,Нуркен,Золотые слитки,Зарплатный клиент,Астана,2025-06-02 10:50:29,Кафе и рестораны,4891.97,KZT
56,Нуркен,Золотые слитки,Зарплатный клиент,Астана,2025-06-02 12:10:55,Продукты питания,5498.4,KZT
56,Нуркен,Золотые слитки,Зарплатный клиент,Астана,2025-06-02 13:00:48,Кафе и рестораны,5630.66,KZT
56,Нуркен,Золотые слитки,Зарплатный клиент,Астана,2025-06-02 16:40:54,Играем дома,3208.79,KZT
56,Нуркен,Золотые слитки,Зарплатный клиент,Астана,2025-06-02 19:00:10,Кафе и рестораны,7060.07,KZT
56,Нуркен,Золотые слитки,Зарплатный клиент,Астана,2025-06-02 19:30:54,Играем дома,4614.0,KZT
56,Нуркен,Золотые слитки,Зарплатный клиент,Астана,2025-06-06 12:10:08,Продукты питания,33237.24,KZT
56,Нуркен,Золотые слитки,Зарплатный клиент,Астана,2025-06-06 12:30:47,Смотрим дома,5566.39,KZT
56,Нуркен,Золотые слитки,Зарплатный клиент,Астана,2025-06-06 12:40:12,Кафе и рестораны,2800.35,KZT
56,Нуркен,Золотые слитки,Зарплатный клиент,Астана,2025-06-06 15:00:41,Едим дома,5296.78,KZT
56,Нуркен,Золотые слитки,Зарплатный клиент,Астана,2025-06-06 18:00:00,Кафе и рестораны,5073.11,KZT
56,Нуркен,Золотые слитки,Зарплатный клиент,Астана,2025-06-09 10:20:47,Смотрим дома,4626.58,KZT
56,Нуркен,Золотые слитки,Зарплатный клиент,Астана,2025-06-09 12:10:45,Продукты питания,16366.13,KZT
56,Нуркен,Золотые слитки,Зарплатный клиент,Астана,2025-06-09 12:40:43,Такси,5098.45,KZT
56,Нуркен,Золотые слитки,Зарплатный клиент,Астана,2025-06-09 19:00:46,Кафе и рестораны,9622.64,KZT
56,Нуркен,Золотые слитки,Зарплатный клиент,Астана,2025-06-09 21:00:18,Едим дома,6704.44,KZT
56,Нуркен,Золотые слитки,Зарплатный клиент,Астана,2025-06-10 12:10:42,Продукты питания,41921.3,KZT
56,Нуркен,Золотые слитки,Зарплатный клиент,Астана,2025-06-10 16:10:41,Кафе и рестораны,6891.97,KZT
56,Нуркен,Золотые слитки,Зарплатный клиент,Астана,2025-06-10 19:00:03,Кафе и рестораны,9749.05,KZT
56,Нуркен,Золотые слитки,Зарплатный клиент,Астана,2025-06-10 20:30:56,Кафе и рестораны,8521.43,KZT
56,Нуркен,Золотые слитки,Зарплатный клиент,Астана,2025-06-11 12:20:02,Едим дома,4683.67,KZT
56,Нуркен,Золотые слитки,Зарплатный клиент,Астана,2025-06-11 15:50:23,Кафе и рестораны,2779.12,KZT
56,Нуркен,Золотые слитки,Зарплатный клиент,Астана,2025-06-11 18:10:36,Смотрим дома,5056.41,KZT
56,Нуркен,Золотые слитки,Зарплатный клиент,Астана,2025-06-11 19:00:02,Кафе и рестораны,19512.47,KZT
56,Нуркен,Золотые слитки,Зарплатный клиент,Астана,2025-06-11 20:30:16,Смотрим дома,5232.26,KZT
56,Нуркен,Золотые слитки,Зарплатный клиент,Астана,2025-06-12 09:40:33,Едим дома,7490.53,KZT
56,Нуркен,Золотые слитки,Зарплатный клиент,Астана,2025-06-12 10:20:23,Едим дома,5070.44,KZT
56,Нуркен,Золотые слитки,Зарплатный клиент,Астана,2025-06-12 13:50:32,Смотрим дома,5600.06,KZT
56,Нуркен,Золотые слитки,Зарплатный клиент,Астана,2025-06-12 18:30:27,Играем дома,3875.37,KZT
56,Нуркен,Золотые слитки,Зарплатный клиент,Астана,2025-06-12 19:00:21,Кафе и рестораны,11952.84,KZT
56,Нуркен,Золотые слитки,Зарплатный клиент,Астана,2025-06-12 20:00:48,Едим дома,8963.46,KZT
56,Нуркен,Золотые слитки,Зарплатный клиент,Астана,2025-06-13 09:15:29,Такси,4190.56,KZT
56,Нуркен,Золотые слитки,Зарплатный клиент,Астана,2025-06-13 11:00:57,Такси,2280.56,KZT
56,Нуркен,Золотые слитки,Зарплатный клиент,Астана,2025-06-13 12:10:39,Продукты питания,6794.64,KZT
56,Нуркен,Золотые слитки,Зарплатный клиент,Астана,2025-06-13 17:20:16,Кино,6568.12,KZT
56,Нуркен,Золотые слитки,Зарплатный клиент,Астана,2025-06-13 18:30:52,АЗС,25029.29,KZT
56,Нуркен,Золотые слитки,Зарплатный клиент,Астана,2025-06-13 21:50:54,Смотрим дома,7656.07,KZT
56,Нуркен,Золотые слитки,Зарплатный клиент,Астана,2025-06-14 08:40:22,Смотрим дома,7048.36,KZT
56,Нуркен,Золотые слитки,Зарплатный клиент,Астана,2025-06-14 09:15:02,Такси,5913.07,KZT
56,Нуркен,Золотые слитки,Зарплатный клиент,Астана,2025-06-14 14:40:37,Едим дома,2941.34,KZT
56,Нуркен,Золотые слитки,Зарплатный клиент,Астана,2025-06-14 17:50:53,Играем дома,7250.17,KZT
56,Нуркен,Золотые слитки,Зарплатный клиент,Астана,2025-06-14 17:50:53,Играем дома,7350.38,KZT
56,Нуркен,Золотые слитки,Зарплатный клиент,Астана,2025-06-15 11:10:12,Играем дома,6422.54,KZT
56,Нуркен,Золотые слитки,Зарплатный клиент,Астана,2025-06-15 12:10:08,Продукты питания,24237.54,KZT
56,Нуркен,Золотые слитки,Зарплатный клиент,Астана,2025-06-15 13:00:54,Играем дома,3229.95,KZT
56,Нуркен,Золотые слитки,Зарплатный клиент,Астана,2025-06-15 15:50:37,Кафе и рестораны,4414.91,KZT
56,Нуркен,Золотые слитки,Зарплатный клиент,Астана,2025-06-15 20:30:29,Такси,7613.73,KZT
56,Нуркен,Золотые слитки,Зарплатный клиент,Астана,2025-06-16 12:10:26,Кафе и рестораны,3823.09,KZT
56,Нуркен,Золотые слитки,Зарплатный клиент,Астана,2025-06-16 19:00:34,Кафе и рестораны,16868.07,KZT
56,Нуркен,Золотые слитки,Зарплатный клиент,Астана,2025-06-19 12:10:14,Продукты питания,13710.11,KZT
56,Нуркен,Золотые слитки,Зарплатный клиент,Астана,2025-06-19 17:40:02,Смотрим дома,11411.52,KZT
56,Нуркен,Золотые слитки,Зарплатный клиент,Астана,2025-06-19 20:30:21,Смотрим дома,5151.94,KZT
56,Нуркен,Золотые слитки,Зарплатный клиент,Астана,2025-06-20 12:10:13,Продукты питания,8139.84,KZT
56,Нуркен,Золотые слитки,Зарплатный клиент,Астана,2025-06-20 14:10:26,Смотрим дома,3292.24,KZT
56,Нуркен,Золотые слитки,Зарплатный клиент,Астана,2025-06-20 15:20:42,Кафе и рестораны,5741.01,KZT
56,Нуркен,Золотые слитки,Зарплатный клиент,Астана,2025-06-20 19:00:04,Кафе и рестораны,9760.28,KZT
56,Нуркен,Золотые слитки,Зарплатный клиент,Астана,2025-06-20 20:40:51,Играем дома,4414.34,KZT
56,Нуркен,Золотые слитки,Зарплатный клиент,Астана,2025-06-21 09:30:28,Смотрим дома,6992.34,KZT
56,Нуркен,Золотые слитки,Зарплатный клиент,Астана,2025-06-21 12:10:31,Продукты питания,15634.45,KZT
56,Нуркен,Золотые слитки,Зарплатный клиент,Астана,2025-06-21 17:20:34,Кино,3428.31,KZT
56,Нуркен,Золотые слитки,Зарплатный клиент,Астана,2025-06-22 11:50:51,Кафе и рестораны,3236.6,KZT
56,Нуркен,Золотые слитки,Зарплатный клиент,Астана,2025-06-22 12:10:47,Продукты питания,9577.76,KZT
56,Нуркен,Золотые слитки,Зарплатный клиент,Астана,2025-06-23 12:10:48,Продукты питания,20643.92,KZT
56,Нуркен,Золотые слитки,Зарплатный клиент,Астана,2025-06-23 14:10:37,Кафе и рестораны,7145.76,KZT
56,Нуркен,Золотые слитки,Зарплатный клиент,Астана,2025-06-23 18:20:19,Смотрим дома,4233.2,KZT
56,Нуркен,Золотые слитки,Зарплатный клиент,Астана,2025-06-23 19:40:49,Едим дома,4213.15,KZT
56,Нуркен,Золотые слитки,Зарплатный клиент,Астана,2025-06-25 12:10:14,Продукты питания,17217.49,KZT
56,Нуркен,Золотые слитки,Зарплатный клиент,Астана,2025-06-25 14:30:36,Такси,4664.48,KZT
56,Нуркен,Золотые слитки,Зарплатный клиент,Астана,2025-06-25 18:30:08,Смотрим дома,5410.33,KZT
56,Нуркен,Золотые слитки,Зарплатный клиент,Астана,2025-06-25 21:40:12,Кафе и рестораны,4626.96,KZT
56,Нуркен,Золотые слитки,Зарплатный клиент,Астана,2025-06-26 08:50:56,Смотрим дома,3323.0,KZT
56,Нуркен,Золотые слитки,Зарплатный клиент,Астана,2025-06-26 12:10:22,Продукты питания,11403.04,KZT
56,Нуркен,Золотые слитки,Зарплатный клиент,Астана,2025-06-26 13:30:33,Кино,4492.59,KZT
56,Нуркен,Золотые слитки,Зарплатный клиент,Астана,2025-06-27 08:20:23,Кафе и рестораны,4334.67,KZT
56,Нуркен,Золотые слитки,Зарплатный клиент,Астана,2025-06-27 09:00:06,Такси,5454.77,KZT
56,Нуркен,Золотые слитки,Зарплатный клиент,Астана,2025-06-27 10:40:15,Кино,5594.56,KZT
56,Нуркен,Золотые слитки,Зарплатный клиент,Астана,2025-06-27 12:10:39,Продукты питания,10741.31,KZT
56,Нуркен,Золотые слитки,Зарплатный клиент,Астана,2025-06-27 20:40:15,Играем дома,6569.63,KZT
56,Нуркен,Золотые слитки,Зарплатный клиент,Астана,2025-06-28 10:20:39,Кафе и рестораны,5725.93,KZT
56,Нуркен,Золотые слитки,Зарплатный клиент,Астана,2025-06-28 12:10:01,Продукты питания,7108.26,KZT
56,Нуркен,Золотые слитки,Зарплатный клиент,Астана,2025-06-28 14:20:19,Смотрим дома,2992.19,KZT
56,Нуркен,Золотые слитки,Зарплатный клиент,Астана,2025-06-28 19:00:48,Кафе и рестораны,13999.75,KZT
56,Нуркен,Золотые слитки,Зарплатный клиент,Астана,2025-06-28 21:10:17,Едим дома,5325.98,KZT
56,Нуркен,Золотые слитки,Зарплатный клиент,Астана,2025-06-29 08:20:02,Кино,4507.23,KZT
56,Нуркен,Золотые слитки,Зарплатный клиент,Астана,2025-06-29 09:15:31,Такси,4048.91,KZT
56,Нуркен,Золотые слитки,Зарплатный клиент,Астана,2025-06-29 16:40:32,Играем дома,6338.97,KZT
56,Нуркен,Золотые слитки,Зарплатный клиент,Астана,2025-06-30 10:40:15,Кафе и рестораны,7806.1,KZT
56,Нуркен,Золотые слитки,Зарплатный клиент,Астана,2025-06-30 11:50:53,Едим дома,6535.05,KZT
56,Нуркен,Золотые слитки,Зарплатный клиент,Астана,2025-06-30 12:10:51,Продукты питания,11774.72,KZT
56,Нуркен,Золотые слитки,Зарплатный клиент,Астана,2025-07-01 12:10:24,Продукты питания,14768.77,KZT
56,Нуркен,Золотые слитки,Зарплатный клиент,Астана,2025-07-01 17:40:59,Смотрим дома,4177.01,KZT
56,Нуркен,Золотые слитки,Зарплатный клиент,Астана,2025-07-01 21:30:47,Кафе и рестораны,5693.49,KZT
56,Нуркен,Золотые слитки,Зарплатный клиент,Астана,2025-07-03 09:15:58,Такси,7424.08,KZT
56,Нуркен,Золотые слитки,Зарплатный клиент,Астана,2025-07-03 10:40:48,Такси,6881.25,KZT
56,Нуркен,Золотые слитки,Зарплатный клиент,Астана,2025-07-03 12:10:09,Продукты питания,9141.25,KZT
56,Нуркен,Золотые слитки,Зарплатный клиент,Астана,2025-07-03 14:00:46,Смотрим дома,8238.07,KZT
56,Нуркен,Золотые слитки,Зарплатный клиент,Астана,2025-07-03 15:00:50,Играем дома,6046.33,KZT
56,Нуркен,Золотые слитки,Зарплатный клиент,Астана,2025-07-04 09:15:17,Такси,3216.98,KZT
56,Нуркен,Золотые слитки,Зарплатный клиент,Астана,2025-07-04 09:50:31,Играем дома,4107.09,KZT
56,Нуркен,Золотые слитки,Зарплатный клиент,Астана,2025-07-04 10:40:45,Кафе и рестораны,6403.58,KZT
56,Нуркен,Золотые слитки,Зарплатный клиент,Астана,2025-07-04 12:10:10,Продукты питания,11091.25,KZT
56,Нуркен,Золотые слитки,Зарплатный клиент,Астана,2025-07-04 13:00:03,Смотрим дома,5853.35,KZT
56,Нуркен,Золотые слитки,Зарплатный клиент,Астана,2025-07-04 15:20:40,Кафе и рестораны,6077.93,KZT
56,Нуркен,Золотые слитки,Зарплатный клиент,Астана,2025-07-04 20:30:10,Едим дома,3562.91,KZT
56,Нуркен,Золотые слитки,Зарплатный клиент,Астана,2025-07-05 09:15:00,Такси,5870.83,KZT
56,Нуркен,Золотые слитки,Зарплатный клиент,Астана,2025-07-05 09:30:59,Кафе и рестораны,3872.4,KZT
56,Нуркен,Золотые слитки,Зарплатный клиент,Астана,2025-07-05 13:00:43,Такси,2718.7,KZT
56,Нуркен,Золотые слитки,Зарплатный клиент,Астана,2025-07-05 18:30:44,Кафе и рестораны,5816.46,KZT
56,Нуркен,Золотые слитки,Зарплатный клиент,Астана,2025-07-06 19:00:04,Кафе и рестораны,5521.87,KZT
56,Нуркен,Золотые слитки,Зарплатный клиент,Астана,2025-07-07 12:10:31,Продукты питания,8337.89,KZT
56,Нуркен,Золотые слитки,Зарплатный клиент,Астана,2025-07-07 13:20:25,Играем дома,5398.46,KZT
56,Нуркен,Золотые слитки,Зарплатный клиент,Астана,2025-07-07 20:20:04,Едим дома,3675.76,KZT
56,Нуркен,Золотые слитки,Зарплатный клиент,Астана,2025-07-07 21:50:11,Кино,6618.95,KZT
56,Нуркен,Золотые слитки,Зарплатный клиент,Астана,2025-07-08 11:40:12,Играем дома,4122.74,KZT
56,Нуркен,Золотые слитки,Зарплатный клиент,Астана,2025-07-08 18:30:10,АЗС,11769.95,KZT
56,Нуркен,Золотые слитки,Зарплатный клиент,Астана,2025-07-08 19:00:55,Кафе и рестораны,7605.65,KZT
56,Нуркен,Золотые слитки,Зарплатный клиент,Астана,2025-07-08 21:10:15,Играем дома,2993.2,KZT
56,Нуркен,Золотые слитки,Зарплатный клиент,Астана,2025-07-09 08:40:30,Кино,5431.1,KZT
56,Нуркен,Золотые слитки,Зарплатный клиент,Астана,2025-07-09 09:10:30,Играем дома,5827.53,KZT
56,Нуркен,Золотые слитки,Зарплатный клиент,Астана,2025-07-09 10:00:37,Едим дома,4777.89,KZT
56,Нуркен,Золотые слитки,Зарплатный клиент,Астана,2025-07-09 12:10:01,Продукты питания,19546.5,KZT
56,Нуркен,Золотые слитки,Зарплатный клиент,Астана,2025-07-09 16:30:48,Кафе и рестораны,7697.39,KZT
56,Нуркен,Золотые слитки,Зарплатный клиент,Астана,2025-07-09 17:40:02,Едим дома,5726.47,KZT
56,Нуркен,Золотые слитки,Зарплатный клиент,Астана,2025-07-10 09:20:29,Кафе и рестораны,3365.33,KZT
56,Нуркен,Золотые слитки,Зарплатный клиент,Астана,2025-07-10 12:10:51,Продукты питания,18253.23,KZT
56,Нуркен,Золотые слитки,Зарплатный клиент,Астана,2025-07-10 14:20:33,Кафе и рестораны,4463.71,KZT
56,Нуркен,Золотые слитки,Зарплатный клиент,Астана,2025-07-10 16:10:57,Едим дома,5572.31,KZT
56,Нуркен,Золотые слитки,Зарплатный клиент,Астана,2025-07-11 08:30:48,Смотрим дома,4987.3,KZT
56,Нуркен,Золотые слитки,Зарплатный клиент,Астана,2025-07-11 11:20:05,Кафе и рестораны,3214.09,KZT
56,Нуркен,Золотые слитки,Зарплатный клиент,Астана,2025-07-11 18:30:50,Едим дома,8515.84,KZT
56,Нуркен,Золотые слитки,Зарплатный клиент,Астана,2025-07-11 19:00:57,Кафе и рестораны,13009.72,KZT
56,Нуркен,Золотые слитки,Зарплатный клиент,Астана,2025-07-11 19:20:01,Кино,6054.8,KZT
56,Нуркен,Золотые слитки,Зарплатный клиент,Астана,2025-07-12 13:20:35,Смотрим дома,4611.16,KZT
56,Нуркен,Золотые слитки,Зарплатный клиент,Астана,2025-07-12 19:00:03,Кафе и рестораны,9636.52,KZT
56,Нуркен,Золотые слитки,Зарплатный клиент,Астана,2025-07-13 12:10:48,Продукты питания,14614.54,KZT
56,Нуркен,Золотые слитки,Зарплатный клиент,Астана,2025-07-13 18:30:05,АЗС,23157.74,KZT
56,Нуркен,Золотые слитки,Зарплатный клиент,Астана,2025-07-13 20:30:28,Смотрим дома,5103.48,KZT
56,Нуркен,Золотые слитки,Зарплатный клиент,Астана,2025-07-14 09:15:27,Такси,5537.29,KZT
56,Нуркен,Золотые слитки,Зарплатный клиент,Астана,2025-07-14 10:40:41,Смотрим дома,6345.56,KZT
56,Нуркен,Золотые слитки,Зарплатный клиент,Астана,2025-07-14 11:00:44,Смотрим дома,6739.04,KZT
56,Нуркен,Золотые слитки,Зарплатный клиент,Астана,2025-07-14 16:00:04,Играем дома,5608.46,KZT
56,Нуркен,Золотые слитки,Зарплатный клиент,Астана,2025-07-14 17:00:31,Смотрим дома,5234.37,KZT
56,Нуркен,Золотые слитки,Зарплатный клиент,Астана,2025-07-15 10:50:48,Играем дома,4850.04,KZT
56,Нуркен,Золотые слитки,Зарплатный клиент,Астана,2025-07-15 12:10:24,Продукты питания,14507.14,KZT
56,Нуркен,Золотые слитки,Зарплатный клиент,Астана,2025-07-15 12:50:25,Играем дома,4839.36,KZT
56,Нуркен,Золотые слитки,Зарплатный клиент,Астана,2025-07-15 15:10:33,Кафе и рестораны,5505.4,KZT
56,Нуркен,Золотые слитки,Зарплатный клиент,Астана,2025-07-16 09:00:18,Едим дома,5702.81,KZT
56,Нуркен,Золотые слитки,Зарплатный клиент,Астана,2025-07-16 19:00:10,Кафе и рестораны,9424.89,KZT
56,Нуркен,Золотые слитки,Зарплатный клиент,Астана,2025-07-16 21:20:02,Играем дома,2914.44,KZT
56,Нуркен,Золотые слитки,Зарплатный клиент,Астана,2025-07-17 12:10:31,Продукты питания,9220.48,KZT
56,Нуркен,Золотые слитки,Зарплатный клиент,Астана,2025-07-18 08:40:44,Кино,3979.53,KZT
56,Нуркен,Золотые слитки,Зарплатный клиент,Астана,2025-07-18 12:10:19,Продукты питания,13293.26,KZT
56,Нуркен,Золотые слитки,Зарплатный клиент,Астана,2025-07-18 15:10:13,Смотрим дома,3931.46,KZT
56,Нуркен,Золотые слитки,Зарплатный клиент,Астана,2025-07-19 12:10:59,Продукты питания,17782.92,KZT
56,Нуркен,Золотые слитки,Зарплатный клиент,Астана,2025-07-19 14:10:09,Играем дома,5457.61,KZT
56,Нуркен,Золотые слитки,Зарплатный клиент,Астана,2025-07-19 15:00:19,Смотрим дома,7935.62,KZT
56,Нуркен,Золотые слитки,Зарплатный клиент,Астана,2025-07-19 19:00:04,Кафе и рестораны,6160.34,KZT
56,Нуркен,Золотые слитки,Зарплатный клиент,Астана,2025-07-20 09:15:11,Такси,5443.85,KZT
56,Нуркен,Золотые слитки,Зарплатный клиент,Астана,2025-07-20 10:10:13,Такси,7400.95,KZT
56,Нуркен,Золотые слитки,Зарплатный клиент,Астана,2025-07-20 12:10:11,Продукты питания,14355.74,KZT
56,Нуркен,Золотые слитки,Зарплатный клиент,Астана,2025-07-20 14:10:26,Едим дома,4769.58,KZT
56,Нуркен,Золотые слитки,Зарплатный клиент,Астана,2025-07-20 15:10:42,Кафе и рестораны,3000.57,KZT
56,Нуркен,Золотые слитки,Зарплатный клиент,Астана,2025-07-20 19:00:12,Кафе и рестораны,8912.46,KZT
56,Нуркен,Золотые слитки,Зарплатный клиент,Астана,2025-07-20 19:50:59,Играем дома,3555.97,KZT
56,Нуркен,Золотые слитки,Зарплатный клиент,Астана,2025-07-21 12:10:34,Продукты питания,13374.95,KZT
56,Нуркен,Золотые слитки,Зарплатный клиент,Астана,2025-07-22 10:40:25,Смотрим дома,5241.47,KZT
56,Нуркен,Золотые слитки,Зарплатный клиент,Астана,2025-07-22 12:10:56,Продукты питания,28305.5,KZT
56,Нуркен,Золотые слитки,Зарплатный клиент,Астана,2025-07-22 13:20:51,Кино,3761.35,KZT
56,Нуркен,Золотые слитки,Зарплатный клиент,Астана,2025-07-22 16:10:10,Кафе и рестораны,4623.85,KZT
56,Нуркен,Золотые слитки,Зарплатный клиент,Астана,2025-07-25 12:10:17,Продукты питания,43288.63,KZT
56,Нуркен,Золотые слитки,Зарплатный клиент,Астана,2025-07-25 18:40:26,Смотрим дома,6824.13,KZT
56,Нуркен,Золотые слитки,Зарплатный клиент,Астана,2025-07-27 11:50:57,Играем дома,4891.09,KZT
56,Нуркен,Золотые слитки,Зарплатный клиент,Астана,2025-07-27 12:10:04,Продукты питания,7271.07,KZT
56,Нуркен,Золотые слитки,Зарплатный клиент,Астана,2025-07-27 12:20:36,Кафе и рестораны,5272.96,KZT
56,Нуркен,Золотые слитки,Зарплатный клиент,Астана,2025-07-27 17:50:43,Едим дома,3042.16,KZT
56,Нуркен,Золотые слитки,Зарплатный клиент,Астана,2025-07-28 09:50:30,Кино,4179.22,KZT
56,Нуркен,Золотые слитки,Зарплатный клиент,Астана,2025-07-28 11:20:56,Кафе и рестораны,5633.0,KZT
56,Нуркен,Золотые слитки,Зарплатный клиент,Астана,2025-07-28 11:30:53,Играем дома,6169.04,KZT
56,Нуркен,Золотые слитки,Зарплатный клиент,Астана,2025-07-28 14:30:15,Кафе и рестораны,3778.99,KZT
56,Нуркен,Золотые слитки,Зарплатный клиент,Астана,2025-07-28 19:00:04,Кафе и рестораны,6960.25,KZT
56,Нуркен,Золотые слитки,Зарплатный клиент,Астана,2025-07-28 21:10:13,Смотрим дома,4104.84,KZT
56,Нуркен,Золотые слитки,Зарплатный клиент,Астана,2025-07-29 09:15:53,Такси,5389.4,KZT
56,Нуркен,Золотые слитки,Зарплатный клиент,Астана,2025-07-29 12:50:08,Кино,4277.05,KZT
56,Нуркен,Золотые слитки,Зарплатный клиент,Астана,2025-07-29 20:10:01,Кино,5983.12,KZT
56,Нуркен,Золотые слитки,Зарплатный клиент,Астана,2025-07-30 12:10:17,Продукты питания,24838.08,KZT
56,Нуркен,Золотые слитки,Зарплатный клиент,Астана,2025-07-30 18:30:26,АЗС,8515.09,KZT
56,Нуркен,Золотые слитки,Зарплатный клиент,Астана,2025-07-30 19:00:12,Кафе и рестораны,5664.61,KZT
56,Нуркен,Золотые слитки,Зарплатный клиент,Астана,2025-07-31 09:15:30,Такси,5680.17,KZT
56,Нуркен,Золотые слитки,Зарплатный клиент,Астана,2025-07-31 12:10:52,Продукты питания,26756.25,KZT
56,Нуркен,Золотые слитки,Зарплатный клиент,Астана,2025-08-02 09:15:05,Такси,6469.9,KZT
56,Нуркен,Золотые слитки,Зарплатный клиент,Астана,2025-08-02 11:20:51,Кино,3861.9,KZT
56,Нуркен,Золотые слитки,Зарплатный клиент,Астана,2025-08-02 12:10:19,Продукты питания,11848.34,KZT
56,Нуркен,Золотые слитки,Зарплатный клиент,Астана,2025-08-02 16:30:56,Играем дома,10437.74,KZT
56,Нуркен,Золотые слитки,Зарплатный клиент,Астана,2025-08-02 18:30:25,АЗС,20126.43,KZT
56,Нуркен,Золотые слитки,Зарплатный клиент,Астана,2025-08-03 14:20:44,Смотрим дома,5027.51,KZT
56,Нуркен,Золотые слитки,Зарплатный клиент,Астана,2025-08-03 18:30:34,АЗС,16189.35,KZT
56,Нуркен,Золотые слитки,Зарплатный клиент,Астана,2025-08-03 20:00:20,Играем дома,6013.92,KZT
56,Нуркен,Золотые слитки,Зарплатный клиент,Астана,2025-08-04 09:15:04,Такси,1578.43,KZT
56,Нуркен,Золотые слитки,Зарплатный клиент,Астана,2025-08-04 19:20:22,Кафе и рестораны,5333.87,KZT
56,Нуркен,Золотые слитки,Зарплатный клиент,Астана,2025-08-05 09:10:39,Играем дома,4730.98,KZT
56,Нуркен,Золотые слитки,Зарплатный клиент,Астана,2025-08-05 12:10:38,Продукты питания,15546.15,KZT
56,Нуркен,Золотые слитки,Зарплатный клиент,Астана,2025-08-05 20:50:10,Такси,6767.04,KZT
56,Нуркен,Золотые слитки,Зарплатный клиент,Астана,2025-08-06 12:10:23,Продукты питания,14026.57,KZT
56,Нуркен,Золотые слитки,Зарплатный клиент,Астана,2025-08-06 14:00:23,Играем дома,4267.13,KZT
56,Нуркен,Золотые слитки,Зарплатный клиент,Астана,2025-08-06 19:00:30,Кафе и рестораны,19972.56,KZT
56,Нуркен,Золотые слитки,Зарплатный клиент,Астана,2025-08-07 08:20:51,Кино,5759.09,KZT
56,Нуркен,Золотые слитки,Зарплатный клиент,Астана,2025-08-07 12:10:59,Продукты питания,28574.95,KZT
56,Нуркен,Золотые слитки,Зарплатный клиент,Астана,2025-08-08 09:15:08,Такси,2530.83,KZT
56,Нуркен,Золотые слитки,Зарплатный клиент,Астана,2025-08-08 12:10:01,Продукты питания,16181.24,KZT
56,Нуркен,Золотые слитки,Зарплатный клиент,Астана,2025-08-08 19:00:37,Кафе и рестораны,3849.69,KZT
56,Нуркен,Золотые слитки,Зарплатный клиент,Астана,2025-08-10 08:20:52,Едим дома,3990.58,KZT
56,Нуркен,Золотые слитки,Зарплатный клиент,Астана,2025-08-10 09:15:37,Такси,11905.85,KZT
56,Нуркен,Золотые слитки,Зарплатный клиент,Астана,2025-08-10 12:10:13,Продукты питания,19880.46,KZT
56,Нуркен,Золотые слитки,Зарплатный клиент,Астана,2025-08-10 14:40:20,Играем дома,3814.61,KZT
56,Нуркен,Золотые слитки,Зарплатный клиент,Астана,2025-08-11 10:00:03,Кино,4582.98,KZT
56,Нуркен,Золотые слитки,Зарплатный клиент,Астана,2025-08-11 12:10:00,Продукты питания,10863.94,KZT
56,Нуркен,Золотые слитки,Зарплатный клиент,Астана,2025-08-11 15:50:52,Смотрим дома,2394.77,KZT
56,Нуркен,Золотые слитки,Зарплатный клиент,Астана,2025-08-11 16:10:45,Смотрим дома,6229.95,KZT
56,Нуркен,Золотые слитки,Зарплатный клиент,Астана,2025-08-11 17:40:09,Играем дома,3873.13,KZT
56,Нуркен,Золотые слитки,Зарплатный клиент,Астана,2025-08-12 12:10:25,Продукты питания,18614.82,KZT
56,Нуркен,Золотые слитки,Зарплатный клиент,Астана,2025-08-12 15:10:40,Играем дома,5682.04,KZT
56,Нуркен,Золотые слитки,Зарплатный клиент,Астана,2025-08-12 18:30:22,АЗС,16024.66,KZT
56,Нуркен,Золотые слитки,Зарплатный клиент,Астана,2025-08-12 19:00:57,Кафе и рестораны,9202.03,KZT
56,Нуркен,Золотые слитки,Зарплатный клиент,Астана,2025-08-12 21:20:02,Кино,7859.23,KZT
56,Нуркен,Золотые слитки,Зарплатный клиент,Астана,2025-08-13 12:10:21,Продукты питания,8824.18,KZT
56,Нуркен,Золотые слитки,Зарплатный клиент,Астана,2025-08-13 20:50:46,Играем дома,3023.28,KZT
56,Нуркен,Золотые слитки,Зарплатный клиент,Астана,2025-08-14 17:00:52,Такси,5185.96,KZT
56,Нуркен,Золотые слитки,Зарплатный клиент,Астана,2025-08-14 19:00:08,Кафе и рестораны,13658.22,KZT
56,Нуркен,Золотые слитки,Зарплатный клиент,Астана,2025-08-15 09:20:48,Едим дома,5662.07,KZT
56,Нуркен,Золотые слитки,Зарплатный клиент,Астана,2025-08-15 12:10:28,Продукты питания,9611.52,KZT
56,Нуркен,Золотые слитки,Зарплатный клиент,Астана,2025-08-15 14:40:21,Играем дома,5692.81,KZT
56,Нуркен,Золотые слитки,Зарплатный клиент,Астана,2025-08-15 15:00:26,Кино,4071.07,KZT
56,Нуркен,Золотые слитки,Зарплатный клиент,Астана,2025-08-15 19:00:53,Кафе и рестораны,17486.35,KZT
56,Нуркен,Золотые слитки,Зарплатный клиент,Астана,2025-08-16 19:00:47,Кафе и рестораны,7236.23,KZT
56,Нуркен,Золотые слитки,Зарплатный клиент,Астана,2025-08-17 08:50:13,Такси,3551.0,KZT
56,Нуркен,Золотые слитки,Зарплатный клиент,Астана,2025-08-17 14:10:20,Такси,4451.89,KZT
56,Нуркен,Золотые слитки,Зарплатный клиент,Астана,2025-08-17 18:30:52,АЗС,24666.64,KZT
56,Нуркен,Золотые слитки,Зарплатный клиент,Астана,2025-08-17 19:00:18,Кафе и рестораны,12012.83,KZT
56,Нуркен,Золотые слитки,Зарплатный клиент,Астана,2025-08-19 12:10:41,Продукты питания,21520.21,KZT
56,Нуркен,Золотые слитки,Зарплатный клиент,Астана,2025-08-19 19:00:03,Кафе и рестораны,7213.66,KZT
56,Нуркен,Золотые слитки,Зарплатный клиент,Астана,2025-08-19 20:40:20,Едим дома,5792.12,KZT
56,Нуркен,Золотые слитки,Зарплатный клиент,Астана,2025-08-20 12:10:42,Продукты питания,13377.19,KZT
56,Нуркен,Золотые слитки,Зарплатный клиент,Астана,2025-08-22 12:10:23,Продукты питания,10328.62,KZT
56,Нуркен,Золотые слитки,Зарплатный клиент,Астана,2025-08-22 19:00:16,Кафе и рестораны,10198.72,KZT
56,Нуркен,Золотые слитки,Зарплатный клиент,Астана,2025-08-23 06:30:12,Такси,8292.46,KZT
56,Нуркен,Золотые слитки,Зарплатный клиент,Астана,2025-08-23 09:00:12,Путешествия,84770.54,KZT
56,Нуркен,Золотые слитки,Зарплатный клиент,Астана,2025-08-23 09:05:39,Кафе и рестораны,2780.42,KZT
56,Нуркен,Золотые слитки,Зарплатный клиент,Астана,2025-08-23 10:20:43,Такси,6754.72,KZT
56,Нуркен,Золотые слитки,Зарплатный клиент,Астана,2025-08-23 12:00:35,Такси,4734.8,KZT
56,Нуркен,Золотые слитки,Зарплатный клиент,Астана,2025-08-23 14:10:53,Кино,4597.53,KZT
56,Нуркен,Золотые слитки,Зарплатный клиент,Астана,2025-08-23 15:30:51,Такси,4075.39,KZT
56,Нуркен,Золотые слитки,Зарплатный клиент,Астана,2025-08-23 17:00:05,Кафе и рестораны,2353.39,KZT
56,Нуркен,Золотые слитки,Зарплатный клиент,Астана,2025-08-23 19:40:01,Кафе и рестораны,7174.55,KZT
56,Нуркен,Золотые слитки,Зарплатный клиент,Астана,2025-08-23 22:30:15,Отели,77280.69,KZT
56,Нуркен,Золотые слитки,Зарплатный клиент,Астана,2025-08-24 09:05:54,Кафе и рестораны,9970.41,KZT
56,Нуркен,Золотые слитки,Зарплатный клиент,Астана,2025-08-24 10:20:37,Такси,6362.61,KZT
56,Нуркен,Золотые слитки,Зарплатный клиент,Астана,2025-08-24 15:30:24,Развлечения,10104.26,KZT
56,Нуркен,Золотые слитки,Зарплатный клиент,Астана,2025-08-24 17:20:54,Кафе и рестораны,4582.11,KZT
56,Нуркен,Золотые слитки,Зарплатный клиент,Астана,2025-08-24 19:40:16,Кафе и рестораны,13097.04,KZT
56,Нуркен,Золотые слитки,Зарплатный клиент,Астана,2025-08-24 22:30:57,Отели,57937.48,KZT
56,Нуркен,Золотые слитки,Зарплатный клиент,Астана,2025-08-25 09:05:21,Кафе и рестораны,5186.73,KZT
56,Нуркен,Золотые слитки,Зарплатный клиент,Астана,2025-08-25 10:20:38,Такси,3045.82,KZT
56,Нуркен,Золотые слитки,Зарплатный клиент,Астана,2025-08-25 14:10:47,Кино,3100.88,KZT
56,Нуркен,Золотые слитки,Зарплатный клиент,Астана,2025-08-25 16:00:31,Такси,4132.74,KZT
56,Нуркен,Золотые слитки,Зарплатный клиент,Астана,2025-08-25 17:20:44,Кафе и рестораны,6865.81,KZT
56,Нуркен,Золотые слитки,Зарплатный клиент,Астана,2025-08-25 19:00:45,Путешествия,61866.86,KZT
56,Нуркен,Золотые слитки,Зарплатный клиент,Астана,2025-08-25 19:40:54,Кафе и рестораны,10256.94,KZT
56,Нуркен,Золотые слитки,Зарплатный клиент,Астана,2025-08-25 21:20:43,Такси,5753.35,KZT
56,Нуркен,Золотые слитки,Зарплатный клиент,Астана,2025-08-25 22:30:07,Отели,88989.16,KZT
56,Нуркен,Золотые слитки,Зарплатный клиент,Астана,2025-08-26 12:10:00,Продукты питания,22543.37,KZT
56,Нуркен,Золотые слитки,Зарплатный клиент,Астана,2025-08-27 09:10:01,Кафе и рестораны,9766.42,KZT
56,Нуркен,Золотые слитки,Зарплатный клиент,Астана,2025-08-27 09:15:09,Такси,3605.61,KZT
56,Нуркен,Золотые слитки,Зарплатный клиент,Астана,2025-08-27 12:10:48,Продукты питания,22238.12,KZT
56,Нуркен,Золотые слитки,Зарплатный клиент,Астана,2025-08-27 12:40:39,Едим дома,3086.91,KZT
56,Нуркен,Золотые слитки,Зарплатный клиент,Астана,2025-08-28 09:10:23,Кафе и рестораны,5650.89,KZT
56,Нуркен,Золотые слитки,Зарплатный клиент,Астана,2025-08-28 11:50:30,Такси,4507.43,KZT
56,Нуркен,Золотые слитки,Зарплатный клиент,Астана,2025-08-28 13:10:42,Играем дома,3790.67,KZT
56,Нуркен,Золотые слитки,Зарплатный клиент,Астана,2025-08-28 15:10:26,Кафе и рестораны,3257.66,KZT
56,Нуркен,Золотые слитки,Зарплатный клиент,Астана,2025-08-28 18:30:11,АЗС,16284.61,KZT
56,Нуркен,Золотые слитки,Зарплатный клиент,Астана,2025-08-29 18:00:20,Играем дома,3174.4,KZT
56,Нуркен,Золотые слитки,Зарплатный клиент,Астана,2025-08-29 19:00:50,Кафе и рестораны,4578.48,KZT
56,Нуркен,Золотые слитки,Зарплатный клиент,Астана,2025-08-30 14:50:16,Смотрим дома,3798.21,KZT
56,Нуркен,Золотые слитки,Зарплатный клиент,Астана,2025-08-30 17:20:40,Такси,5476.06,KZT
56,Нуркен,Золотые слитки,Зарплатный клиент,Астана,2025-08-30 19:00:03,Кафе и рестораны,10567.06,KZT
56,Нуркен,Золотые слитки,Зарплатный клиент,Астана,2025-08-31 08:00:19,Едим дома,4865.85,KZT
56,Нуркен,Золотые слитки,Зарплатный клиент,Астана,2025-08-31 12:10:57,Продукты питания,7265.03,KZT
56,Нуркен,Золотые слитки,Зарплатный клиент,Астана,2025-08-31 14:10:03,Кино,6144.94,KZT
56,Нуркен,Золотые слитки,Зарплатный клиент,Астана,2025-08-31 19:00:05,Кафе и рестораны,6838.43,KZT
56,Нуркен,Золотые слитки,Зарплатный клиент,Астана,2025-08-31 19:30:15,Едим дома,4939.47,KZT
