﻿client_code,name,product,status,city,date,type,direction,amount,currency
45,Диана,Депозит Накопительный,Зарплатный клиент,Караганда,2025-06-01 08:19:36,card_out,out,16757.63,KZT
45,Диана,Депозит Накопительный,Зарплатный клиент,Караганда,2025-06-01 09:59:38,utilities_out,out,26965.31,KZT
45,Диана,Депозит Накопительный,Зарплатный клиент,Караганда,2025-06-01 10:43:39,p2p_out,out,20440.36,KZT
45,Диана,Депозит Накопительный,Зарплатный клиент,Караганда,2025-06-01 15:51:10,p2p_out,out,13688.37,KZT
45,Диана,Депозит Накопительный,Зарплатный клиент,Караганда,2025-06-01 15:57:16,utilities_out,out,32822.4,KZT
45,Диана,Депозит Накопительный,Зарплатный клиент,Караганда,2025-06-01 18:38:42,p2p_out,out,9828.56,KZT
45,Диана,Депозит Накопительный,Зарплатный клиент,Караганда,2025-06-02 15:42:22,card_out,out,15600.33,KZT
45,Диана,Депозит Накопительный,Зарплатный клиент,Караганда,2025-06-03 08:39:12,p2p_out,out,30398.14,KZT
45,Диана,Депозит Накопительный,Зарплатный клиент,Караганда,2025-06-03 09:52:35,loan_payment_out,out,71919.95,KZT
45,Диана,Депозит Накопительный,Зарплатный клиент,Караганда,2025-06-03 15:48:59,utilities_out,out,24934.72,KZT
45,Диана,Депозит Накопительный,Зарплатный клиент,Караганда,2025-06-03 19:43:42,card_out,out,11409.02,KZT
45,Диана,Депозит Накопительный,Зарплатный клиент,Караганда,2025-06-03 21:06:24,p2p_out,out,14794.36,KZT
45,Диана,Депозит Накопительный,Зарплатный клиент,Караганда,2025-06-04 11:22:15,p2p_out,out,22605.25,KZT
45,Диана,Депозит Накопительный,Зарплатный клиент,Караганда,2025-06-04 17:43:04,card_out,out,34609.49,KZT
45,Диана,Депозит Накопительный,Зарплатный клиент,Караганда,2025-06-04 19:07:43,utilities_out,out,22324.06,KZT
45,Диана,Депозит Накопительный,Зарплатный клиент,Караганда,2025-06-04 21:14:57,card_in,in,9384.01,KZT
45,Диана,Депозит Накопительный,Зарплатный клиент,Караганда,2025-06-05 10:03:47,card_out,out,44774.27,KZT
45,Диана,Депозит Накопительный,Зарплатный клиент,Караганда,2025-06-05 20:42:33,p2p_out,out,16951.1,KZT
45,Диана,Депозит Накопительный,Зарплатный клиент,Караганда,2025-06-06 09:54:56,p2p_out,out,22401.81,KZT
45,Диана,Депозит Накопительный,Зарплатный клиент,Караганда,2025-06-07 11:22:55,card_out,out,23480.74,KZT
45,Диана,Депозит Накопительный,Зарплатный клиент,Караганда,2025-06-07 13:04:34,card_in,in,10406.9,KZT
45,Диана,Депозит Накопительный,Зарплатный клиент,Караганда,2025-06-07 19:08:00,card_out,out,11329.88,KZT
45,Диана,Депозит Накопительный,Зарплатный клиент,Караганда,2025-06-07 21:26:30,card_out,out,31513.82,KZT
45,Диана,Депозит Накопительный,Зарплатный клиент,Караганда,2025-06-08 09:04:35,atm_withdrawal,out,12394.91,KZT
45,Диана,Депозит Накопительный,Зарплатный клиент,Караганда,2025-06-08 12:43:22,cashback_in,in,19753.78,KZT
45,Диана,Депозит Накопительный,Зарплатный клиент,Караганда,2025-06-08 15:33:06,card_out,out,19782.25,KZT
45,Диана,Депозит Накопительный,Зарплатный клиент,Караганда,2025-06-08 16:30:12,card_out,out,11799.58,KZT
45,Диана,Депозит Накопительный,Зарплатный клиент,Караганда,2025-06-08 18:20:25,loan_payment_out,out,45913.38,KZT
45,Диана,Депозит Накопительный,Зарплатный клиент,Караганда,2025-06-09 15:38:52,deposit_topup_out,out,61202.4,KZT
45,Диана,Депозит Накопительный,Зарплатный клиент,Караганда,2025-06-10 12:54:37,card_in,in,5810.11,KZT
45,Диана,Депозит Накопительный,Зарплатный клиент,Караганда,2025-06-10 15:11:11,p2p_out,out,33188.96,KZT
45,Диана,Депозит Накопительный,Зарплатный клиент,Караганда,2025-06-10 18:29:36,card_out,out,44872.63,KZT
45,Диана,Депозит Накопительный,Зарплатный клиент,Караганда,2025-06-11 08:34:09,card_out,out,31915.33,KZT
45,Диана,Депозит Накопительный,Зарплатный клиент,Караганда,2025-06-11 10:44:28,p2p_out,out,11531.56,KZT
45,Диана,Депозит Накопительный,Зарплатный клиент,Караганда,2025-06-11 11:52:05,p2p_out,out,21948.3,KZT
45,Диана,Депозит Накопительный,Зарплатный клиент,Караганда,2025-06-11 12:17:20,refund_in,in,6360.24,KZT
45,Диана,Депозит Накопительный,Зарплатный клиент,Караганда,2025-06-11 14:46:56,card_out,out,11985.85,KZT
45,Диана,Депозит Накопительный,Зарплатный клиент,Караганда,2025-06-12 12:25:18,card_out,out,21382.51,KZT
45,Диана,Депозит Накопительный,Зарплатный клиент,Караганда,2025-06-12 15:30:21,card_out,out,9441.56,KZT
45,Диана,Депозит Накопительный,Зарплатный клиент,Караганда,2025-06-12 15:57:34,card_out,out,40229.18,KZT
45,Диана,Депозит Накопительный,Зарплатный клиент,Караганда,2025-06-12 16:36:24,atm_withdrawal,out,45699.7,KZT
45,Диана,Депозит Накопительный,Зарплатный клиент,Караганда,2025-06-12 21:58:22,card_out,out,22575.53,KZT
45,Диана,Депозит Накопительный,Зарплатный клиент,Караганда,2025-06-13 09:56:50,card_out,out,15368.47,KZT
45,Диана,Депозит Накопительный,Зарплатный клиент,Караганда,2025-06-13 11:04:48,deposit_topup_out,out,80937.17,KZT
45,Диана,Депозит Накопительный,Зарплатный клиент,Караганда,2025-06-13 13:00:00,p2p_out,out,12699.21,KZT
45,Диана,Депозит Накопительный,Зарплатный клиент,Караганда,2025-06-13 13:24:50,atm_withdrawal,out,17819.44,KZT
45,Диана,Депозит Накопительный,Зарплатный клиент,Караганда,2025-06-13 14:28:04,card_out,out,34385.41,KZT
45,Диана,Депозит Накопительный,Зарплатный клиент,Караганда,2025-06-13 14:43:01,card_out,out,20188.48,KZT
45,Диана,Депозит Накопительный,Зарплатный клиент,Караганда,2025-06-13 20:25:22,card_out,out,37611.76,KZT
45,Диана,Депозит Накопительный,Зарплатный клиент,Караганда,2025-06-14 12:19:01,deposit_topup_out,out,54471.39,KZT
45,Диана,Депозит Накопительный,Зарплатный клиент,Караганда,2025-06-14 14:29:05,card_out,out,16916.12,KZT
45,Диана,Депозит Накопительный,Зарплатный клиент,Караганда,2025-06-14 20:20:24,card_out,out,23417.58,KZT
45,Диана,Депозит Накопительный,Зарплатный клиент,Караганда,2025-06-15 11:44:12,card_out,out,20540.14,KZT
45,Диана,Депозит Накопительный,Зарплатный клиент,Караганда,2025-06-15 11:58:10,card_out,out,6612.15,KZT
45,Диана,Депозит Накопительный,Зарплатный клиент,Караганда,2025-06-15 20:52:18,card_out,out,14098.02,KZT
45,Диана,Депозит Накопительный,Зарплатный клиент,Караганда,2025-06-15 21:30:32,card_out,out,8900.5,KZT
45,Диана,Депозит Накопительный,Зарплатный клиент,Караганда,2025-06-16 11:41:29,card_out,out,9911.99,KZT
45,Диана,Депозит Накопительный,Зарплатный клиент,Караганда,2025-06-16 16:48:35,cashback_in,in,11786.6,KZT
45,Диана,Депозит Накопительный,Зарплатный клиент,Караганда,2025-06-16 21:47:30,card_out,out,26586.26,KZT
45,Диана,Депозит Накопительный,Зарплатный клиент,Караганда,2025-06-17 19:35:11,p2p_out,out,13965.95,KZT
45,Диана,Депозит Накопительный,Зарплатный клиент,Караганда,2025-06-17 20:14:54,deposit_topup_out,out,62947.11,KZT
45,Диана,Депозит Накопительный,Зарплатный клиент,Караганда,2025-06-18 10:22:00,card_in,in,7272.33,KZT
45,Диана,Депозит Накопительный,Зарплатный клиент,Караганда,2025-06-18 11:45:33,card_out,out,16483.22,KZT
45,Диана,Депозит Накопительный,Зарплатный клиент,Караганда,2025-06-18 12:44:19,card_out,out,14669.82,KZT
45,Диана,Депозит Накопительный,Зарплатный клиент,Караганда,2025-06-18 19:38:23,card_out,out,12142.57,KZT
45,Диана,Депозит Накопительный,Зарплатный клиент,Караганда,2025-06-19 13:11:52,card_out,out,23569.73,KZT
45,Диана,Депозит Накопительный,Зарплатный клиент,Караганда,2025-06-19 16:43:18,atm_withdrawal,out,33686.96,KZT
45,Диана,Депозит Накопительный,Зарплатный клиент,Караганда,2025-06-19 16:59:36,p2p_out,out,18305.47,KZT
45,Диана,Депозит Накопительный,Зарплатный клиент,Караганда,2025-06-19 18:56:45,card_out,out,15779.2,KZT
45,Диана,Депозит Накопительный,Зарплатный клиент,Караганда,2025-06-20 18:14:21,card_out,out,8431.6,KZT
45,Диана,Депозит Накопительный,Зарплатный клиент,Караганда,2025-06-21 10:39:19,atm_withdrawal,out,36284.41,KZT
45,Диана,Депозит Накопительный,Зарплатный клиент,Караганда,2025-06-21 11:52:57,card_out,out,12557.48,KZT
45,Диана,Депозит Накопительный,Зарплатный клиент,Караганда,2025-06-21 17:09:13,card_out,out,21454.06,KZT
45,Диана,Депозит Накопительный,Зарплатный клиент,Караганда,2025-06-21 17:16:03,p2p_out,out,21004.66,KZT
45,Диана,Депозит Накопительный,Зарплатный клиент,Караганда,2025-06-22 09:29:46,card_out,out,11428.24,KZT
45,Диана,Депозит Накопительный,Зарплатный клиент,Караганда,2025-06-22 10:22:28,card_out,out,16928.98,KZT
45,Диана,Депозит Накопительный,Зарплатный клиент,Караганда,2025-06-22 18:53:13,card_out,out,23347.61,KZT
45,Диана,Депозит Накопительный,Зарплатный клиент,Караганда,2025-06-23 16:11:31,utilities_out,out,32744.7,KZT
45,Диана,Депозит Накопительный,Зарплатный клиент,Караганда,2025-06-24 13:13:07,loan_payment_out,out,58804.39,KZT
45,Диана,Депозит Накопительный,Зарплатный клиент,Караганда,2025-06-24 17:58:33,p2p_out,out,29381.29,KZT
45,Диана,Депозит Накопительный,Зарплатный клиент,Караганда,2025-06-24 20:07:51,card_out,out,8552.36,KZT
45,Диана,Депозит Накопительный,Зарплатный клиент,Караганда,2025-06-25 09:30:10,card_out,out,16063.12,KZT
45,Диана,Депозит Накопительный,Зарплатный клиент,Караганда,2025-06-25 12:18:38,card_out,out,23216.19,KZT
45,Диана,Депозит Накопительный,Зарплатный клиент,Караганда,2025-06-26 12:52:12,card_out,out,18194.69,KZT
45,Диана,Депозит Накопительный,Зарплатный клиент,Караганда,2025-06-26 14:16:22,card_out,out,16248.07,KZT
45,Диана,Депозит Накопительный,Зарплатный клиент,Караганда,2025-06-26 19:48:13,atm_withdrawal,out,128413.33,KZT
45,Диана,Депозит Накопительный,Зарплатный клиент,Караганда,2025-06-26 21:08:00,card_out,out,18460.65,KZT
45,Диана,Депозит Накопительный,Зарплатный клиент,Караганда,2025-06-26 21:59:45,p2p_out,out,14963.21,KZT
45,Диана,Депозит Накопительный,Зарплатный клиент,Караганда,2025-06-27 15:33:41,cashback_in,in,9215.71,KZT
45,Диана,Депозит Накопительный,Зарплатный клиент,Караганда,2025-06-27 20:13:44,p2p_out,out,16882.21,KZT
45,Диана,Депозит Накопительный,Зарплатный клиент,Караганда,2025-06-28 14:14:39,card_out,out,16779.35,KZT
45,Диана,Депозит Накопительный,Зарплатный клиент,Караганда,2025-06-28 20:33:49,salary_in,in,523499.21,KZT
45,Диана,Депозит Накопительный,Зарплатный клиент,Караганда,2025-06-28 20:34:16,card_out,out,41471.95,KZT
45,Диана,Депозит Накопительный,Зарплатный клиент,Караганда,2025-06-28 20:50:51,card_out,out,23122.32,KZT
45,Диана,Депозит Накопительный,Зарплатный клиент,Караганда,2025-06-29 13:27:01,deposit_topup_out,out,70942.03,KZT
45,Диана,Депозит Накопительный,Зарплатный клиент,Караганда,2025-06-29 17:22:09,refund_in,in,13200.96,KZT
45,Диана,Депозит Накопительный,Зарплатный клиент,Караганда,2025-06-29 21:32:41,p2p_out,out,31434.98,KZT
45,Диана,Депозит Накопительный,Зарплатный клиент,Караганда,2025-06-30 09:40:49,deposit_topup_out,out,89772.97,KZT
45,Диана,Депозит Накопительный,Зарплатный клиент,Караганда,2025-06-30 12:51:16,p2p_out,out,49058.09,KZT
45,Диана,Депозит Накопительный,Зарплатный клиент,Караганда,2025-06-30 21:32:14,card_in,in,13623.96,KZT
45,Диана,Депозит Накопительный,Зарплатный клиент,Караганда,2025-07-01 09:57:26,cashback_in,in,12179.98,KZT
45,Диана,Депозит Накопительный,Зарплатный клиент,Караганда,2025-07-01 10:59:09,card_out,out,15053.43,KZT
45,Диана,Депозит Накопительный,Зарплатный клиент,Караганда,2025-07-01 16:04:07,utilities_out,out,27685.69,KZT
45,Диана,Депозит Накопительный,Зарплатный клиент,Караганда,2025-07-01 19:23:41,p2p_out,out,17487.19,KZT
45,Диана,Депозит Накопительный,Зарплатный клиент,Караганда,2025-07-01 20:18:27,atm_withdrawal,out,50934.08,KZT
45,Диана,Депозит Накопительный,Зарплатный клиент,Караганда,2025-07-02 08:50:39,card_out,out,15744.87,KZT
45,Диана,Депозит Накопительный,Зарплатный клиент,Караганда,2025-07-02 13:29:30,deposit_topup_out,out,157638.66,KZT
45,Диана,Депозит Накопительный,Зарплатный клиент,Караганда,2025-07-02 15:40:47,card_out,out,19794.12,KZT
45,Диана,Депозит Накопительный,Зарплатный клиент,Караганда,2025-07-02 18:04:02,card_out,out,27169.74,KZT
45,Диана,Депозит Накопительный,Зарплатный клиент,Караганда,2025-07-02 19:42:04,p2p_out,out,14265.21,KZT
45,Диана,Депозит Накопительный,Зарплатный клиент,Караганда,2025-07-03 16:50:16,card_out,out,18527.39,KZT
45,Диана,Депозит Накопительный,Зарплатный клиент,Караганда,2025-07-03 16:55:57,card_in,in,7166.01,KZT
45,Диана,Депозит Накопительный,Зарплатный клиент,Караганда,2025-07-03 17:02:34,card_out,out,20940.67,KZT
45,Диана,Депозит Накопительный,Зарплатный клиент,Караганда,2025-07-04 09:56:40,utilities_out,out,30831.79,KZT
45,Диана,Депозит Накопительный,Зарплатный клиент,Караганда,2025-07-04 12:36:25,p2p_out,out,19475.63,KZT
45,Диана,Депозит Накопительный,Зарплатный клиент,Караганда,2025-07-05 14:14:21,p2p_out,out,38259.03,KZT
45,Диана,Депозит Накопительный,Зарплатный клиент,Караганда,2025-07-05 17:19:47,p2p_out,out,20370.3,KZT
45,Диана,Депозит Накопительный,Зарплатный клиент,Караганда,2025-07-05 19:36:27,card_out,out,18723.61,KZT
45,Диана,Депозит Накопительный,Зарплатный клиент,Караганда,2025-07-06 08:51:03,p2p_out,out,15319.31,KZT
45,Диана,Депозит Накопительный,Зарплатный клиент,Караганда,2025-07-06 10:36:00,deposit_topup_out,out,94532.32,KZT
45,Диана,Депозит Накопительный,Зарплатный клиент,Караганда,2025-07-06 17:22:32,card_out,out,26677.88,KZT
45,Диана,Депозит Накопительный,Зарплатный клиент,Караганда,2025-07-07 20:50:11,card_out,out,17115.08,KZT
45,Диана,Депозит Накопительный,Зарплатный клиент,Караганда,2025-07-08 09:02:35,p2p_out,out,42879.71,KZT
45,Диана,Депозит Накопительный,Зарплатный клиент,Караганда,2025-07-09 11:23:48,atm_withdrawal,out,42353.97,KZT
45,Диана,Депозит Накопительный,Зарплатный клиент,Караганда,2025-07-09 13:03:11,card_out,out,9610.29,KZT
45,Диана,Депозит Накопительный,Зарплатный клиент,Караганда,2025-07-09 15:07:38,card_in,in,4730.33,KZT
45,Диана,Депозит Накопительный,Зарплатный клиент,Караганда,2025-07-09 18:46:25,card_out,out,13752.18,KZT
45,Диана,Депозит Накопительный,Зарплатный клиент,Караганда,2025-07-09 21:31:57,card_out,out,10417.15,KZT
45,Диана,Депозит Накопительный,Зарплатный клиент,Караганда,2025-07-10 17:32:23,utilities_out,out,24260.8,KZT
45,Диана,Депозит Накопительный,Зарплатный клиент,Караганда,2025-07-10 20:07:09,card_out,out,19175.28,KZT
45,Диана,Депозит Накопительный,Зарплатный клиент,Караганда,2025-07-10 20:24:56,card_out,out,17651.02,KZT
45,Диана,Депозит Накопительный,Зарплатный клиент,Караганда,2025-07-11 08:37:12,card_out,out,27268.38,KZT
45,Диана,Депозит Накопительный,Зарплатный клиент,Караганда,2025-07-11 11:05:25,p2p_out,out,9027.0,KZT
45,Диана,Депозит Накопительный,Зарплатный клиент,Караганда,2025-07-11 13:11:24,p2p_out,out,8185.75,KZT
45,Диана,Депозит Накопительный,Зарплатный клиент,Караганда,2025-07-11 14:06:58,card_out,out,9983.41,KZT
45,Диана,Депозит Накопительный,Зарплатный клиент,Караганда,2025-07-11 17:37:59,card_out,out,31310.17,KZT
45,Диана,Депозит Накопительный,Зарплатный клиент,Караганда,2025-07-12 08:13:12,p2p_out,out,8817.57,KZT
45,Диана,Депозит Накопительный,Зарплатный клиент,Караганда,2025-07-13 12:59:43,refund_in,in,6030.3,KZT
45,Диана,Депозит Накопительный,Зарплатный клиент,Караганда,2025-07-13 13:58:35,card_out,out,25232.67,KZT
45,Диана,Депозит Накопительный,Зарплатный клиент,Караганда,2025-07-13 14:15:57,p2p_out,out,11801.18,KZT
45,Диана,Депозит Накопительный,Зарплатный клиент,Караганда,2025-07-13 14:48:32,card_out,out,23689.03,KZT
45,Диана,Депозит Накопительный,Зарплатный клиент,Караганда,2025-07-14 13:24:56,card_out,out,60875.73,KZT
45,Диана,Депозит Накопительный,Зарплатный клиент,Караганда,2025-07-14 16:40:15,card_out,out,19881.53,KZT
45,Диана,Депозит Накопительный,Зарплатный клиент,Караганда,2025-07-14 18:35:26,p2p_out,out,12393.55,KZT
45,Диана,Депозит Накопительный,Зарплатный клиент,Караганда,2025-07-14 21:24:24,card_out,out,32636.83,KZT
45,Диана,Депозит Накопительный,Зарплатный клиент,Караганда,2025-07-15 10:18:53,card_out,out,9677.55,KZT
45,Диана,Депозит Накопительный,Зарплатный клиент,Караганда,2025-07-15 13:01:25,card_out,out,32493.6,KZT
45,Диана,Депозит Накопительный,Зарплатный клиент,Караганда,2025-07-16 08:44:37,card_out,out,29264.02,KZT
45,Диана,Депозит Накопительный,Зарплатный клиент,Караганда,2025-07-17 08:16:55,card_in,in,9055.89,KZT
45,Диана,Депозит Накопительный,Зарплатный клиент,Караганда,2025-07-17 08:32:19,utilities_out,out,30082.28,KZT
45,Диана,Депозит Накопительный,Зарплатный клиент,Караганда,2025-07-17 11:34:45,atm_withdrawal,out,13730.24,KZT
45,Диана,Депозит Накопительный,Зарплатный клиент,Караганда,2025-07-17 13:53:49,salary_in,in,359054.9,KZT
45,Диана,Депозит Накопительный,Зарплатный клиент,Караганда,2025-07-17 18:01:12,p2p_out,out,10049.12,KZT
45,Диана,Депозит Накопительный,Зарплатный клиент,Караганда,2025-07-18 19:09:50,utilities_out,out,30189.76,KZT
45,Диана,Депозит Накопительный,Зарплатный клиент,Караганда,2025-07-19 12:20:40,p2p_out,out,9678.03,KZT
45,Диана,Депозит Накопительный,Зарплатный клиент,Караганда,2025-07-20 12:00:48,card_out,out,4970.98,KZT
45,Диана,Депозит Накопительный,Зарплатный клиент,Караганда,2025-07-20 15:39:03,cashback_in,in,20620.31,KZT
45,Диана,Депозит Накопительный,Зарплатный клиент,Караганда,2025-07-21 12:05:02,atm_withdrawal,out,85632.27,KZT
45,Диана,Депозит Накопительный,Зарплатный клиент,Караганда,2025-07-21 12:34:52,card_out,out,39850.41,KZT
45,Диана,Депозит Накопительный,Зарплатный клиент,Караганда,2025-07-21 13:12:25,card_out,out,16238.15,KZT
45,Диана,Депозит Накопительный,Зарплатный клиент,Караганда,2025-07-21 14:00:18,card_out,out,13844.17,KZT
45,Диана,Депозит Накопительный,Зарплатный клиент,Караганда,2025-07-21 17:22:38,p2p_out,out,21699.68,KZT
45,Диана,Депозит Накопительный,Зарплатный клиент,Караганда,2025-07-21 17:40:09,atm_withdrawal,out,38596.13,KZT
45,Диана,Депозит Накопительный,Зарплатный клиент,Караганда,2025-07-22 12:46:32,card_out,out,8089.64,KZT
45,Диана,Депозит Накопительный,Зарплатный клиент,Караганда,2025-07-22 13:02:40,p2p_out,out,13220.96,KZT
45,Диана,Депозит Накопительный,Зарплатный клиент,Караганда,2025-07-22 18:17:18,p2p_out,out,21494.48,KZT
45,Диана,Депозит Накопительный,Зарплатный клиент,Караганда,2025-07-22 18:46:20,card_out,out,18423.9,KZT
45,Диана,Депозит Накопительный,Зарплатный клиент,Караганда,2025-07-23 08:23:11,card_out,out,24074.16,KZT
45,Диана,Депозит Накопительный,Зарплатный клиент,Караганда,2025-07-23 14:50:10,deposit_topup_out,out,30669.93,KZT
45,Диана,Депозит Накопительный,Зарплатный клиент,Караганда,2025-07-23 17:02:03,card_out,out,28294.58,KZT
45,Диана,Депозит Накопительный,Зарплатный клиент,Караганда,2025-07-23 17:21:22,card_out,out,36137.93,KZT
45,Диана,Депозит Накопительный,Зарплатный клиент,Караганда,2025-07-24 15:14:56,loan_payment_out,out,63126.95,KZT
45,Диана,Депозит Накопительный,Зарплатный клиент,Караганда,2025-07-24 16:25:22,card_out,out,26629.22,KZT
45,Диана,Депозит Накопительный,Зарплатный клиент,Караганда,2025-07-24 16:52:26,card_out,out,9757.38,KZT
45,Диана,Депозит Накопительный,Зарплатный клиент,Караганда,2025-07-24 17:19:02,deposit_topup_out,out,48258.34,KZT
45,Диана,Депозит Накопительный,Зарплатный клиент,Караганда,2025-07-24 20:51:19,card_in,in,8681.38,KZT
45,Диана,Депозит Накопительный,Зарплатный клиент,Караганда,2025-07-24 21:45:16,deposit_topup_out,out,45517.57,KZT
45,Диана,Депозит Накопительный,Зарплатный клиент,Караганда,2025-07-25 16:10:17,card_out,out,12687.69,KZT
45,Диана,Депозит Накопительный,Зарплатный клиент,Караганда,2025-07-25 18:01:38,p2p_out,out,17512.64,KZT
45,Диана,Депозит Накопительный,Зарплатный клиент,Караганда,2025-07-25 20:05:53,card_in,in,2745.51,KZT
45,Диана,Депозит Накопительный,Зарплатный клиент,Караганда,2025-07-26 12:49:48,card_out,out,24398.51,KZT
45,Диана,Депозит Накопительный,Зарплатный клиент,Караганда,2025-07-26 15:35:47,card_out,out,19945.87,KZT
45,Диана,Депозит Накопительный,Зарплатный клиент,Караганда,2025-07-26 17:16:11,p2p_out,out,30295.9,KZT
45,Диана,Депозит Накопительный,Зарплатный клиент,Караганда,2025-07-26 18:54:36,card_out,out,30025.15,KZT
45,Диана,Депозит Накопительный,Зарплатный клиент,Караганда,2025-07-27 09:31:42,loan_payment_out,out,55359.98,KZT
45,Диана,Депозит Накопительный,Зарплатный клиент,Караганда,2025-07-27 12:37:39,loan_payment_out,out,42830.28,KZT
45,Диана,Депозит Накопительный,Зарплатный клиент,Караганда,2025-07-27 17:06:15,card_out,out,5018.86,KZT
45,Диана,Депозит Накопительный,Зарплатный клиент,Караганда,2025-07-27 19:52:36,card_out,out,24984.2,KZT
45,Диана,Депозит Накопительный,Зарплатный клиент,Караганда,2025-07-28 13:26:36,card_out,out,22053.22,KZT
45,Диана,Депозит Накопительный,Зарплатный клиент,Караганда,2025-07-28 19:15:14,card_out,out,31365.44,KZT
45,Диана,Депозит Накопительный,Зарплатный клиент,Караганда,2025-07-28 21:14:18,refund_in,in,24349.04,KZT
45,Диана,Депозит Накопительный,Зарплатный клиент,Караганда,2025-07-28 21:34:05,card_out,out,9604.84,KZT
45,Диана,Депозит Накопительный,Зарплатный клиент,Караганда,2025-07-30 14:21:59,card_out,out,9893.77,KZT
45,Диана,Депозит Накопительный,Зарплатный клиент,Караганда,2025-07-30 19:27:54,atm_withdrawal,out,39841.36,KZT
45,Диана,Депозит Накопительный,Зарплатный клиент,Караганда,2025-07-30 21:49:37,card_out,out,27024.19,KZT
45,Диана,Депозит Накопительный,Зарплатный клиент,Караганда,2025-07-31 12:30:41,deposit_topup_out,out,42240.87,KZT
45,Диана,Депозит Накопительный,Зарплатный клиент,Караганда,2025-07-31 15:35:29,p2p_out,out,10213.15,KZT
45,Диана,Депозит Накопительный,Зарплатный клиент,Караганда,2025-07-31 18:00:29,card_out,out,33527.58,KZT
45,Диана,Депозит Накопительный,Зарплатный клиент,Караганда,2025-07-31 20:19:21,cashback_in,in,6225.88,KZT
45,Диана,Депозит Накопительный,Зарплатный клиент,Караганда,2025-07-31 21:12:42,card_out,out,15341.87,KZT
45,Диана,Депозит Накопительный,Зарплатный клиент,Караганда,2025-08-01 16:31:47,card_out,out,15511.69,KZT
45,Диана,Депозит Накопительный,Зарплатный клиент,Караганда,2025-08-02 13:39:53,card_out,out,7847.35,KZT
45,Диана,Депозит Накопительный,Зарплатный клиент,Караганда,2025-08-02 18:05:11,card_out,out,14671.38,KZT
45,Диана,Депозит Накопительный,Зарплатный клиент,Караганда,2025-08-03 08:26:39,deposit_topup_out,out,126500.48,KZT
45,Диана,Депозит Накопительный,Зарплатный клиент,Караганда,2025-08-03 16:11:58,card_in,in,9407.29,KZT
45,Диана,Депозит Накопительный,Зарплатный клиент,Караганда,2025-08-03 16:19:56,card_in,in,17036.49,KZT
45,Диана,Депозит Накопительный,Зарплатный клиент,Караганда,2025-08-04 08:52:31,p2p_out,out,10694.23,KZT
45,Диана,Депозит Накопительный,Зарплатный клиент,Караганда,2025-08-04 14:07:57,card_out,out,42224.11,KZT
45,Диана,Депозит Накопительный,Зарплатный клиент,Караганда,2025-08-04 14:34:34,p2p_out,out,27266.48,KZT
45,Диана,Депозит Накопительный,Зарплатный клиент,Караганда,2025-08-04 18:19:17,card_out,out,2954.89,KZT
45,Диана,Депозит Накопительный,Зарплатный клиент,Караганда,2025-08-04 18:54:24,atm_withdrawal,out,55084.98,KZT
45,Диана,Депозит Накопительный,Зарплатный клиент,Караганда,2025-08-04 21:35:45,p2p_out,out,14637.06,KZT
45,Диана,Депозит Накопительный,Зарплатный клиент,Караганда,2025-08-05 15:06:23,card_out,out,25660.91,KZT
45,Диана,Депозит Накопительный,Зарплатный клиент,Караганда,2025-08-05 16:04:59,card_out,out,9724.75,KZT
45,Диана,Депозит Накопительный,Зарплатный клиент,Караганда,2025-08-06 08:51:38,card_out,out,33725.78,KZT
45,Диана,Депозит Накопительный,Зарплатный клиент,Караганда,2025-08-06 09:25:46,card_in,in,9335.34,KZT
45,Диана,Депозит Накопительный,Зарплатный клиент,Караганда,2025-08-06 17:37:08,card_out,out,12116.02,KZT
45,Диана,Депозит Накопительный,Зарплатный клиент,Караганда,2025-08-06 17:40:21,card_out,out,43989.37,KZT
45,Диана,Депозит Накопительный,Зарплатный клиент,Караганда,2025-08-06 19:28:57,card_out,out,21185.9,KZT
45,Диана,Депозит Накопительный,Зарплатный клиент,Караганда,2025-08-06 19:47:42,card_out,out,16298.52,KZT
45,Диана,Депозит Накопительный,Зарплатный клиент,Караганда,2025-08-07 20:57:06,p2p_out,out,11250.63,KZT
45,Диана,Депозит Накопительный,Зарплатный клиент,Караганда,2025-08-08 15:19:36,deposit_topup_out,out,65742.84,KZT
45,Диана,Депозит Накопительный,Зарплатный клиент,Караганда,2025-08-09 14:31:21,p2p_out,out,52727.8,KZT
45,Диана,Депозит Накопительный,Зарплатный клиент,Караганда,2025-08-09 15:54:49,refund_in,in,14594.03,KZT
45,Диана,Депозит Накопительный,Зарплатный клиент,Караганда,2025-08-09 18:08:24,p2p_out,out,12701.25,KZT
45,Диана,Депозит Накопительный,Зарплатный клиент,Караганда,2025-08-09 18:36:50,loan_payment_out,out,69858.42,KZT
45,Диана,Депозит Накопительный,Зарплатный клиент,Караганда,2025-08-10 13:06:31,p2p_out,out,35629.02,KZT
45,Диана,Депозит Накопительный,Зарплатный клиент,Караганда,2025-08-10 15:27:18,p2p_out,out,6862.94,KZT
45,Диана,Депозит Накопительный,Зарплатный клиент,Караганда,2025-08-10 21:37:27,card_out,out,22677.2,KZT
45,Диана,Депозит Накопительный,Зарплатный клиент,Караганда,2025-08-11 09:19:04,card_out,out,5781.88,KZT
45,Диана,Депозит Накопительный,Зарплатный клиент,Караганда,2025-08-11 10:43:54,card_out,out,23170.68,KZT
45,Диана,Депозит Накопительный,Зарплатный клиент,Караганда,2025-08-11 14:07:42,deposit_topup_out,out,50670.37,KZT
45,Диана,Депозит Накопительный,Зарплатный клиент,Караганда,2025-08-11 15:04:17,card_out,out,10868.39,KZT
45,Диана,Депозит Накопительный,Зарплатный клиент,Караганда,2025-08-11 16:35:12,atm_withdrawal,out,49663.26,KZT
45,Диана,Депозит Накопительный,Зарплатный клиент,Караганда,2025-08-11 18:54:44,atm_withdrawal,out,19810.98,KZT
45,Диана,Депозит Накопительный,Зарплатный клиент,Караганда,2025-08-11 19:05:14,card_out,out,9604.87,KZT
45,Диана,Депозит Накопительный,Зарплатный клиент,Караганда,2025-08-11 20:43:57,card_out,out,45330.93,KZT
45,Диана,Депозит Накопительный,Зарплатный клиент,Караганда,2025-08-12 10:56:32,p2p_out,out,24890.21,KZT
45,Диана,Депозит Накопительный,Зарплатный клиент,Караганда,2025-08-12 17:38:03,p2p_out,out,17957.82,KZT
45,Диана,Депозит Накопительный,Зарплатный клиент,Караганда,2025-08-12 20:59:07,card_out,out,16349.63,KZT
45,Диана,Депозит Накопительный,Зарплатный клиент,Караганда,2025-08-13 19:03:18,card_out,out,20691.21,KZT
45,Диана,Депозит Накопительный,Зарплатный клиент,Караганда,2025-08-13 19:56:52,cashback_in,in,5801.94,KZT
45,Диана,Депозит Накопительный,Зарплатный клиент,Караганда,2025-08-13 20:59:08,card_out,out,21651.05,KZT
45,Диана,Депозит Накопительный,Зарплатный клиент,Караганда,2025-08-14 12:21:57,atm_withdrawal,out,44141.94,KZT
45,Диана,Депозит Накопительный,Зарплатный клиент,Караганда,2025-08-14 13:31:03,card_out,out,24372.69,KZT
45,Диана,Депозит Накопительный,Зарплатный клиент,Караганда,2025-08-15 08:22:09,card_out,out,29113.89,KZT
45,Диана,Депозит Накопительный,Зарплатный клиент,Караганда,2025-08-15 10:46:20,card_out,out,22621.95,KZT
45,Диана,Депозит Накопительный,Зарплатный клиент,Караганда,2025-08-15 11:44:17,cashback_in,in,113359.92,KZT
45,Диана,Депозит Накопительный,Зарплатный клиент,Караганда,2025-08-15 18:06:04,p2p_out,out,10165.34,KZT
45,Диана,Депозит Накопительный,Зарплатный клиент,Караганда,2025-08-15 21:47:45,p2p_out,out,2708.77,KZT
45,Диана,Депозит Накопительный,Зарплатный клиент,Караганда,2025-08-16 14:37:10,cashback_in,in,19683.6,KZT
45,Диана,Депозит Накопительный,Зарплатный клиент,Караганда,2025-08-16 18:51:49,card_out,out,8116.57,KZT
45,Диана,Депозит Накопительный,Зарплатный клиент,Караганда,2025-08-17 09:17:31,loan_payment_out,out,69312.73,KZT
45,Диана,Депозит Накопительный,Зарплатный клиент,Караганда,2025-08-17 09:48:26,utilities_out,out,24644.04,KZT
45,Диана,Депозит Накопительный,Зарплатный клиент,Караганда,2025-08-17 11:40:49,card_out,out,12756.0,KZT
45,Диана,Депозит Накопительный,Зарплатный клиент,Караганда,2025-08-17 14:55:40,card_out,out,14983.76,KZT
45,Диана,Депозит Накопительный,Зарплатный клиент,Караганда,2025-08-17 21:08:00,card_out,out,8958.07,KZT
45,Диана,Депозит Накопительный,Зарплатный клиент,Караганда,2025-08-18 18:19:03,card_out,out,32329.54,KZT
45,Диана,Депозит Накопительный,Зарплатный клиент,Караганда,2025-08-19 12:51:15,card_out,out,11165.66,KZT
45,Диана,Депозит Накопительный,Зарплатный клиент,Караганда,2025-08-20 08:36:00,p2p_out,out,48576.08,KZT
45,Диана,Депозит Накопительный,Зарплатный клиент,Караганда,2025-08-21 11:43:14,card_out,out,12137.52,KZT
45,Диана,Депозит Накопительный,Зарплатный клиент,Караганда,2025-08-21 12:10:08,p2p_out,out,25390.43,KZT
45,Диана,Депозит Накопительный,Зарплатный клиент,Караганда,2025-08-21 12:32:02,card_out,out,33072.19,KZT
45,Диана,Депозит Накопительный,Зарплатный клиент,Караганда,2025-08-21 14:50:44,card_in,in,22707.45,KZT
45,Диана,Депозит Накопительный,Зарплатный клиент,Караганда,2025-08-22 10:23:18,loan_payment_out,out,45981.11,KZT
45,Диана,Депозит Накопительный,Зарплатный клиент,Караганда,2025-08-22 11:43:40,salary_in,in,421714.55,KZT
45,Диана,Депозит Накопительный,Зарплатный клиент,Караганда,2025-08-22 12:32:23,card_out,out,20503.22,KZT
45,Диана,Депозит Накопительный,Зарплатный клиент,Караганда,2025-08-22 12:51:09,card_out,out,24114.01,KZT
45,Диана,Депозит Накопительный,Зарплатный клиент,Караганда,2025-08-22 14:06:09,card_out,out,19572.28,KZT
45,Диана,Депозит Накопительный,Зарплатный клиент,Караганда,2025-08-22 15:02:50,card_out,out,14453.26,KZT
45,Диана,Депозит Накопительный,Зарплатный клиент,Караганда,2025-08-22 19:00:30,card_out,out,22854.51,KZT
45,Диана,Депозит Накопительный,Зарплатный клиент,Караганда,2025-08-23 11:04:10,p2p_out,out,27482.01,KZT
45,Диана,Депозит Накопительный,Зарплатный клиент,Караганда,2025-08-23 12:35:32,p2p_out,out,18962.85,KZT
45,Диана,Депозит Накопительный,Зарплатный клиент,Караганда,2025-08-23 13:48:59,card_out,out,18305.64,KZT
45,Диана,Депозит Накопительный,Зарплатный клиент,Караганда,2025-08-23 17:44:31,card_out,out,23909.9,KZT
45,Диана,Депозит Накопительный,Зарплатный клиент,Караганда,2025-08-23 18:08:53,card_out,out,20929.57,KZT
45,Диана,Депозит Накопительный,Зарплатный клиент,Караганда,2025-08-24 12:54:55,utilities_out,out,16666.97,KZT
45,Диана,Депозит Накопительный,Зарплатный клиент,Караганда,2025-08-25 11:32:22,atm_withdrawal,out,38125.88,KZT
45,Диана,Депозит Накопительный,Зарплатный клиент,Караганда,2025-08-25 12:47:14,atm_withdrawal,out,56165.64,KZT
45,Диана,Депозит Накопительный,Зарплатный клиент,Караганда,2025-08-25 18:11:16,p2p_out,out,9007.22,KZT
45,Диана,Депозит Накопительный,Зарплатный клиент,Караганда,2025-08-25 19:03:31,utilities_out,out,30545.43,KZT
45,Диана,Депозит Накопительный,Зарплатный клиент,Караганда,2025-08-26 11:47:32,card_out,out,24140.03,KZT
45,Диана,Депозит Накопительный,Зарплатный клиент,Караганда,2025-08-26 20:49:06,deposit_topup_out,out,180299.0,KZT
45,Диана,Депозит Накопительный,Зарплатный клиент,Караганда,2025-08-26 21:00:53,card_in,in,5613.92,KZT
45,Диана,Депозит Накопительный,Зарплатный клиент,Караганда,2025-08-27 15:03:56,card_out,out,15887.73,KZT
45,Диана,Депозит Накопительный,Зарплатный клиент,Караганда,2025-08-28 13:00:41,deposit_topup_out,out,91497.45,KZT
45,Диана,Депозит Накопительный,Зарплатный клиент,Караганда,2025-08-28 19:05:56,card_out,out,114970.65,KZT
45,Диана,Депозит Накопительный,Зарплатный клиент,Караганда,2025-08-28 19:49:30,card_out,out,9599.97,KZT
45,Диана,Депозит Накопительный,Зарплатный клиент,Караганда,2025-08-28 20:34:28,deposit_topup_out,out,150884.2,KZT
45,Диана,Депозит Накопительный,Зарплатный клиент,Караганда,2025-08-29 14:54:32,utilities_out,out,31571.98,KZT
45,Диана,Депозит Накопительный,Зарплатный клиент,Караганда,2025-08-29 15:18:09,card_out,out,15761.13,KZT
45,Диана,Депозит Накопительный,Зарплатный клиент,Караганда,2025-08-29 15:25:19,utilities_out,out,34685.08,KZT
45,Диана,Депозит Накопительный,Зарплатный клиент,Караганда,2025-08-29 15:29:50,p2p_out,out,14622.53,KZT
45,Диана,Депозит Накопительный,Зарплатный клиент,Караганда,2025-08-29 16:47:13,p2p_out,out,41589.21,KZT
45,Диана,Депозит Накопительный,Зарплатный клиент,Караганда,2025-08-29 20:56:13,refund_in,in,4647.22,KZT
45,Диана,Депозит Накопительный,Зарплатный клиент,Караганда,2025-08-30 18:12:57,p2p_out,out,8526.78,KZT
45,Диана,Депозит Накопительный,Зарплатный клиент,Караганда,2025-08-31 10:12:35,card_out,out,25014.26,KZT
45,Диана,Депозит Накопительный,Зарплатный клиент,Караганда,2025-08-31 19:34:02,card_out,out,48825.44,KZT
45,Диана,Депозит Накопительный,Зарплатный клиент,Караганда,2025-08-31 21:31:34,card_out,out,15882.23,KZT
45,Диана,Депозит Накопительный,Зарплатный клиент,Караганда,2025-08-31 21:53:22,card_out,out,7732.91,KZT
