﻿client_code,name,product,status,city,date,category,amount,currency
44,Айнагуль,Депозит Накопительный,Стандартный клиент,Алматы,2025-06-01 09:15:32,Такси,2571.39,KZT
44,Айнагуль,Депозит Накопительный,Стандартный клиент,Алматы,2025-06-01 09:20:53,Играем дома,3868.73,KZT
44,Айнагуль,Депозит Накопительный,Стандартный клиент,Алматы,2025-06-01 12:10:08,Продукты питания,10986.25,KZT
44,Айнагуль,Депозит Накопительный,Стандартный клиент,Алматы,2025-06-01 16:20:26,Смотрим дома,4538.74,KZT
44,Айнагуль,Депозит Накопительный,Стандартный клиент,Алматы,2025-06-01 17:00:27,Кафе и рестораны,5908.32,KZT
44,Айнагуль,Депозит Накопительный,Стандартный клиент,Алматы,2025-06-02 12:10:25,Продукты питания,16468.91,KZT
44,Айнагуль,Депозит Накопительный,Стандартный клиент,Алматы,2025-06-02 17:20:35,Кафе и рестораны,5434.4,KZT
44,Айнагуль,Депозит Накопительный,Стандартный клиент,Алматы,2025-06-02 18:10:44,Смотрим дома,4607.66,KZT
44,Айнагуль,Депозит Накопительный,Стандартный клиент,Алматы,2025-06-03 09:15:19,Такси,5371.64,KZT
44,Айнагуль,Депозит Накопительный,Стандартный клиент,Алматы,2025-06-03 12:30:54,Такси,4954.8,KZT
44,Айнагуль,Депозит Накопительный,Стандартный клиент,Алматы,2025-06-03 15:50:38,Едим дома,4390.87,KZT
44,Айнагуль,Депозит Накопительный,Стандартный клиент,Алматы,2025-06-03 16:00:20,Смотрим дома,5591.27,KZT
44,Айнагуль,Депозит Накопительный,Стандартный клиент,Алматы,2025-06-03 17:30:09,Играем дома,9408.22,KZT
44,Айнагуль,Депозит Накопительный,Стандартный клиент,Алматы,2025-06-03 18:10:24,Едим дома,4182.74,KZT
44,Айнагуль,Депозит Накопительный,Стандартный клиент,Алматы,2025-06-03 19:00:38,Кафе и рестораны,5017.59,KZT
44,Айнагуль,Депозит Накопительный,Стандартный клиент,Алматы,2025-06-03 20:50:38,Кафе и рестораны,3944.48,KZT
44,Айнагуль,Депозит Накопительный,Стандартный клиент,Алматы,2025-06-04 08:10:49,Смотрим дома,7990.88,KZT
44,Айнагуль,Депозит Накопительный,Стандартный клиент,Алматы,2025-06-04 09:15:58,Такси,6428.73,KZT
44,Айнагуль,Депозит Накопительный,Стандартный клиент,Алматы,2025-06-04 12:10:32,Продукты питания,8717.94,KZT
44,Айнагуль,Депозит Накопительный,Стандартный клиент,Алматы,2025-06-04 13:40:25,Кино,4859.45,KZT
44,Айнагуль,Депозит Накопительный,Стандартный клиент,Алматы,2025-06-04 17:10:19,Играем дома,7767.43,KZT
44,Айнагуль,Депозит Накопительный,Стандартный клиент,Алматы,2025-06-04 18:50:54,Едим дома,3833.71,KZT
44,Айнагуль,Депозит Накопительный,Стандартный клиент,Алматы,2025-06-05 11:00:04,Играем дома,4812.61,KZT
44,Айнагуль,Депозит Накопительный,Стандартный клиент,Алматы,2025-06-05 12:10:18,Продукты питания,8755.09,KZT
44,Айнагуль,Депозит Накопительный,Стандартный клиент,Алматы,2025-06-05 18:30:18,АЗС,11681.58,KZT
44,Айнагуль,Депозит Накопительный,Стандартный клиент,Алматы,2025-06-06 08:10:29,Такси,4403.29,KZT
44,Айнагуль,Депозит Накопительный,Стандартный клиент,Алматы,2025-06-06 12:10:45,Продукты питания,12906.36,KZT
44,Айнагуль,Депозит Накопительный,Стандартный клиент,Алматы,2025-06-06 19:00:41,Кафе и рестораны,4397.1,KZT
44,Айнагуль,Депозит Накопительный,Стандартный клиент,Алматы,2025-06-07 09:50:01,Едим дома,7036.12,KZT
44,Айнагуль,Депозит Накопительный,Стандартный клиент,Алматы,2025-06-07 12:10:52,Продукты питания,4966.93,KZT
44,Айнагуль,Депозит Накопительный,Стандартный клиент,Алматы,2025-06-08 08:30:03,Смотрим дома,5902.85,KZT
44,Айнагуль,Депозит Накопительный,Стандартный клиент,Алматы,2025-06-08 12:10:48,Продукты питания,24510.68,KZT
44,Айнагуль,Депозит Накопительный,Стандартный клиент,Алматы,2025-06-08 18:30:25,Кино,4526.75,KZT
44,Айнагуль,Депозит Накопительный,Стандартный клиент,Алматы,2025-06-08 19:00:56,Кафе и рестораны,5884.51,KZT
44,Айнагуль,Депозит Накопительный,Стандартный клиент,Алматы,2025-06-08 19:50:50,Кафе и рестораны,7074.02,KZT
44,Айнагуль,Депозит Накопительный,Стандартный клиент,Алматы,2025-06-09 09:15:39,Такси,3195.17,KZT
44,Айнагуль,Депозит Накопительный,Стандартный клиент,Алматы,2025-06-09 12:10:25,Продукты питания,26774.58,KZT
44,Айнагуль,Депозит Накопительный,Стандартный клиент,Алматы,2025-06-09 16:40:17,Играем дома,5693.71,KZT
44,Айнагуль,Депозит Накопительный,Стандартный клиент,Алматы,2025-06-09 18:10:42,Едим дома,3104.09,KZT
44,Айнагуль,Депозит Накопительный,Стандартный клиент,Алматы,2025-06-11 12:10:33,Продукты питания,19221.3,KZT
44,Айнагуль,Депозит Накопительный,Стандартный клиент,Алматы,2025-06-11 17:00:44,Играем дома,4438.45,KZT
44,Айнагуль,Депозит Накопительный,Стандартный клиент,Алматы,2025-06-11 19:30:39,Смотрим дома,5333.68,KZT
44,Айнагуль,Депозит Накопительный,Стандартный клиент,Алматы,2025-06-12 12:10:54,Продукты питания,8006.26,KZT
44,Айнагуль,Депозит Накопительный,Стандартный клиент,Алматы,2025-06-13 09:15:11,Такси,4462.4,KZT
44,Айнагуль,Депозит Накопительный,Стандартный клиент,Алматы,2025-06-13 10:00:57,Едим дома,4661.98,KZT
44,Айнагуль,Депозит Накопительный,Стандартный клиент,Алматы,2025-06-13 15:00:30,Смотрим дома,11364.28,KZT
44,Айнагуль,Депозит Накопительный,Стандартный клиент,Алматы,2025-06-13 19:00:42,Кафе и рестораны,10976.36,KZT
44,Айнагуль,Депозит Накопительный,Стандартный клиент,Алматы,2025-06-14 12:10:16,Продукты питания,34357.49,KZT
44,Айнагуль,Депозит Накопительный,Стандартный клиент,Алматы,2025-06-14 17:40:56,Кафе и рестораны,4750.06,KZT
44,Айнагуль,Депозит Накопительный,Стандартный клиент,Алматы,2025-06-14 18:30:26,Играем дома,7257.59,KZT
44,Айнагуль,Депозит Накопительный,Стандартный клиент,Алматы,2025-06-14 20:00:46,Кафе и рестораны,5125.6,KZT
44,Айнагуль,Депозит Накопительный,Стандартный клиент,Алматы,2025-06-14 20:10:06,Едим дома,2131.36,KZT
44,Айнагуль,Депозит Накопительный,Стандартный клиент,Алматы,2025-06-15 12:10:09,Продукты питания,9979.77,KZT
44,Айнагуль,Депозит Накопительный,Стандартный клиент,Алматы,2025-06-15 14:20:08,Едим дома,6654.98,KZT
44,Айнагуль,Депозит Накопительный,Стандартный клиент,Алматы,2025-06-15 17:00:13,Кафе и рестораны,3840.84,KZT
44,Айнагуль,Депозит Накопительный,Стандартный клиент,Алматы,2025-06-16 10:10:36,Кино,5284.7,KZT
44,Айнагуль,Депозит Накопительный,Стандартный клиент,Алматы,2025-06-16 12:10:37,Продукты питания,29386.63,KZT
44,Айнагуль,Депозит Накопительный,Стандартный клиент,Алматы,2025-06-16 18:00:34,Смотрим дома,4810.62,KZT
44,Айнагуль,Депозит Накопительный,Стандартный клиент,Алматы,2025-06-17 12:10:12,Продукты питания,27951.83,KZT
44,Айнагуль,Депозит Накопительный,Стандартный клиент,Алматы,2025-06-17 17:30:20,Кино,7647.21,KZT
44,Айнагуль,Депозит Накопительный,Стандартный клиент,Алматы,2025-06-17 20:10:32,Кино,4897.32,KZT
44,Айнагуль,Депозит Накопительный,Стандартный клиент,Алматы,2025-06-17 20:10:38,Играем дома,5367.7,KZT
44,Айнагуль,Депозит Накопительный,Стандартный клиент,Алматы,2025-06-18 09:15:51,Такси,3827.48,KZT
44,Айнагуль,Депозит Накопительный,Стандартный клиент,Алматы,2025-06-18 12:10:18,Продукты питания,12730.82,KZT
44,Айнагуль,Депозит Накопительный,Стандартный клиент,Алматы,2025-06-18 14:00:19,Смотрим дома,6164.92,KZT
44,Айнагуль,Депозит Накопительный,Стандартный клиент,Алматы,2025-06-18 16:10:14,Смотрим дома,3919.73,KZT
44,Айнагуль,Депозит Накопительный,Стандартный клиент,Алматы,2025-06-18 16:20:24,Смотрим дома,5168.23,KZT
44,Айнагуль,Депозит Накопительный,Стандартный клиент,Алматы,2025-06-18 18:30:51,АЗС,10546.74,KZT
44,Айнагуль,Депозит Накопительный,Стандартный клиент,Алматы,2025-06-18 19:00:38,Кафе и рестораны,6259.12,KZT
44,Айнагуль,Депозит Накопительный,Стандартный клиент,Алматы,2025-06-19 08:40:11,Кафе и рестораны,3799.3,KZT
44,Айнагуль,Депозит Накопительный,Стандартный клиент,Алматы,2025-06-19 08:50:34,Кафе и рестораны,5570.69,KZT
44,Айнагуль,Депозит Накопительный,Стандартный клиент,Алматы,2025-06-19 09:15:03,Такси,5386.68,KZT
44,Айнагуль,Депозит Накопительный,Стандартный клиент,Алматы,2025-06-19 19:00:07,Кафе и рестораны,8922.22,KZT
44,Айнагуль,Депозит Накопительный,Стандартный клиент,Алматы,2025-06-20 12:10:11,Продукты питания,16418.06,KZT
44,Айнагуль,Депозит Накопительный,Стандартный клиент,Алматы,2025-06-20 13:10:10,Такси,6508.41,KZT
44,Айнагуль,Депозит Накопительный,Стандартный клиент,Алматы,2025-06-20 13:10:54,Кино,2753.75,KZT
44,Айнагуль,Депозит Накопительный,Стандартный клиент,Алматы,2025-06-22 08:30:16,Едим дома,4138.33,KZT
44,Айнагуль,Депозит Накопительный,Стандартный клиент,Алматы,2025-06-22 12:10:02,Продукты питания,13848.92,KZT
44,Айнагуль,Депозит Накопительный,Стандартный клиент,Алматы,2025-06-23 11:00:15,Смотрим дома,8612.26,KZT
44,Айнагуль,Депозит Накопительный,Стандартный клиент,Алматы,2025-06-23 12:10:04,Продукты питания,13606.7,KZT
44,Айнагуль,Депозит Накопительный,Стандартный клиент,Алматы,2025-06-23 19:00:03,Кафе и рестораны,11330.92,KZT
44,Айнагуль,Депозит Накопительный,Стандартный клиент,Алматы,2025-06-23 21:00:04,Кафе и рестораны,4708.52,KZT
44,Айнагуль,Депозит Накопительный,Стандартный клиент,Алматы,2025-06-24 09:15:10,Такси,5756.75,KZT
44,Айнагуль,Депозит Накопительный,Стандартный клиент,Алматы,2025-06-24 15:50:31,Едим дома,4262.88,KZT
44,Айнагуль,Депозит Накопительный,Стандартный клиент,Алматы,2025-06-26 12:10:39,Продукты питания,7583.95,KZT
44,Айнагуль,Депозит Накопительный,Стандартный клиент,Алматы,2025-06-26 17:40:12,Смотрим дома,4856.19,KZT
44,Айнагуль,Депозит Накопительный,Стандартный клиент,Алматы,2025-06-27 08:10:32,Кафе и рестораны,4665.57,KZT
44,Айнагуль,Депозит Накопительный,Стандартный клиент,Алматы,2025-06-27 10:40:58,Такси,4816.69,KZT
44,Айнагуль,Депозит Накопительный,Стандартный клиент,Алматы,2025-06-27 12:10:55,Продукты питания,10287.06,KZT
44,Айнагуль,Депозит Накопительный,Стандартный клиент,Алматы,2025-06-27 19:20:30,Кафе и рестораны,4530.7,KZT
44,Айнагуль,Депозит Накопительный,Стандартный клиент,Алматы,2025-06-27 20:00:29,Играем дома,7002.36,KZT
44,Айнагуль,Депозит Накопительный,Стандартный клиент,Алматы,2025-06-28 09:15:06,Такси,5995.64,KZT
44,Айнагуль,Депозит Накопительный,Стандартный клиент,Алматы,2025-06-29 08:20:23,Кино,4603.84,KZT
44,Айнагуль,Депозит Накопительный,Стандартный клиент,Алматы,2025-06-29 10:50:09,Кино,6306.43,KZT
44,Айнагуль,Депозит Накопительный,Стандартный клиент,Алматы,2025-06-29 11:00:46,Кафе и рестораны,4838.07,KZT
44,Айнагуль,Депозит Накопительный,Стандартный клиент,Алматы,2025-06-29 12:10:04,Продукты питания,16441.73,KZT
44,Айнагуль,Депозит Накопительный,Стандартный клиент,Алматы,2025-06-30 09:15:40,Такси,4849.74,KZT
44,Айнагуль,Депозит Накопительный,Стандартный клиент,Алматы,2025-06-30 12:10:12,Продукты питания,10737.09,KZT
44,Айнагуль,Депозит Накопительный,Стандартный клиент,Алматы,2025-06-30 14:10:19,Такси,5868.06,KZT
44,Айнагуль,Депозит Накопительный,Стандартный клиент,Алматы,2025-06-30 14:30:35,Такси,5879.81,KZT
44,Айнагуль,Депозит Накопительный,Стандартный клиент,Алматы,2025-07-01 09:15:30,Такси,6829.93,KZT
44,Айнагуль,Депозит Накопительный,Стандартный клиент,Алматы,2025-07-01 12:10:21,Продукты питания,10818.43,KZT
44,Айнагуль,Депозит Накопительный,Стандартный клиент,Алматы,2025-07-01 14:50:36,Кафе и рестораны,6199.22,KZT
44,Айнагуль,Депозит Накопительный,Стандартный клиент,Алматы,2025-07-01 17:10:19,Едим дома,6139.94,KZT
44,Айнагуль,Депозит Накопительный,Стандартный клиент,Алматы,2025-07-05 09:15:57,Такси,3283.9,KZT
44,Айнагуль,Депозит Накопительный,Стандартный клиент,Алматы,2025-07-05 12:10:34,Продукты питания,28215.45,KZT
44,Айнагуль,Депозит Накопительный,Стандартный клиент,Алматы,2025-07-05 16:00:26,Смотрим дома,6543.97,KZT
44,Айнагуль,Депозит Накопительный,Стандартный клиент,Алматы,2025-07-05 17:00:17,Такси,4861.01,KZT
44,Айнагуль,Депозит Накопительный,Стандартный клиент,Алматы,2025-07-05 18:30:27,АЗС,18424.38,KZT
44,Айнагуль,Депозит Накопительный,Стандартный клиент,Алматы,2025-07-05 19:30:21,Кафе и рестораны,4057.08,KZT
44,Айнагуль,Депозит Накопительный,Стандартный клиент,Алматы,2025-07-07 19:00:07,Кафе и рестораны,11847.93,KZT
44,Айнагуль,Депозит Накопительный,Стандартный клиент,Алматы,2025-07-07 20:20:25,Кино,4292.89,KZT
44,Айнагуль,Депозит Накопительный,Стандартный клиент,Алматы,2025-07-07 20:30:33,Кафе и рестораны,5117.21,KZT
44,Айнагуль,Депозит Накопительный,Стандартный клиент,Алматы,2025-07-08 12:10:40,Продукты питания,13906.22,KZT
44,Айнагуль,Депозит Накопительный,Стандартный клиент,Алматы,2025-07-11 08:20:00,Едим дома,6869.03,KZT
44,Айнагуль,Депозит Накопительный,Стандартный клиент,Алматы,2025-07-11 09:15:03,Такси,2893.95,KZT
44,Айнагуль,Депозит Накопительный,Стандартный клиент,Алматы,2025-07-11 09:50:52,Кафе и рестораны,4570.26,KZT
44,Айнагуль,Депозит Накопительный,Стандартный клиент,Алматы,2025-07-11 11:00:08,Кафе и рестораны,3212.14,KZT
44,Айнагуль,Депозит Накопительный,Стандартный клиент,Алматы,2025-07-11 11:40:39,Кино,4527.94,KZT
44,Айнагуль,Депозит Накопительный,Стандартный клиент,Алматы,2025-07-11 14:10:45,Смотрим дома,5221.82,KZT
44,Айнагуль,Депозит Накопительный,Стандартный клиент,Алматы,2025-07-11 15:20:34,Едим дома,6246.93,KZT
44,Айнагуль,Депозит Накопительный,Стандартный клиент,Алматы,2025-07-11 15:40:23,Смотрим дома,3820.71,KZT
44,Айнагуль,Депозит Накопительный,Стандартный клиент,Алматы,2025-07-13 09:15:57,Такси,3535.21,KZT
44,Айнагуль,Депозит Накопительный,Стандартный клиент,Алматы,2025-07-13 21:50:27,Кафе и рестораны,5433.09,KZT
44,Айнагуль,Депозит Накопительный,Стандартный клиент,Алматы,2025-07-14 09:30:40,Такси,6348.19,KZT
44,Айнагуль,Депозит Накопительный,Стандартный клиент,Алматы,2025-07-14 12:10:37,Продукты питания,15300.41,KZT
44,Айнагуль,Депозит Накопительный,Стандартный клиент,Алматы,2025-07-14 16:00:15,Едим дома,5591.65,KZT
44,Айнагуль,Депозит Накопительный,Стандартный клиент,Алматы,2025-07-14 18:10:24,Играем дома,4398.41,KZT
44,Айнагуль,Депозит Накопительный,Стандартный клиент,Алматы,2025-07-14 19:00:53,Кафе и рестораны,9465.93,KZT
44,Айнагуль,Депозит Накопительный,Стандартный клиент,Алматы,2025-07-15 09:15:36,Такси,3441.76,KZT
44,Айнагуль,Депозит Накопительный,Стандартный клиент,Алматы,2025-07-15 10:30:02,Играем дома,5563.67,KZT
44,Айнагуль,Депозит Накопительный,Стандартный клиент,Алматы,2025-07-15 12:10:45,Продукты питания,30105.75,KZT
44,Айнагуль,Депозит Накопительный,Стандартный клиент,Алматы,2025-07-15 13:00:51,Смотрим дома,5073.66,KZT
44,Айнагуль,Депозит Накопительный,Стандартный клиент,Алматы,2025-07-19 08:00:55,Смотрим дома,7312.16,KZT
44,Айнагуль,Депозит Накопительный,Стандартный клиент,Алматы,2025-07-19 10:30:09,Едим дома,6460.31,KZT
44,Айнагуль,Депозит Накопительный,Стандартный клиент,Алматы,2025-07-19 12:10:01,Продукты питания,10405.74,KZT
44,Айнагуль,Депозит Накопительный,Стандартный клиент,Алматы,2025-07-19 15:40:25,Смотрим дома,5357.13,KZT
44,Айнагуль,Депозит Накопительный,Стандартный клиент,Алматы,2025-07-19 19:40:03,Кафе и рестораны,3991.51,KZT
44,Айнагуль,Депозит Накопительный,Стандартный клиент,Алматы,2025-07-19 20:40:38,Едим дома,2801.3,KZT
44,Айнагуль,Депозит Накопительный,Стандартный клиент,Алматы,2025-07-19 20:40:40,Едим дома,5165.76,KZT
44,Айнагуль,Депозит Накопительный,Стандартный клиент,Алматы,2025-07-20 12:10:35,Продукты питания,11462.17,KZT
44,Айнагуль,Депозит Накопительный,Стандартный клиент,Алматы,2025-07-20 19:00:44,Кафе и рестораны,6724.27,KZT
44,Айнагуль,Депозит Накопительный,Стандартный клиент,Алматы,2025-07-20 19:40:34,Кафе и рестораны,5200.17,KZT
44,Айнагуль,Депозит Накопительный,Стандартный клиент,Алматы,2025-07-21 12:00:40,Кафе и рестораны,7362.38,KZT
44,Айнагуль,Депозит Накопительный,Стандартный клиент,Алматы,2025-07-21 12:10:39,Продукты питания,15468.51,KZT
44,Айнагуль,Депозит Накопительный,Стандартный клиент,Алматы,2025-07-21 15:30:09,Кафе и рестораны,6898.01,KZT
44,Айнагуль,Депозит Накопительный,Стандартный клиент,Алматы,2025-07-21 16:00:05,Такси,3161.42,KZT
44,Айнагуль,Депозит Накопительный,Стандартный клиент,Алматы,2025-07-21 18:30:22,АЗС,14809.17,KZT
44,Айнагуль,Депозит Накопительный,Стандартный клиент,Алматы,2025-07-22 12:10:41,Продукты питания,8788.9,KZT
44,Айнагуль,Депозит Накопительный,Стандартный клиент,Алматы,2025-07-22 16:50:08,Такси,3678.56,KZT
44,Айнагуль,Депозит Накопительный,Стандартный клиент,Алматы,2025-07-22 19:00:28,Кафе и рестораны,6039.88,KZT
44,Айнагуль,Депозит Накопительный,Стандартный клиент,Алматы,2025-07-22 19:30:33,Кафе и рестораны,7377.8,KZT
44,Айнагуль,Депозит Накопительный,Стандартный клиент,Алматы,2025-07-22 21:50:44,Кафе и рестораны,5120.01,KZT
44,Айнагуль,Депозит Накопительный,Стандартный клиент,Алматы,2025-07-23 09:15:54,Такси,3652.37,KZT
44,Айнагуль,Депозит Накопительный,Стандартный клиент,Алматы,2025-07-23 12:20:17,Смотрим дома,2531.87,KZT
44,Айнагуль,Депозит Накопительный,Стандартный клиент,Алматы,2025-07-23 15:40:52,Кино,4497.16,KZT
44,Айнагуль,Депозит Накопительный,Стандартный клиент,Алматы,2025-07-23 20:40:26,Кафе и рестораны,3424.63,KZT
44,Айнагуль,Депозит Накопительный,Стандартный клиент,Алматы,2025-07-23 21:10:17,Играем дома,6217.65,KZT
44,Айнагуль,Депозит Накопительный,Стандартный клиент,Алматы,2025-07-24 12:10:41,Продукты питания,8949.96,KZT
44,Айнагуль,Депозит Накопительный,Стандартный клиент,Алматы,2025-07-24 19:40:24,Кафе и рестораны,3041.23,KZT
44,Айнагуль,Депозит Накопительный,Стандартный клиент,Алматы,2025-07-25 08:00:58,Кафе и рестораны,3209.59,KZT
44,Айнагуль,Депозит Накопительный,Стандартный клиент,Алматы,2025-07-25 09:15:57,Такси,6711.02,KZT
44,Айнагуль,Депозит Накопительный,Стандартный клиент,Алматы,2025-07-25 10:50:00,Такси,8020.32,KZT
44,Айнагуль,Депозит Накопительный,Стандартный клиент,Алматы,2025-07-25 16:20:02,Едим дома,5853.31,KZT
44,Айнагуль,Депозит Накопительный,Стандартный клиент,Алматы,2025-07-25 19:00:12,Кафе и рестораны,14526.85,KZT
44,Айнагуль,Депозит Накопительный,Стандартный клиент,Алматы,2025-07-26 09:15:40,Такси,3670.94,KZT
44,Айнагуль,Депозит Накопительный,Стандартный клиент,Алматы,2025-07-26 10:30:23,Играем дома,6532.96,KZT
44,Айнагуль,Депозит Накопительный,Стандартный клиент,Алматы,2025-07-26 12:10:28,Продукты питания,19351.77,KZT
44,Айнагуль,Депозит Накопительный,Стандартный клиент,Алматы,2025-07-26 14:00:43,Смотрим дома,5880.39,KZT
44,Айнагуль,Депозит Накопительный,Стандартный клиент,Алматы,2025-07-26 14:50:00,Такси,5631.5,KZT
44,Айнагуль,Депозит Накопительный,Стандартный клиент,Алматы,2025-07-26 14:50:26,Едим дома,6859.26,KZT
44,Айнагуль,Депозит Накопительный,Стандартный клиент,Алматы,2025-07-26 18:30:01,Смотрим дома,3713.33,KZT
44,Айнагуль,Депозит Накопительный,Стандартный клиент,Алматы,2025-07-26 21:30:32,Такси,6462.2,KZT
44,Айнагуль,Депозит Накопительный,Стандартный клиент,Алматы,2025-07-27 10:50:20,Кафе и рестораны,3334.21,KZT
44,Айнагуль,Депозит Накопительный,Стандартный клиент,Алматы,2025-07-27 12:10:15,Продукты питания,23897.31,KZT
44,Айнагуль,Депозит Накопительный,Стандартный клиент,Алматы,2025-07-27 15:00:04,Играем дома,5031.34,KZT
44,Айнагуль,Депозит Накопительный,Стандартный клиент,Алматы,2025-07-27 16:30:22,Едим дома,4698.49,KZT
44,Айнагуль,Депозит Накопительный,Стандартный клиент,Алматы,2025-07-27 19:00:18,Кафе и рестораны,4556.51,KZT
44,Айнагуль,Депозит Накопительный,Стандартный клиент,Алматы,2025-07-27 20:10:53,Такси,5671.1,KZT
44,Айнагуль,Депозит Накопительный,Стандартный клиент,Алматы,2025-07-27 21:50:48,Кафе и рестораны,4589.86,KZT
44,Айнагуль,Депозит Накопительный,Стандартный клиент,Алматы,2025-07-28 09:15:59,Такси,3618.49,KZT
44,Айнагуль,Депозит Накопительный,Стандартный клиент,Алматы,2025-07-28 09:30:20,Кино,4034.43,KZT
44,Айнагуль,Депозит Накопительный,Стандартный клиент,Алматы,2025-07-28 11:30:02,Кино,4471.38,KZT
44,Айнагуль,Депозит Накопительный,Стандартный клиент,Алматы,2025-07-28 15:30:41,Кино,2571.02,KZT
44,Айнагуль,Депозит Накопительный,Стандартный клиент,Алматы,2025-07-28 17:50:44,Такси,4104.73,KZT
44,Айнагуль,Депозит Накопительный,Стандартный клиент,Алматы,2025-07-28 18:50:19,Едим дома,7023.98,KZT
44,Айнагуль,Депозит Накопительный,Стандартный клиент,Алматы,2025-07-29 12:10:09,Продукты питания,9978.72,KZT
44,Айнагуль,Депозит Накопительный,Стандартный клиент,Алматы,2025-07-29 13:00:40,Смотрим дома,4070.21,KZT
44,Айнагуль,Депозит Накопительный,Стандартный клиент,Алматы,2025-07-29 13:30:38,Такси,3635.43,KZT
44,Айнагуль,Депозит Накопительный,Стандартный клиент,Алматы,2025-07-29 15:20:12,Играем дома,4647.47,KZT
44,Айнагуль,Депозит Накопительный,Стандартный клиент,Алматы,2025-07-29 19:00:15,Кафе и рестораны,8013.54,KZT
44,Айнагуль,Депозит Накопительный,Стандартный клиент,Алматы,2025-07-30 10:30:33,Такси,5436.9,KZT
44,Айнагуль,Депозит Накопительный,Стандартный клиент,Алматы,2025-07-30 11:00:47,Кино,3966.87,KZT
44,Айнагуль,Депозит Накопительный,Стандартный клиент,Алматы,2025-07-30 11:10:19,Играем дома,4518.58,KZT
44,Айнагуль,Депозит Накопительный,Стандартный клиент,Алматы,2025-07-30 12:10:57,Продукты питания,16965.24,KZT
44,Айнагуль,Депозит Накопительный,Стандартный клиент,Алматы,2025-07-30 14:40:54,Такси,7083.49,KZT
44,Айнагуль,Депозит Накопительный,Стандартный клиент,Алматы,2025-07-31 12:10:54,Продукты питания,5377.15,KZT
44,Айнагуль,Депозит Накопительный,Стандартный клиент,Алматы,2025-07-31 14:00:23,Играем дома,6281.47,KZT
44,Айнагуль,Депозит Накопительный,Стандартный клиент,Алматы,2025-07-31 19:00:53,Кафе и рестораны,12842.3,KZT
44,Айнагуль,Депозит Накопительный,Стандартный клиент,Алматы,2025-07-31 20:00:45,Смотрим дома,4030.95,KZT
44,Айнагуль,Депозит Накопительный,Стандартный клиент,Алматы,2025-08-01 11:00:25,Такси,12000.0,KZT
44,Айнагуль,Депозит Накопительный,Стандартный клиент,Алматы,2025-08-01 18:40:53,Кафе и рестораны,6622.31,KZT
44,Айнагуль,Депозит Накопительный,Стандартный клиент,Алматы,2025-08-01 19:00:51,Кафе и рестораны,4730.47,KZT
44,Айнагуль,Депозит Накопительный,Стандартный клиент,Алматы,2025-08-02 12:10:02,Продукты питания,16333.64,KZT
44,Айнагуль,Депозит Накопительный,Стандартный клиент,Алматы,2025-08-02 14:30:32,Играем дома,6420.04,KZT
44,Айнагуль,Депозит Накопительный,Стандартный клиент,Алматы,2025-08-02 19:00:07,Кафе и рестораны,4861.9,KZT
44,Айнагуль,Депозит Накопительный,Стандартный клиент,Алматы,2025-08-03 09:15:10,Такси,2452.17,KZT
44,Айнагуль,Депозит Накопительный,Стандартный клиент,Алматы,2025-08-03 12:10:55,Продукты питания,12298.84,KZT
44,Айнагуль,Депозит Накопительный,Стандартный клиент,Алматы,2025-08-03 14:00:39,Такси,4809.94,KZT
44,Айнагуль,Депозит Накопительный,Стандартный клиент,Алматы,2025-08-03 19:00:36,Кино,5793.51,KZT
44,Айнагуль,Депозит Накопительный,Стандартный клиент,Алматы,2025-08-03 21:20:29,Играем дома,3986.12,KZT
44,Айнагуль,Депозит Накопительный,Стандартный клиент,Алматы,2025-08-04 12:00:06,Играем дома,4914.11,KZT
44,Айнагуль,Депозит Накопительный,Стандартный клиент,Алматы,2025-08-04 12:10:12,Продукты питания,12323.5,KZT
44,Айнагуль,Депозит Накопительный,Стандартный клиент,Алматы,2025-08-04 16:20:53,Кафе и рестораны,3558.7,KZT
44,Айнагуль,Депозит Накопительный,Стандартный клиент,Алматы,2025-08-04 17:00:45,Такси,5298.52,KZT
44,Айнагуль,Депозит Накопительный,Стандартный клиент,Алматы,2025-08-05 12:10:16,Продукты питания,19858.2,KZT
44,Айнагуль,Депозит Накопительный,Стандартный клиент,Алматы,2025-08-05 14:20:18,Кино,7509.71,KZT
44,Айнагуль,Депозит Накопительный,Стандартный клиент,Алматы,2025-08-05 19:10:03,Кафе и рестораны,2093.71,KZT
44,Айнагуль,Депозит Накопительный,Стандартный клиент,Алматы,2025-08-05 20:00:06,Такси,3178.38,KZT
44,Айнагуль,Депозит Накопительный,Стандартный клиент,Алматы,2025-08-06 09:15:36,Такси,2654.56,KZT
44,Айнагуль,Депозит Накопительный,Стандартный клиент,Алматы,2025-08-07 08:10:13,Кафе и рестораны,5990.61,KZT
44,Айнагуль,Депозит Накопительный,Стандартный клиент,Алматы,2025-08-07 12:10:33,Продукты питания,13724.31,KZT
44,Айнагуль,Депозит Накопительный,Стандартный клиент,Алматы,2025-08-07 12:20:08,Кафе и рестораны,3900.6,KZT
44,Айнагуль,Депозит Накопительный,Стандартный клиент,Алматы,2025-08-07 12:50:28,Такси,5065.2,KZT
44,Айнагуль,Депозит Накопительный,Стандартный клиент,Алматы,2025-08-07 13:00:54,Играем дома,8181.97,KZT
44,Айнагуль,Депозит Накопительный,Стандартный клиент,Алматы,2025-08-07 17:40:26,Едим дома,8156.91,KZT
44,Айнагуль,Депозит Накопительный,Стандартный клиент,Алматы,2025-08-07 19:00:57,Кафе и рестораны,12558.0,KZT
44,Айнагуль,Депозит Накопительный,Стандартный клиент,Алматы,2025-08-08 12:10:00,Продукты питания,13906.13,KZT
44,Айнагуль,Депозит Накопительный,Стандартный клиент,Алматы,2025-08-08 13:50:23,Кафе и рестораны,4373.33,KZT
44,Айнагуль,Депозит Накопительный,Стандартный клиент,Алматы,2025-08-08 19:00:16,Кафе и рестораны,11237.07,KZT
44,Айнагуль,Депозит Накопительный,Стандартный клиент,Алматы,2025-08-09 09:15:41,Такси,5100.25,KZT
44,Айнагуль,Депозит Накопительный,Стандартный клиент,Алматы,2025-08-09 10:40:41,Кино,7234.73,KZT
44,Айнагуль,Депозит Накопительный,Стандартный клиент,Алматы,2025-08-09 19:00:22,Кафе и рестораны,6183.16,KZT
44,Айнагуль,Депозит Накопительный,Стандартный клиент,Алматы,2025-08-09 20:50:53,Кино,8031.65,KZT
44,Айнагуль,Депозит Накопительный,Стандартный клиент,Алматы,2025-08-10 09:20:57,Кино,3329.07,KZT
44,Айнагуль,Депозит Накопительный,Стандартный клиент,Алматы,2025-08-10 11:30:03,Кино,3711.62,KZT
44,Айнагуль,Депозит Накопительный,Стандартный клиент,Алматы,2025-08-10 11:40:52,Играем дома,5161.07,KZT
44,Айнагуль,Депозит Накопительный,Стандартный клиент,Алматы,2025-08-10 16:30:10,Играем дома,4604.06,KZT
44,Айнагуль,Депозит Накопительный,Стандартный клиент,Алматы,2025-08-10 19:00:56,Кафе и рестораны,14424.6,KZT
44,Айнагуль,Депозит Накопительный,Стандартный клиент,Алматы,2025-08-11 12:10:05,Такси,4855.58,KZT
44,Айнагуль,Депозит Накопительный,Стандартный клиент,Алматы,2025-08-11 12:10:34,Продукты питания,9389.65,KZT
44,Айнагуль,Депозит Накопительный,Стандартный клиент,Алматы,2025-08-11 19:00:10,Кафе и рестораны,9550.08,KZT
44,Айнагуль,Депозит Накопительный,Стандартный клиент,Алматы,2025-08-11 20:00:04,Смотрим дома,3596.07,KZT
44,Айнагуль,Депозит Накопительный,Стандартный клиент,Алматы,2025-08-12 11:40:17,Играем дома,9033.69,KZT
44,Айнагуль,Депозит Накопительный,Стандартный клиент,Алматы,2025-08-12 12:10:28,Продукты питания,10600.81,KZT
44,Айнагуль,Депозит Накопительный,Стандартный клиент,Алматы,2025-08-12 12:50:55,Смотрим дома,3000.73,KZT
44,Айнагуль,Депозит Накопительный,Стандартный клиент,Алматы,2025-08-13 09:15:45,Такси,3254.98,KZT
44,Айнагуль,Депозит Накопительный,Стандартный клиент,Алматы,2025-08-13 15:20:08,Кафе и рестораны,5478.79,KZT
44,Айнагуль,Депозит Накопительный,Стандартный клиент,Алматы,2025-08-14 12:10:01,Продукты питания,17587.63,KZT
44,Айнагуль,Депозит Накопительный,Стандартный клиент,Алматы,2025-08-14 12:50:43,Кино,4514.4,KZT
44,Айнагуль,Депозит Накопительный,Стандартный клиент,Алматы,2025-08-14 17:00:37,Кино,3379.39,KZT
44,Айнагуль,Депозит Накопительный,Стандартный клиент,Алматы,2025-08-15 12:10:40,Продукты питания,14559.69,KZT
44,Айнагуль,Депозит Накопительный,Стандартный клиент,Алматы,2025-08-16 12:10:43,Продукты питания,11179.79,KZT
44,Айнагуль,Депозит Накопительный,Стандартный клиент,Алматы,2025-08-16 19:40:46,Играем дома,3722.86,KZT
44,Айнагуль,Депозит Накопительный,Стандартный клиент,Алматы,2025-08-18 12:10:07,Продукты питания,15844.75,KZT
44,Айнагуль,Депозит Накопительный,Стандартный клиент,Алматы,2025-08-18 12:10:52,Играем дома,4524.82,KZT
44,Айнагуль,Депозит Накопительный,Стандартный клиент,Алматы,2025-08-18 14:10:35,Едим дома,8513.97,KZT
44,Айнагуль,Депозит Накопительный,Стандартный клиент,Алматы,2025-08-19 08:50:26,Кино,6605.12,KZT
44,Айнагуль,Депозит Накопительный,Стандартный клиент,Алматы,2025-08-19 11:20:49,Едим дома,4817.34,KZT
44,Айнагуль,Депозит Накопительный,Стандартный клиент,Алматы,2025-08-19 12:10:37,Продукты питания,14243.87,KZT
44,Айнагуль,Депозит Накопительный,Стандартный клиент,Алматы,2025-08-19 13:00:47,Играем дома,2864.79,KZT
44,Айнагуль,Депозит Накопительный,Стандартный клиент,Алматы,2025-08-19 13:20:00,Едим дома,4721.55,KZT
44,Айнагуль,Депозит Накопительный,Стандартный клиент,Алматы,2025-08-19 16:40:39,Такси,5887.8,KZT
44,Айнагуль,Депозит Накопительный,Стандартный клиент,Алматы,2025-08-20 09:15:17,Такси,4244.9,KZT
44,Айнагуль,Депозит Накопительный,Стандартный клиент,Алматы,2025-08-20 12:10:17,Продукты питания,8081.87,KZT
44,Айнагуль,Депозит Накопительный,Стандартный клиент,Алматы,2025-08-20 12:40:39,Едим дома,6669.43,KZT
44,Айнагуль,Депозит Накопительный,Стандартный клиент,Алматы,2025-08-20 17:40:08,Кафе и рестораны,7404.61,KZT
44,Айнагуль,Депозит Накопительный,Стандартный клиент,Алматы,2025-08-20 18:30:58,Кино,4309.43,KZT
44,Айнагуль,Депозит Накопительный,Стандартный клиент,Алматы,2025-08-20 19:00:44,Кафе и рестораны,7163.27,KZT
44,Айнагуль,Депозит Накопительный,Стандартный клиент,Алматы,2025-08-21 09:15:20,Такси,3208.33,KZT
44,Айнагуль,Депозит Накопительный,Стандартный клиент,Алматы,2025-08-21 12:10:06,Продукты питания,13393.65,KZT
44,Айнагуль,Депозит Накопительный,Стандартный клиент,Алматы,2025-08-21 17:10:04,Играем дома,5456.86,KZT
44,Айнагуль,Депозит Накопительный,Стандартный клиент,Алматы,2025-08-21 19:00:35,Кафе и рестораны,14267.06,KZT
44,Айнагуль,Депозит Накопительный,Стандартный клиент,Алматы,2025-08-22 12:10:50,Продукты питания,19621.84,KZT
44,Айнагуль,Депозит Накопительный,Стандартный клиент,Алматы,2025-08-22 18:40:44,Смотрим дома,4457.07,KZT
44,Айнагуль,Депозит Накопительный,Стандартный клиент,Алматы,2025-08-22 19:00:16,Кафе и рестораны,2838.04,KZT
44,Айнагуль,Депозит Накопительный,Стандартный клиент,Алматы,2025-08-24 09:15:19,Такси,4948.19,KZT
44,Айнагуль,Депозит Накопительный,Стандартный клиент,Алматы,2025-08-24 19:00:31,Кафе и рестораны,5405.17,KZT
44,Айнагуль,Депозит Накопительный,Стандартный клиент,Алматы,2025-08-25 12:10:16,Продукты питания,16342.8,KZT
44,Айнагуль,Депозит Накопительный,Стандартный клиент,Алматы,2025-08-25 13:20:44,Играем дома,6314.05,KZT
44,Айнагуль,Депозит Накопительный,Стандартный клиент,Алматы,2025-08-25 18:30:08,АЗС,16711.97,KZT
44,Айнагуль,Депозит Накопительный,Стандартный клиент,Алматы,2025-08-25 19:00:01,Кафе и рестораны,6311.66,KZT
44,Айнагуль,Депозит Накопительный,Стандартный клиент,Алматы,2025-08-25 21:10:31,Играем дома,5343.7,KZT
44,Айнагуль,Депозит Накопительный,Стандартный клиент,Алматы,2025-08-27 12:10:13,Продукты питания,9857.03,KZT
44,Айнагуль,Депозит Накопительный,Стандартный клиент,Алматы,2025-08-27 16:40:15,Играем дома,4348.59,KZT
44,Айнагуль,Депозит Накопительный,Стандартный клиент,Алматы,2025-08-27 21:30:46,Кино,3251.33,KZT
44,Айнагуль,Депозит Накопительный,Стандартный клиент,Алматы,2025-08-28 08:50:26,Кино,5776.75,KZT
44,Айнагуль,Депозит Накопительный,Стандартный клиент,Алматы,2025-08-28 09:15:42,Такси,2944.69,KZT
44,Айнагуль,Депозит Накопительный,Стандартный клиент,Алматы,2025-08-28 14:30:12,Смотрим дома,3641.67,KZT
44,Айнагуль,Депозит Накопительный,Стандартный клиент,Алматы,2025-08-28 19:00:17,Кафе и рестораны,11029.93,KZT
44,Айнагуль,Депозит Накопительный,Стандартный клиент,Алматы,2025-08-29 10:00:49,Кафе и рестораны,3539.56,KZT
44,Айнагуль,Депозит Накопительный,Стандартный клиент,Алматы,2025-08-29 14:20:18,Едим дома,4735.03,KZT
44,Айнагуль,Депозит Накопительный,Стандартный клиент,Алматы,2025-08-29 14:20:52,Играем дома,6348.8,KZT
44,Айнагуль,Депозит Накопительный,Стандартный клиент,Алматы,2025-08-29 19:00:40,Кафе и рестораны,13553.87,KZT
44,Айнагуль,Депозит Накопительный,Стандартный клиент,Алматы,2025-08-30 12:10:30,Продукты питания,10060.12,KZT
44,Айнагуль,Депозит Накопительный,Стандартный клиент,Алматы,2025-08-30 19:00:12,Кафе и рестораны,6150.66,KZT
44,Айнагуль,Депозит Накопительный,Стандартный клиент,Алматы,2025-08-31 09:15:23,Такси,3821.2,KZT
44,Айнагуль,Депозит Накопительный,Стандартный клиент,Алматы,2025-08-31 13:20:57,Кино,3996.15,KZT
44,Айнагуль,Депозит Накопительный,Стандартный клиент,Алматы,2025-08-31 15:40:42,Кино,6835.68,KZT
44,Айнагуль,Депозит Накопительный,Стандартный клиент,Алматы,2025-08-31 20:20:25,Едим дома,4233.47,KZT
