﻿client_code,name,product,status,city,date,category,amount,currency
18,Санжар,Кредитная карта,обычный,Кызылорда,2025-06-01 08:50:42,Едим дома,3324.72,KZT
18,Санжар,Кредитная карта,обычный,Кызылорда,2025-06-01 09:15:02,Такси,5270.23,KZT
18,Санжар,Кредитная карта,обычный,Кызылорда,2025-06-01 12:10:30,Продукты питания,17723.78,KZT
18,Санжар,Кредитная карта,обычный,Кызылорда,2025-06-01 16:30:36,Едим дома,3117.95,KZT
18,Санжар,Кредитная карта,обычный,Кызылорда,2025-06-01 17:10:04,Такси,5697.59,KZT
18,Санжар,Кредитная карта,обычный,Кызылорда,2025-06-02 12:10:19,Продукты питания,22403.17,KZT
18,Санжар,Кредитная карта,обычный,Кызылорда,2025-06-02 18:00:30,Смотрим дома,4188.62,KZT
18,Санжар,Кредитная карта,обычный,Кызылорда,2025-06-02 21:30:01,Смотрим дома,2623.47,KZT
18,Санжар,Кредитная карта,обычный,Кызылорда,2025-06-03 13:15:49,Едим дома,6344.09,KZT
18,Санжар,Кредитная карта,обычный,Кызылорда,2025-06-03 19:00:20,Кафе и рестораны,7293.2,KZT
18,Санжар,Кредитная карта,обычный,Кызылорда,2025-06-03 19:20:31,Едим дома,4182.65,KZT
18,Санжар,Кредитная карта,обычный,Кызылорда,2025-06-03 20:10:51,Играем дома,3223.19,KZT
18,Санжар,Кредитная карта,обычный,Кызылорда,2025-06-03 20:40:59,Едим дома,5402.74,KZT
18,Санжар,Кредитная карта,обычный,Кызылорда,2025-06-03 21:30:10,Смотрим дома,1945.0,KZT
18,Санжар,Кредитная карта,обычный,Кызылорда,2025-06-03 21:50:31,Такси,3379.35,KZT
18,Санжар,Кредитная карта,обычный,Кызылорда,2025-06-04 13:15:51,Едим дома,4907.79,KZT
18,Санжар,Кредитная карта,обычный,Кызылорда,2025-06-04 19:00:48,Кафе и рестораны,6728.92,KZT
18,Санжар,Кредитная карта,обычный,Кызылорда,2025-06-04 21:30:26,Смотрим дома,1809.93,KZT
18,Санжар,Кредитная карта,обычный,Кызылорда,2025-06-09 12:30:23,Играем дома,5208.16,KZT
18,Санжар,Кредитная карта,обычный,Кызылорда,2025-06-09 16:40:30,Такси,2714.76,KZT
18,Санжар,Кредитная карта,обычный,Кызылорда,2025-06-09 19:00:24,Кафе и рестораны,16864.78,KZT
18,Санжар,Кредитная карта,обычный,Кызылорда,2025-06-09 20:10:23,Играем дома,1120.39,KZT
18,Санжар,Кредитная карта,обычный,Кызылорда,2025-06-10 09:15:21,Такси,5923.8,KZT
18,Санжар,Кредитная карта,обычный,Кызылорда,2025-06-10 12:10:51,Продукты питания,29353.05,KZT
18,Санжар,Кредитная карта,обычный,Кызылорда,2025-06-10 19:40:34,Такси,6871.22,KZT
18,Санжар,Кредитная карта,обычный,Кызылорда,2025-06-11 15:10:58,Играем дома,6829.82,KZT
18,Санжар,Кредитная карта,обычный,Кызылорда,2025-06-11 17:30:48,Кино,5885.13,KZT
18,Санжар,Кредитная карта,обычный,Кызылорда,2025-06-11 18:30:18,АЗС,44953.39,KZT
18,Санжар,Кредитная карта,обычный,Кызылорда,2025-06-12 12:10:11,Продукты питания,20176.16,KZT
18,Санжар,Кредитная карта,обычный,Кызылорда,2025-06-13 12:10:45,Продукты питания,11834.66,KZT
18,Санжар,Кредитная карта,обычный,Кызылорда,2025-06-13 13:15:52,Едим дома,5052.58,KZT
18,Санжар,Кредитная карта,обычный,Кызылорда,2025-06-13 13:30:11,Кафе и рестораны,3863.02,KZT
18,Санжар,Кредитная карта,обычный,Кызылорда,2025-06-13 20:10:09,Играем дома,4936.13,KZT
18,Санжар,Кредитная карта,обычный,Кызылорда,2025-06-15 11:00:10,Кино,3849.15,KZT
18,Санжар,Кредитная карта,обычный,Кызылорда,2025-06-15 13:15:13,Едим дома,6336.7,KZT
18,Санжар,Кредитная карта,обычный,Кызылорда,2025-06-15 20:10:30,Играем дома,2890.1,KZT
18,Санжар,Кредитная карта,обычный,Кызылорда,2025-06-15 21:30:38,Смотрим дома,1548.47,KZT
18,Санжар,Кредитная карта,обычный,Кызылорда,2025-06-16 11:40:50,Кино,5958.18,KZT
18,Санжар,Кредитная карта,обычный,Кызылорда,2025-06-16 12:10:48,Продукты питания,11762.89,KZT
18,Санжар,Кредитная карта,обычный,Кызылорда,2025-06-16 13:15:57,Едим дома,6905.23,KZT
18,Санжар,Кредитная карта,обычный,Кызылорда,2025-06-16 21:30:20,Смотрим дома,1976.03,KZT
18,Санжар,Кредитная карта,обычный,Кызылорда,2025-06-17 11:00:41,Кино,4392.83,KZT
18,Санжар,Кредитная карта,обычный,Кызылорда,2025-06-17 12:10:36,Продукты питания,24908.3,KZT
18,Санжар,Кредитная карта,обычный,Кызылорда,2025-06-17 13:15:08,Едим дома,8648.6,KZT
18,Санжар,Кредитная карта,обычный,Кызылорда,2025-06-17 13:40:22,Едим дома,5945.92,KZT
18,Санжар,Кредитная карта,обычный,Кызылорда,2025-06-17 16:50:13,Кафе и рестораны,4039.5,KZT
18,Санжар,Кредитная карта,обычный,Кызылорда,2025-06-18 11:20:29,Едим дома,4940.11,KZT
18,Санжар,Кредитная карта,обычный,Кызылорда,2025-06-18 12:10:28,Продукты питания,10001.11,KZT
18,Санжар,Кредитная карта,обычный,Кызылорда,2025-06-18 13:15:35,Едим дома,3489.19,KZT
18,Санжар,Кредитная карта,обычный,Кызылорда,2025-06-18 19:10:55,Кино,3642.6,KZT
18,Санжар,Кредитная карта,обычный,Кызылорда,2025-06-19 08:20:48,Кафе и рестораны,9001.75,KZT
18,Санжар,Кредитная карта,обычный,Кызылорда,2025-06-19 09:30:07,Кино,4136.7,KZT
18,Санжар,Кредитная карта,обычный,Кызылорда,2025-06-19 16:40:36,Едим дома,4731.06,KZT
18,Санжар,Кредитная карта,обычный,Кызылорда,2025-06-19 20:10:42,Играем дома,8952.82,KZT
18,Санжар,Кредитная карта,обычный,Кызылорда,2025-06-19 21:30:38,Смотрим дома,1182.81,KZT
18,Санжар,Кредитная карта,обычный,Кызылорда,2025-06-20 09:20:53,Смотрим дома,4223.55,KZT
18,Санжар,Кредитная карта,обычный,Кызылорда,2025-06-20 12:10:17,Продукты питания,35285.27,KZT
18,Санжар,Кредитная карта,обычный,Кызылорда,2025-06-20 13:15:54,Едим дома,6307.1,KZT
18,Санжар,Кредитная карта,обычный,Кызылорда,2025-06-20 21:30:28,Смотрим дома,1649.38,KZT
18,Санжар,Кредитная карта,обычный,Кызылорда,2025-06-21 08:10:16,Смотрим дома,5672.46,KZT
18,Санжар,Кредитная карта,обычный,Кызылорда,2025-06-21 12:10:43,Продукты питания,12615.68,KZT
18,Санжар,Кредитная карта,обычный,Кызылорда,2025-06-21 15:10:30,Едим дома,3681.38,KZT
18,Санжар,Кредитная карта,обычный,Кызылорда,2025-06-21 17:30:59,Едим дома,5765.83,KZT
18,Санжар,Кредитная карта,обычный,Кызылорда,2025-06-21 19:00:39,Кафе и рестораны,11479.45,KZT
18,Санжар,Кредитная карта,обычный,Кызылорда,2025-06-22 09:15:28,Такси,4160.46,KZT
18,Санжар,Кредитная карта,обычный,Кызылорда,2025-06-22 11:00:13,Кино,5488.81,KZT
18,Санжар,Кредитная карта,обычный,Кызылорда,2025-06-22 12:10:18,Продукты питания,17401.69,KZT
18,Санжар,Кредитная карта,обычный,Кызылорда,2025-06-22 13:15:38,Едим дома,1807.9,KZT
18,Санжар,Кредитная карта,обычный,Кызылорда,2025-06-22 19:00:12,Кафе и рестораны,6145.72,KZT
18,Санжар,Кредитная карта,обычный,Кызылорда,2025-06-23 09:15:41,Такси,11967.74,KZT
18,Санжар,Кредитная карта,обычный,Кызылорда,2025-06-23 18:00:48,Кино,3088.86,KZT
18,Санжар,Кредитная карта,обычный,Кызылорда,2025-06-23 19:00:11,Кафе и рестораны,5432.68,KZT
18,Санжар,Кредитная карта,обычный,Кызылорда,2025-06-23 21:30:31,Смотрим дома,1326.76,KZT
18,Санжар,Кредитная карта,обычный,Кызылорда,2025-06-24 12:10:27,Продукты питания,9632.61,KZT
18,Санжар,Кредитная карта,обычный,Кызылорда,2025-06-25 09:15:20,Такси,3017.81,KZT
18,Санжар,Кредитная карта,обычный,Кызылорда,2025-06-25 11:40:11,Играем дома,5575.49,KZT
18,Санжар,Кредитная карта,обычный,Кызылорда,2025-06-25 12:10:41,Продукты питания,11606.1,KZT
18,Санжар,Кредитная карта,обычный,Кызылорда,2025-06-25 13:15:21,Едим дома,4213.72,KZT
18,Санжар,Кредитная карта,обычный,Кызылорда,2025-06-25 15:40:57,Едим дома,8416.68,KZT
18,Санжар,Кредитная карта,обычный,Кызылорда,2025-06-25 18:30:14,АЗС,29290.63,KZT
18,Санжар,Кредитная карта,обычный,Кызылорда,2025-06-25 19:00:34,Кафе и рестораны,3686.2,KZT
18,Санжар,Кредитная карта,обычный,Кызылорда,2025-06-25 21:10:25,Смотрим дома,7111.26,KZT
18,Санжар,Кредитная карта,обычный,Кызылорда,2025-06-26 08:50:57,Такси,5708.53,KZT
18,Санжар,Кредитная карта,обычный,Кызылорда,2025-06-26 09:00:36,Играем дома,3198.25,KZT
18,Санжар,Кредитная карта,обычный,Кызылорда,2025-06-26 09:15:28,Такси,4164.12,KZT
18,Санжар,Кредитная карта,обычный,Кызылорда,2025-06-26 12:10:01,Продукты питания,10506.96,KZT
18,Санжар,Кредитная карта,обычный,Кызылорда,2025-06-26 13:15:14,Едим дома,6172.57,KZT
18,Санжар,Кредитная карта,обычный,Кызылорда,2025-06-26 16:10:49,Такси,5583.57,KZT
18,Санжар,Кредитная карта,обычный,Кызылорда,2025-06-26 16:20:54,Такси,4563.31,KZT
18,Санжар,Кредитная карта,обычный,Кызылорда,2025-06-27 13:15:22,Едим дома,4891.69,KZT
18,Санжар,Кредитная карта,обычный,Кызылорда,2025-06-27 19:00:48,Кафе и рестораны,20951.32,KZT
18,Санжар,Кредитная карта,обычный,Кызылорда,2025-06-28 12:10:43,Продукты питания,38636.83,KZT
18,Санжар,Кредитная карта,обычный,Кызылорда,2025-06-29 12:10:11,Продукты питания,12174.92,KZT
18,Санжар,Кредитная карта,обычный,Кызылорда,2025-06-29 12:50:20,Кино,3537.03,KZT
18,Санжар,Кредитная карта,обычный,Кызылорда,2025-06-29 18:30:06,АЗС,24240.98,KZT
18,Санжар,Кредитная карта,обычный,Кызылорда,2025-06-29 20:10:44,Играем дома,5995.45,KZT
18,Санжар,Кредитная карта,обычный,Кызылорда,2025-06-29 20:30:16,Кино,7041.98,KZT
18,Санжар,Кредитная карта,обычный,Кызылорда,2025-06-30 12:10:57,Продукты питания,7691.45,KZT
18,Санжар,Кредитная карта,обычный,Кызылорда,2025-06-30 18:10:21,Кино,4451.07,KZT
18,Санжар,Кредитная карта,обычный,Кызылорда,2025-06-30 19:50:13,Кино,4113.22,KZT
18,Санжар,Кредитная карта,обычный,Кызылорда,2025-07-01 12:10:16,Продукты питания,23964.93,KZT
18,Санжар,Кредитная карта,обычный,Кызылорда,2025-07-01 17:10:42,Кафе и рестораны,5180.96,KZT
18,Санжар,Кредитная карта,обычный,Кызылорда,2025-07-01 17:50:47,Кино,3014.32,KZT
18,Санжар,Кредитная карта,обычный,Кызылорда,2025-07-01 20:10:24,Играем дома,1410.42,KZT
18,Санжар,Кредитная карта,обычный,Кызылорда,2025-07-01 21:30:44,Смотрим дома,1439.27,KZT
18,Санжар,Кредитная карта,обычный,Кызылорда,2025-07-02 13:15:50,Едим дома,3480.71,KZT
18,Санжар,Кредитная карта,обычный,Кызылорда,2025-07-02 14:00:33,Смотрим дома,4294.32,KZT
18,Санжар,Кредитная карта,обычный,Кызылорда,2025-07-02 19:00:44,Кафе и рестораны,12444.05,KZT
18,Санжар,Кредитная карта,обычный,Кызылорда,2025-07-03 13:15:47,Едим дома,2497.66,KZT
18,Санжар,Кредитная карта,обычный,Кызылорда,2025-07-03 20:10:46,Играем дома,4547.42,KZT
18,Санжар,Кредитная карта,обычный,Кызылорда,2025-07-04 13:15:49,Едим дома,4115.99,KZT
18,Санжар,Кредитная карта,обычный,Кызылорда,2025-07-04 18:30:56,АЗС,21619.62,KZT
18,Санжар,Кредитная карта,обычный,Кызылорда,2025-07-04 18:50:21,Смотрим дома,4280.92,KZT
18,Санжар,Кредитная карта,обычный,Кызылорда,2025-07-04 20:10:03,Играем дома,2270.22,KZT
18,Санжар,Кредитная карта,обычный,Кызылорда,2025-07-05 12:10:28,Продукты питания,13346.24,KZT
18,Санжар,Кредитная карта,обычный,Кызылорда,2025-07-05 18:20:03,Смотрим дома,5897.91,KZT
18,Санжар,Кредитная карта,обычный,Кызылорда,2025-07-05 20:10:16,Играем дома,6165.58,KZT
18,Санжар,Кредитная карта,обычный,Кызылорда,2025-07-06 19:40:02,Смотрим дома,3628.02,KZT
18,Санжар,Кредитная карта,обычный,Кызылорда,2025-07-06 21:30:39,Смотрим дома,907.2,KZT
18,Санжар,Кредитная карта,обычный,Кызылорда,2025-07-07 11:20:52,Едим дома,3652.46,KZT
18,Санжар,Кредитная карта,обычный,Кызылорда,2025-07-07 19:00:25,Кафе и рестораны,17909.07,KZT
18,Санжар,Кредитная карта,обычный,Кызылорда,2025-07-08 12:10:02,Продукты питания,21468.21,KZT
18,Санжар,Кредитная карта,обычный,Кызылорда,2025-07-08 13:15:01,Едим дома,1817.67,KZT
18,Санжар,Кредитная карта,обычный,Кызылорда,2025-07-09 12:10:54,Продукты питания,15832.32,KZT
18,Санжар,Кредитная карта,обычный,Кызылорда,2025-07-09 13:15:43,Едим дома,3520.95,KZT
18,Санжар,Кредитная карта,обычный,Кызылорда,2025-07-09 19:00:55,Кафе и рестораны,3570.32,KZT
18,Санжар,Кредитная карта,обычный,Кызылорда,2025-07-09 20:40:41,Кино,2806.39,KZT
18,Санжар,Кредитная карта,обычный,Кызылорда,2025-07-10 12:10:06,Продукты питания,16699.57,KZT
18,Санжар,Кредитная карта,обычный,Кызылорда,2025-07-10 14:10:43,Играем дома,7405.71,KZT
18,Санжар,Кредитная карта,обычный,Кызылорда,2025-07-10 14:20:57,Едим дома,5070.67,KZT
18,Санжар,Кредитная карта,обычный,Кызылорда,2025-07-10 19:00:24,Кафе и рестораны,8363.74,KZT
18,Санжар,Кредитная карта,обычный,Кызылорда,2025-07-11 09:15:25,Такси,4457.83,KZT
18,Санжар,Кредитная карта,обычный,Кызылорда,2025-07-11 12:10:23,Продукты питания,22296.96,KZT
18,Санжар,Кредитная карта,обычный,Кызылорда,2025-07-11 14:20:09,Кино,5069.34,KZT
18,Санжар,Кредитная карта,обычный,Кызылорда,2025-07-11 16:40:45,Играем дома,3678.37,KZT
18,Санжар,Кредитная карта,обычный,Кызылорда,2025-07-11 21:30:03,Смотрим дома,2480.35,KZT
18,Санжар,Кредитная карта,обычный,Кызылорда,2025-07-12 13:15:52,Едим дома,7868.84,KZT
18,Санжар,Кредитная карта,обычный,Кызылорда,2025-07-12 20:50:25,Кино,5287.67,KZT
18,Санжар,Кредитная карта,обычный,Кызылорда,2025-07-13 12:10:30,Продукты питания,13727.0,KZT
18,Санжар,Кредитная карта,обычный,Кызылорда,2025-07-13 16:00:04,Кафе и рестораны,5590.36,KZT
18,Санжар,Кредитная карта,обычный,Кызылорда,2025-07-13 19:00:08,Кафе и рестораны,9255.86,KZT
18,Санжар,Кредитная карта,обычный,Кызылорда,2025-07-13 21:30:52,Смотрим дома,1585.68,KZT
18,Санжар,Кредитная карта,обычный,Кызылорда,2025-07-14 20:10:55,Играем дома,4127.79,KZT
18,Санжар,Кредитная карта,обычный,Кызылорда,2025-07-15 08:10:36,Едим дома,6383.01,KZT
18,Санжар,Кредитная карта,обычный,Кызылорда,2025-07-15 12:10:35,Продукты питания,13501.95,KZT
18,Санжар,Кредитная карта,обычный,Кызылорда,2025-07-16 12:10:25,Продукты питания,7931.43,KZT
18,Санжар,Кредитная карта,обычный,Кызылорда,2025-07-16 21:30:25,Смотрим дома,1797.8,KZT
18,Санжар,Кредитная карта,обычный,Кызылорда,2025-07-17 10:20:50,Едим дома,4079.06,KZT
18,Санжар,Кредитная карта,обычный,Кызылорда,2025-07-17 12:10:21,Продукты питания,9033.26,KZT
18,Санжар,Кредитная карта,обычный,Кызылорда,2025-07-18 09:15:35,Такси,4035.35,KZT
18,Санжар,Кредитная карта,обычный,Кызылорда,2025-07-18 12:10:06,Продукты питания,20470.07,KZT
18,Санжар,Кредитная карта,обычный,Кызылорда,2025-07-18 13:15:55,Едим дома,1710.31,KZT
18,Санжар,Кредитная карта,обычный,Кызылорда,2025-07-19 09:15:53,Такси,3451.28,KZT
18,Санжар,Кредитная карта,обычный,Кызылорда,2025-07-20 11:40:06,Смотрим дома,3005.0,KZT
18,Санжар,Кредитная карта,обычный,Кызылорда,2025-07-20 19:00:56,Кафе и рестораны,8345.54,KZT
18,Санжар,Кредитная карта,обычный,Кызылорда,2025-07-21 12:10:31,Продукты питания,8597.55,KZT
18,Санжар,Кредитная карта,обычный,Кызылорда,2025-07-21 13:00:27,Смотрим дома,4831.81,KZT
18,Санжар,Кредитная карта,обычный,Кызылорда,2025-07-21 13:15:13,Едим дома,6388.46,KZT
18,Санжар,Кредитная карта,обычный,Кызылорда,2025-07-22 09:15:43,Такси,3772.3,KZT
18,Санжар,Кредитная карта,обычный,Кызылорда,2025-07-22 12:10:23,Смотрим дома,3195.95,KZT
18,Санжар,Кредитная карта,обычный,Кызылорда,2025-07-22 12:10:29,Продукты питания,13811.07,KZT
18,Санжар,Кредитная карта,обычный,Кызылорда,2025-07-22 13:15:35,Едим дома,5268.75,KZT
18,Санжар,Кредитная карта,обычный,Кызылорда,2025-07-23 13:15:55,Едим дома,1806.07,KZT
18,Санжар,Кредитная карта,обычный,Кызылорда,2025-07-23 13:20:57,Играем дома,2914.37,KZT
18,Санжар,Кредитная карта,обычный,Кызылорда,2025-07-23 18:30:25,АЗС,14604.16,KZT
18,Санжар,Кредитная карта,обычный,Кызылорда,2025-07-23 18:50:33,Кафе и рестораны,6110.79,KZT
18,Санжар,Кредитная карта,обычный,Кызылорда,2025-07-23 19:00:18,Кафе и рестораны,3416.77,KZT
18,Санжар,Кредитная карта,обычный,Кызылорда,2025-07-24 12:10:04,Продукты питания,5555.54,KZT
18,Санжар,Кредитная карта,обычный,Кызылорда,2025-07-24 12:40:10,Такси,4498.55,KZT
18,Санжар,Кредитная карта,обычный,Кызылорда,2025-07-24 19:00:28,Кафе и рестораны,6835.49,KZT
18,Санжар,Кредитная карта,обычный,Кызылорда,2025-07-25 12:10:12,Продукты питания,11818.18,KZT
18,Санжар,Кредитная карта,обычный,Кызылорда,2025-07-25 13:10:41,Кафе и рестораны,4758.12,KZT
18,Санжар,Кредитная карта,обычный,Кызылорда,2025-07-25 13:15:42,Едим дома,4171.31,KZT
18,Санжар,Кредитная карта,обычный,Кызылорда,2025-07-25 17:00:23,Кафе и рестораны,4290.27,KZT
18,Санжар,Кредитная карта,обычный,Кызылорда,2025-07-25 19:00:36,Кафе и рестораны,7700.26,KZT
18,Санжар,Кредитная карта,обычный,Кызылорда,2025-07-25 21:40:29,Такси,4819.58,KZT
18,Санжар,Кредитная карта,обычный,Кызылорда,2025-07-26 09:15:24,Такси,3566.44,KZT
18,Санжар,Кредитная карта,обычный,Кызылорда,2025-07-26 12:10:18,Продукты питания,20095.25,KZT
18,Санжар,Кредитная карта,обычный,Кызылорда,2025-07-26 13:40:55,Играем дома,3372.41,KZT
18,Санжар,Кредитная карта,обычный,Кызылорда,2025-07-26 18:30:41,АЗС,20771.71,KZT
18,Санжар,Кредитная карта,обычный,Кызылорда,2025-07-27 09:15:55,Такси,7488.16,KZT
18,Санжар,Кредитная карта,обычный,Кызылорда,2025-07-27 11:30:45,Кино,4344.04,KZT
18,Санжар,Кредитная карта,обычный,Кызылорда,2025-07-27 12:10:26,Продукты питания,19863.84,KZT
18,Санжар,Кредитная карта,обычный,Кызылорда,2025-07-27 13:15:59,Едим дома,8598.9,KZT
18,Санжар,Кредитная карта,обычный,Кызылорда,2025-07-27 19:00:59,Кафе и рестораны,7460.17,KZT
18,Санжар,Кредитная карта,обычный,Кызылорда,2025-07-27 20:10:56,Играем дома,1924.83,KZT
18,Санжар,Кредитная карта,обычный,Кызылорда,2025-07-27 21:20:11,Кино,3455.84,KZT
18,Санжар,Кредитная карта,обычный,Кызылорда,2025-07-28 10:20:00,Смотрим дома,4822.26,KZT
18,Санжар,Кредитная карта,обычный,Кызылорда,2025-07-28 12:10:34,Продукты питания,15290.67,KZT
18,Санжар,Кредитная карта,обычный,Кызылорда,2025-07-28 13:15:57,Едим дома,3414.6,KZT
18,Санжар,Кредитная карта,обычный,Кызылорда,2025-07-28 21:30:07,Смотрим дома,2426.53,KZT
18,Санжар,Кредитная карта,обычный,Кызылорда,2025-07-29 10:40:44,Кафе и рестораны,6661.76,KZT
18,Санжар,Кредитная карта,обычный,Кызылорда,2025-07-29 13:30:22,Такси,2896.88,KZT
18,Санжар,Кредитная карта,обычный,Кызылорда,2025-07-29 21:30:52,Смотрим дома,1845.82,KZT
18,Санжар,Кредитная карта,обычный,Кызылорда,2025-07-30 09:15:55,Такси,8094.97,KZT
18,Санжар,Кредитная карта,обычный,Кызылорда,2025-07-30 13:15:15,Едим дома,6084.98,KZT
18,Санжар,Кредитная карта,обычный,Кызылорда,2025-07-30 18:30:35,АЗС,9692.95,KZT
18,Санжар,Кредитная карта,обычный,Кызылорда,2025-07-30 19:00:36,Кафе и рестораны,5866.77,KZT
18,Санжар,Кредитная карта,обычный,Кызылорда,2025-07-31 10:30:34,Кино,8012.72,KZT
18,Санжар,Кредитная карта,обычный,Кызылорда,2025-07-31 19:00:19,Кафе и рестораны,7928.08,KZT
18,Санжар,Кредитная карта,обычный,Кызылорда,2025-08-01 12:10:19,Продукты питания,9944.39,KZT
18,Санжар,Кредитная карта,обычный,Кызылорда,2025-08-01 13:15:55,Едим дома,6226.73,KZT
18,Санжар,Кредитная карта,обычный,Кызылорда,2025-08-01 17:30:37,Такси,8302.61,KZT
18,Санжар,Кредитная карта,обычный,Кызылорда,2025-08-01 17:50:55,Кино,6081.77,KZT
18,Санжар,Кредитная карта,обычный,Кызылорда,2025-08-01 19:00:21,Кафе и рестораны,11606.08,KZT
18,Санжар,Кредитная карта,обычный,Кызылорда,2025-08-02 09:50:00,Такси,4574.16,KZT
18,Санжар,Кредитная карта,обычный,Кызылорда,2025-08-02 12:10:39,Продукты питания,16927.97,KZT
18,Санжар,Кредитная карта,обычный,Кызылорда,2025-08-02 13:15:31,Едим дома,3610.83,KZT
18,Санжар,Кредитная карта,обычный,Кызылорда,2025-08-02 21:30:40,Смотрим дома,1554.06,KZT
18,Санжар,Кредитная карта,обычный,Кызылорда,2025-08-03 12:10:11,Продукты питания,24551.78,KZT
18,Санжар,Кредитная карта,обычный,Кызылорда,2025-08-03 13:15:18,Едим дома,5970.16,KZT
18,Санжар,Кредитная карта,обычный,Кызылорда,2025-08-03 20:10:27,Играем дома,5068.35,KZT
18,Санжар,Кредитная карта,обычный,Кызылорда,2025-08-04 09:15:16,Такси,5158.72,KZT
18,Санжар,Кредитная карта,обычный,Кызылорда,2025-08-04 12:10:35,Продукты питания,13408.71,KZT
18,Санжар,Кредитная карта,обычный,Кызылорда,2025-08-04 13:15:38,Едим дома,3954.82,KZT
18,Санжар,Кредитная карта,обычный,Кызылорда,2025-08-04 16:30:17,Кино,7493.71,KZT
18,Санжар,Кредитная карта,обычный,Кызылорда,2025-08-04 19:00:17,Кафе и рестораны,8391.37,KZT
18,Санжар,Кредитная карта,обычный,Кызылорда,2025-08-05 12:10:44,Продукты питания,30778.98,KZT
18,Санжар,Кредитная карта,обычный,Кызылорда,2025-08-05 19:00:59,Кафе и рестораны,6730.46,KZT
18,Санжар,Кредитная карта,обычный,Кызылорда,2025-08-06 09:15:59,Такси,6100.84,KZT
18,Санжар,Кредитная карта,обычный,Кызылорда,2025-08-06 12:10:42,Продукты питания,18369.76,KZT
18,Санжар,Кредитная карта,обычный,Кызылорда,2025-08-07 09:20:00,Смотрим дома,5078.77,KZT
18,Санжар,Кредитная карта,обычный,Кызылорда,2025-08-07 12:10:39,Продукты питания,15662.32,KZT
18,Санжар,Кредитная карта,обычный,Кызылорда,2025-08-07 16:20:51,Кафе и рестораны,5312.03,KZT
18,Санжар,Кредитная карта,обычный,Кызылорда,2025-08-07 19:00:08,Кафе и рестораны,11571.73,KZT
18,Санжар,Кредитная карта,обычный,Кызылорда,2025-08-07 21:30:34,Смотрим дома,3105.98,KZT
18,Санжар,Кредитная карта,обычный,Кызылорда,2025-08-08 13:10:25,Играем дома,6531.33,KZT
18,Санжар,Кредитная карта,обычный,Кызылорда,2025-08-08 19:00:20,Кафе и рестораны,6510.35,KZT
18,Санжар,Кредитная карта,обычный,Кызылорда,2025-08-08 21:30:18,Смотрим дома,2272.54,KZT
18,Санжар,Кредитная карта,обычный,Кызылорда,2025-08-09 13:15:50,Едим дома,4534.68,KZT
18,Санжар,Кредитная карта,обычный,Кызылорда,2025-08-10 09:15:02,Такси,3670.53,KZT
18,Санжар,Кредитная карта,обычный,Кызылорда,2025-08-10 12:10:19,Продукты питания,12934.74,KZT
18,Санжар,Кредитная карта,обычный,Кызылорда,2025-08-10 18:30:54,АЗС,15246.43,KZT
18,Санжар,Кредитная карта,обычный,Кызылорда,2025-08-10 19:00:47,Кафе и рестораны,9303.54,KZT
18,Санжар,Кредитная карта,обычный,Кызылорда,2025-08-10 20:10:31,Играем дома,1842.31,KZT
18,Санжар,Кредитная карта,обычный,Кызылорда,2025-08-10 21:30:49,Смотрим дома,2461.0,KZT
18,Санжар,Кредитная карта,обычный,Кызылорда,2025-08-11 09:15:00,Такси,3756.65,KZT
18,Санжар,Кредитная карта,обычный,Кызылорда,2025-08-11 10:50:53,Едим дома,2745.65,KZT
18,Санжар,Кредитная карта,обычный,Кызылорда,2025-08-11 12:10:36,Продукты питания,9742.23,KZT
18,Санжар,Кредитная карта,обычный,Кызылорда,2025-08-12 09:15:53,Такси,4676.9,KZT
18,Санжар,Кредитная карта,обычный,Кызылорда,2025-08-12 12:10:57,Продукты питания,27307.96,KZT
18,Санжар,Кредитная карта,обычный,Кызылорда,2025-08-12 21:00:54,Играем дома,5058.37,KZT
18,Санжар,Кредитная карта,обычный,Кызылорда,2025-08-12 21:50:21,Кино,4766.62,KZT
18,Санжар,Кредитная карта,обычный,Кызылорда,2025-08-13 12:10:21,Продукты питания,8377.48,KZT
18,Санжар,Кредитная карта,обычный,Кызылорда,2025-08-13 13:15:23,Едим дома,10394.56,KZT
18,Санжар,Кредитная карта,обычный,Кызылорда,2025-08-13 19:00:42,Кафе и рестораны,12166.3,KZT
18,Санжар,Кредитная карта,обычный,Кызылорда,2025-08-14 21:30:44,Смотрим дома,1460.51,KZT
18,Санжар,Кредитная карта,обычный,Кызылорда,2025-08-15 10:50:29,Едим дома,5973.7,KZT
18,Санжар,Кредитная карта,обычный,Кызылорда,2025-08-15 12:10:18,Продукты питания,23253.58,KZT
18,Санжар,Кредитная карта,обычный,Кызылорда,2025-08-15 19:00:10,Кафе и рестораны,9762.14,KZT
18,Санжар,Кредитная карта,обычный,Кызылорда,2025-08-15 20:10:14,Играем дома,2210.25,KZT
18,Санжар,Кредитная карта,обычный,Кызылорда,2025-08-15 21:30:17,Смотрим дома,1490.71,KZT
18,Санжар,Кредитная карта,обычный,Кызылорда,2025-08-16 09:15:08,Такси,2544.59,KZT
18,Санжар,Кредитная карта,обычный,Кызылорда,2025-08-16 13:15:08,Едим дома,5139.41,KZT
18,Санжар,Кредитная карта,обычный,Кызылорда,2025-08-17 12:10:03,Продукты питания,21634.08,KZT
18,Санжар,Кредитная карта,обычный,Кызылорда,2025-08-17 13:15:26,Едим дома,6151.74,KZT
18,Санжар,Кредитная карта,обычный,Кызылорда,2025-08-18 13:15:19,Едим дома,3727.39,KZT
18,Санжар,Кредитная карта,обычный,Кызылорда,2025-08-18 19:40:08,Играем дома,5034.83,KZT
18,Санжар,Кредитная карта,обычный,Кызылорда,2025-08-18 20:10:54,Играем дома,3897.29,KZT
18,Санжар,Кредитная карта,обычный,Кызылорда,2025-08-18 21:30:02,Смотрим дома,1882.87,KZT
18,Санжар,Кредитная карта,обычный,Кызылорда,2025-08-19 09:15:38,Такси,5741.61,KZT
18,Санжар,Кредитная карта,обычный,Кызылорда,2025-08-19 11:30:14,Смотрим дома,4211.04,KZT
18,Санжар,Кредитная карта,обычный,Кызылорда,2025-08-19 12:10:03,Продукты питания,25785.26,KZT
18,Санжар,Кредитная карта,обычный,Кызылорда,2025-08-19 14:30:49,Едим дома,7692.92,KZT
18,Санжар,Кредитная карта,обычный,Кызылорда,2025-08-19 19:00:48,Кафе и рестораны,3903.42,KZT
18,Санжар,Кредитная карта,обычный,Кызылорда,2025-08-20 12:10:47,Продукты питания,13124.69,KZT
18,Санжар,Кредитная карта,обычный,Кызылорда,2025-08-20 18:30:45,АЗС,10750.38,KZT
18,Санжар,Кредитная карта,обычный,Кызылорда,2025-08-20 19:00:45,Кафе и рестораны,7394.72,KZT
18,Санжар,Кредитная карта,обычный,Кызылорда,2025-08-20 21:30:54,Смотрим дома,2235.3,KZT
18,Санжар,Кредитная карта,обычный,Кызылорда,2025-08-21 12:10:54,Продукты питания,7454.42,KZT
18,Санжар,Кредитная карта,обычный,Кызылорда,2025-08-21 13:15:10,Едим дома,3380.79,KZT
18,Санжар,Кредитная карта,обычный,Кызылорда,2025-08-21 20:10:25,Играем дома,6126.79,KZT
18,Санжар,Кредитная карта,обычный,Кызылорда,2025-08-22 19:00:11,Кафе и рестораны,6364.15,KZT
18,Санжар,Кредитная карта,обычный,Кызылорда,2025-08-22 20:10:46,Играем дома,2645.69,KZT
18,Санжар,Кредитная карта,обычный,Кызылорда,2025-08-23 12:10:05,Продукты питания,13501.74,KZT
18,Санжар,Кредитная карта,обычный,Кызылорда,2025-08-23 19:00:41,Кафе и рестораны,19624.75,KZT
18,Санжар,Кредитная карта,обычный,Кызылорда,2025-08-24 12:10:11,Продукты питания,8396.22,KZT
18,Санжар,Кредитная карта,обычный,Кызылорда,2025-08-24 18:30:47,АЗС,11423.14,KZT
18,Санжар,Кредитная карта,обычный,Кызылорда,2025-08-25 09:15:02,Такси,2750.93,KZT
18,Санжар,Кредитная карта,обычный,Кызылорда,2025-08-25 12:10:41,Продукты питания,7464.87,KZT
18,Санжар,Кредитная карта,обычный,Кызылорда,2025-08-25 16:00:47,Играем дома,7185.44,KZT
18,Санжар,Кредитная карта,обычный,Кызылорда,2025-08-25 20:10:52,Играем дома,2512.17,KZT
18,Санжар,Кредитная карта,обычный,Кызылорда,2025-08-25 20:20:10,Кино,3809.59,KZT
18,Санжар,Кредитная карта,обычный,Кызылорда,2025-08-26 09:15:56,Такси,7882.06,KZT
18,Санжар,Кредитная карта,обычный,Кызылорда,2025-08-26 10:10:44,Едим дома,7291.62,KZT
18,Санжар,Кредитная карта,обычный,Кызылорда,2025-08-26 12:10:23,Продукты питания,17562.55,KZT
18,Санжар,Кредитная карта,обычный,Кызылорда,2025-08-26 13:15:07,Едим дома,13515.52,KZT
18,Санжар,Кредитная карта,обычный,Кызылорда,2025-08-26 21:30:11,Смотрим дома,2259.76,KZT
18,Санжар,Кредитная карта,обычный,Кызылорда,2025-08-27 13:10:24,Кафе и рестораны,3211.95,KZT
18,Санжар,Кредитная карта,обычный,Кызылорда,2025-08-27 13:15:17,Едим дома,11284.49,KZT
18,Санжар,Кредитная карта,обычный,Кызылорда,2025-08-28 09:15:07,Такси,3358.2,KZT
18,Санжар,Кредитная карта,обычный,Кызылорда,2025-08-28 12:10:23,Продукты питания,12746.43,KZT
18,Санжар,Кредитная карта,обычный,Кызылорда,2025-08-28 19:00:26,Кафе и рестораны,3120.25,KZT
18,Санжар,Кредитная карта,обычный,Кызылорда,2025-08-29 13:15:33,Едим дома,4408.81,KZT
18,Санжар,Кредитная карта,обычный,Кызылорда,2025-08-29 21:30:50,Смотрим дома,2437.95,KZT
18,Санжар,Кредитная карта,обычный,Кызылорда,2025-08-30 12:10:47,Продукты питания,7928.58,KZT
18,Санжар,Кредитная карта,обычный,Кызылорда,2025-08-30 13:15:07,Едим дома,3518.32,KZT
18,Санжар,Кредитная карта,обычный,Кызылорда,2025-08-30 19:00:39,Кафе и рестораны,7962.57,KZT
18,Санжар,Кредитная карта,обычный,Кызылорда,2025-08-31 10:00:46,Смотрим дома,7710.39,KZT
18,Санжар,Кредитная карта,обычный,Кызылорда,2025-08-31 12:10:30,Продукты питания,16888.33,KZT
