"client_code","product","push_notification"
"1","Кредитная карта","Айгерим, ваши топ‑категории дают кешбэк ≈131 734 ₸/мес и рассрочку на крупные покупки. Узнать доступный лимит?"
"2","Кредитная карта","Данияр, ваши топ‑категории дают кешбэк ≈142 631 ₸/мес и рассрочку на крупные покупки. Узнать доступный лимит?"
"3","Кредитная карта","Сабина, ваши топ‑категории дают кешбэк ≈87 885 ₸/мес и рассрочку на крупные покупки. Узнать доступный лимит?"
"4","Кредитная карта","Тимур, ваши топ‑категории дают кешбэк ≈131 011 ₸/мес и рассрочку на крупные покупки. Узнать доступный лимит?"
"5","Кредитная карта","Камилла, ваши топ‑категории дают кешбэк ≈133 189 ₸/мес и рассрочку на крупные покупки. Узнать доступный лимит?"
"6","Кредитная карта","Аян, ваши топ‑категории дают кешбэк ≈151 489 ₸/мес и рассрочку на крупные покупки. Узнать доступный лимит?"
"7","Кредитная карта","Руслан, ваши топ‑категории дают кешбэк ≈137 317 ₸/мес и рассрочку на крупные покупки. Узнать доступный лимит?"
"8","Кредитная карта","Мадина, ваши топ‑категории дают кешбэк ≈166 633 ₸/мес и рассрочку на крупные покупки. Узнать доступный лимит?"
"9","Кредитная карта","Арман, ваши топ‑категории дают кешбэк ≈149 745 ₸/мес и рассрочку на крупные покупки. Узнать доступный лимит?"
"10","Кредитная карта","Карина, ваши топ‑категории дают кешбэк ≈156 371 ₸/мес и рассрочку на крупные покупки. Узнать доступный лимит?"
"11","Кредитная карта","Бауржан, ваши топ‑категории дают кешбэк ≈158 763 ₸/мес и рассрочку на крупные покупки. Узнать доступный лимит?"
"12","Кредитная карта","Жанар, ваши топ‑категории дают кешбэк ≈130 915 ₸/мес и рассрочку на крупные покупки. Узнать доступный лимит?"
"13","Кредитная карта","Алина, ваши топ‑категории дают кешбэк ≈88 905 ₸/мес и рассрочку на крупные покупки. Узнать доступный лимит?"
"14","Кредитная карта","Диас, ваши топ‑категории дают кешбэк ≈103 349 ₸/мес и рассрочку на крупные покупки. Узнать доступный лимит?"
"15","Кредитная карта","Нурия, ваши топ‑категории дают кешбэк ≈116 291 ₸/мес и рассрочку на крупные покупки. Узнать доступный лимит?"
"16","Кредитная карта","Ерасыл, ваши топ‑категории дают кешбэк ≈84 260 ₸/мес и рассрочку на крупные покупки. Узнать доступный лимит?"
"17","Кредитная карта","Жанель, ваши топ‑категории дают кешбэк ≈109 515 ₸/мес и рассрочку на крупные покупки. Узнать доступный лимит?"
"18","Кредитная карта","Санжар, ваши топ‑категории дают кешбэк ≈130 310 ₸/мес и рассрочку на крупные покупки. Узнать доступный лимит?"
"19","Кредитная карта","Азамат, ваши топ‑категории дают кешбэк ≈121 897 ₸/мес и рассрочку на крупные покупки. Узнать доступный лимит?"
"20","Кредитная карта","Анель, ваши топ‑категории дают кешбэк ≈125 031 ₸/мес и рассрочку на крупные покупки. Узнать доступный лимит?"
"21","Кредитная карта","Павел, ваши топ‑категории дают кешбэк ≈125 685 ₸/мес и рассрочку на крупные покупки. Узнать доступный лимит?"
"22","Кредитная карта","Аружан, ваши топ‑категории дают кешбэк ≈130 754 ₸/мес и рассрочку на крупные покупки. Узнать доступный лимит?"
"23","Кредитная карта","Темирлан, ваши топ‑категории дают кешбэк ≈130 175 ₸/мес и рассрочку на крупные покупки. Узнать доступный лимит?"
"24","Кредитная карта","Гульмира, ваши топ‑категории дают кешбэк ≈140 123 ₸/мес и рассрочку на крупные покупки. Узнать доступный лимит?"
"25","Кредитная карта","Адиль, ваши топ‑категории дают кешбэк ≈119 903 ₸/мес и рассрочку на крупные покупки. Узнать доступный лимит?"
"26","Кредитная карта","Маржан, ваши топ‑категории дают кешбэк ≈133 402 ₸/мес и рассрочку на крупные покупки. Узнать доступный лимит?"
"27","Кредитная карта","Нурсултан, ваши топ‑категории дают кешбэк ≈142 481 ₸/мес и рассрочку на крупные покупки. Узнать доступный лимит?"
"28","Кредитная карта","Алтынай, ваши топ‑категории дают кешбэк ≈137 093 ₸/мес и рассрочку на крупные покупки. Узнать доступный лимит?"
"29","Кредитная карта","Сая, ваши топ‑категории дают кешбэк ≈151 254 ₸/мес и рассрочку на крупные покупки. Узнать доступный лимит?"
"30","Кредитная карта","Ербол, ваши топ‑категории дают кешбэк ≈153 289 ₸/мес и рассрочку на крупные покупки. Узнать доступный лимит?"
"31","Кредитная карта","Дамир, ваши топ‑категории дают кешбэк ≈124 120 ₸/мес и рассрочку на крупные покупки. Узнать доступный лимит?"
"32","Кредитная карта","Алия, ваши топ‑категории дают кешбэк ≈181 196 ₸/мес и рассрочку на крупные покупки. Узнать доступный лимит?"
"33","Кредитная карта","Мерей, ваши топ‑категории дают кешбэк ≈135 231 ₸/мес и рассрочку на крупные покупки. Узнать доступный лимит?"
"34","Депозит","Инкар, свободных средств примерно 115 930 ₸. При вкладе под 16% годовых доход ≈1 594 ₸/мес. Оформить вклад?"
"35","Кредитная карта","Самат, ваши топ‑категории дают кешбэк ≈175 516 ₸/мес и рассрочку на крупные покупки. Узнать доступный лимит?"
"36","Кредитная карта","Назым, ваши топ‑категории дают кешбэк ≈118 355 ₸/мес и рассрочку на крупные покупки. Узнать доступный лимит?"
"37","Кредитная карта","Гульнар, ваши топ‑категории дают кешбэк ≈126 953 ₸/мес и рассрочку на крупные покупки. Узнать доступный лимит?"
"38","Кредитная карта","Серик, ваши топ‑категории дают кешбэк ≈163 891 ₸/мес и рассрочку на крупные покупки. Узнать доступный лимит?"
"39","Кредитная карта","Ляззат, ваши топ‑категории дают кешбэк ≈122 978 ₸/мес и рассрочку на крупные покупки. Узнать доступный лимит?"
"40","Кредитная карта","Асхат, ваши топ‑категории дают кешбэк ≈141 418 ₸/мес и рассрочку на крупные покупки. Узнать доступный лимит?"
"41","Кредитная карта","Сандугаш, ваши топ‑категории дают кешбэк ≈139 866 ₸/мес и рассрочку на крупные покупки. Узнать доступный лимит?"
"42","Кредитная карта","Рустем, ваши топ‑категории дают кешбэк ≈189 137 ₸/мес и рассрочку на крупные покупки. Узнать доступный лимит?"
"43","Кредитная карта","Нуртас, ваши топ‑категории дают кешбэк ≈127 079 ₸/мес и рассрочку на крупные покупки. Узнать доступный лимит?"
"44","Кредитная карта","Айнагуль, ваши топ‑категории дают кешбэк ≈125 897 ₸/мес и рассрочку на крупные покупки. Узнать доступный лимит?"
"45","Инвестиции","Диана, у вас свободно 72 552 ₸. Инвестиционный портфель с консервативной доходностью ≈363 ₸/мес. Начать инвестировать?"
"46","Кредитная карта","Арсен, ваши топ‑категории дают кешбэк ≈125 375 ₸/мес и рассрочку на крупные покупки. Узнать доступный лимит?"
"47","Кредитная карта","Камшат, ваши топ‑категории дают кешбэк ≈140 488 ₸/мес и рассрочку на крупные покупки. Узнать доступный лимит?"
"48","Кредитная карта","Ержан, ваши топ‑категории дают кешбэк ≈121 196 ₸/мес и рассрочку на крупные покупки. Узнать доступный лимит?"
"49","Кредитная карта","Амина, ваши топ‑категории дают кешбэк ≈151 222 ₸/мес и рассрочку на крупные покупки. Узнать доступный лимит?"
"50","Кредитная карта","Тимурлан, ваши топ‑категории дают кешбэк ≈175 514 ₸/мес и рассрочку на крупные покупки. Узнать доступный лимит?"
"51","Кредитная карта","Жанат, ваши топ‑категории дают кешбэк ≈117 716 ₸/мес и рассрочку на крупные покупки. Узнать доступный лимит?"
"52","Кредитная карта","Милана, ваши топ‑категории дают кешбэк ≈172 347 ₸/мес и рассрочку на крупные покупки. Узнать доступный лимит?"
"53","Кредитная карта","Расул, ваши топ‑категории дают кешбэк ≈123 978 ₸/мес и рассрочку на крупные покупки. Узнать доступный лимит?"
"54","Кредитная карта","Виктория, ваши топ‑категории дают кешбэк ≈224 547 ₸/мес и рассрочку на крупные покупки. Узнать доступный лимит?"
"55","Кредитная карта","Асель, ваши топ‑категории дают кешбэк ≈159 286 ₸/мес и рассрочку на крупные покупки. Узнать доступный лимит?"
"56","Кредитная карта","Нуркен, ваши топ‑категории дают кешбэк ≈145 485 ₸/мес и рассрочку на крупные покупки. Узнать доступный лимит?"
"57","Кредитная карта","Жания, ваши топ‑категории дают кешбэк ≈174 658 ₸/мес и рассрочку на крупные покупки. Узнать доступный лимит?"
"58","Кредитная карта","Султан, ваши топ‑категории дают кешбэк ≈135 945 ₸/мес и рассрочку на крупные покупки. Узнать доступный лимит?"
"59","Кредитная карта","Динара, ваши топ‑категории дают кешбэк ≈171 193 ₸/мес и рассрочку на крупные покупки. Узнать доступный лимит?"
"60","Кредитная карта","Ермек, ваши топ‑категории дают кешбэк ≈127 266 ₸/мес и рассрочку на крупные покупки. Узнать доступный лимит?"
