client_code,selected_product,expected_value,eligible,reason_codes
1,Кредитная карта,131734.48600000003,True,LARGE_PURCHASES
2,Кредитная карта,142630.99933333334,True,LARGE_PURCHASES
3,Кредитная карта,87884.546,True,LARGE_PURCHASES
4,Кредитная карта,131011.24333333335,True,LARGE_PURCHASES
5,Кредитная карта,133188.79,True,LARGE_PURCHASES
6,Кредитная карта,151489.24266666666,True,LARGE_PURCHASES
7,Кредитная карта,137316.986,True,LARGE_PURCHASES
8,Кредитная карта,166632.9646666667,True,LARGE_PURCHASES
9,Кредитная карта,149744.74533333333,True,LARGE_PURCHASES
10,Кредитная карта,156370.55133333334,True,LARGE_PURCHASES
11,Кредитная карта,158762.914,True,LARGE_PURCHASES
12,Кредитная карта,130915.32200000001,True,LARGE_PURCHASES
13,Кредитная карта,88904.84733333332,True,LARGE_PURCHASES
14,Кредитная карта,103348.89600000001,True,LARGE_PURCHASES
15,Кредитная карта,116290.916,True,LARGE_PURCHASES
16,Кредитная карта,84260.26066666667,True,LARGE_PURCHASES
17,Кредитная карта,109515.18866666668,True,LARGE_PURCHASES
18,Кредитная карта,130309.51866666667,True,LARGE_PURCHASES
19,Кредитная карта,121896.61733333334,True,LARGE_PURCHASES
20,Кредитная карта,125030.95133333335,True,LARGE_PURCHASES
21,Кредитная карта,125685.09066666667,True,LARGE_PURCHASES
22,Кредитная карта,130754.42466666666,True,LARGE_PURCHASES
23,Кредитная карта,130174.91333333333,True,LARGE_PURCHASES
24,Кредитная карта,140123.11933333334,True,LARGE_PURCHASES
25,Кредитная карта,119902.592,True,LARGE_PURCHASES
26,Кредитная карта,133402.32866666667,True,LARGE_PURCHASES
27,Кредитная карта,142481.15333333335,True,LARGE_PURCHASES
28,Кредитная карта,137092.80866666668,True,LARGE_PURCHASES
29,Кредитная карта,151253.522,True,LARGE_PURCHASES
30,Кредитная карта,153289.20266666668,True,LARGE_PURCHASES
31,Кредитная карта,124119.54000000002,True,LARGE_PURCHASES
32,Кредитная карта,181196.48533333334,True,LARGE_PURCHASES
33,Кредитная карта,135231.15000000002,True,LARGE_PURCHASES
34,Депозит,1594.0375,True,HAS_FREE_FUNDS
35,Кредитная карта,175515.6666666667,True,LARGE_PURCHASES
36,Кредитная карта,118355.31533333333,True,LARGE_PURCHASES
37,Кредитная карта,126952.98333333334,True,LARGE_PURCHASES
38,Кредитная карта,163890.96866666665,True,LARGE_PURCHASES
39,Кредитная карта,122978.15333333335,True,LARGE_PURCHASES
40,Кредитная карта,141418.18,True,LARGE_PURCHASES
41,Кредитная карта,139866.01266666665,True,LARGE_PURCHASES
42,Кредитная карта,189137.46600000001,True,LARGE_PURCHASES
43,Кредитная карта,127078.55333333334,True,LARGE_PURCHASES
44,Кредитная карта,125897.25533333333,True,LARGE_PURCHASES
45,Инвестиции,362.76,True,INVEST_POTENTIAL
46,Кредитная карта,125374.62666666668,True,LARGE_PURCHASES
47,Кредитная карта,140488.34133333334,True,LARGE_PURCHASES
48,Кредитная карта,121195.552,True,LARGE_PURCHASES
49,Кредитная карта,151221.704,True,LARGE_PURCHASES
50,Кредитная карта,175513.53866666666,True,LARGE_PURCHASES
51,Кредитная карта,117715.91933333334,True,LARGE_PURCHASES
52,Кредитная карта,172346.80133333337,True,LARGE_PURCHASES
53,Кредитная карта,123977.92066666666,True,LARGE_PURCHASES
54,Кредитная карта,224546.75133333335,True,LARGE_PURCHASES
55,Кредитная карта,159286.2206666667,True,LARGE_PURCHASES
56,Кредитная карта,145485.44733333337,True,LARGE_PURCHASES
57,Кредитная карта,174658.32133333333,True,LARGE_PURCHASES
58,Кредитная карта,135944.75133333332,True,LARGE_PURCHASES
59,Кредитная карта,171192.862,True,LARGE_PURCHASES
60,Кредитная карта,127265.78866666666,True,LARGE_PURCHASES
